{
"type": "FeatureCollection",
"name": "WL_InfrastructureData",
"crs": { "type": "name", "properties": { "name": "urn:ogc:def:crs:OGC:1.3:CRS84" } },
"features": [
{ "type": "Feature", "properties": { "census lot building footprint": 0.16344733385642796, "POP20": 44.0, "infrastructure cost adjusted for footprint ($)": 1116698.4032682392 }, "geometry": { "type": "Polygon", "coordinates": [ [ [ -122.665351999842514, 45.342203999923754 ], [ -122.665255999583096, 45.342808999470009 ], [ -122.665155000199078, 45.343252000084568 ], [ -122.664078000123482, 45.343083999479894 ], [ -122.664023000770186, 45.343065999814002 ], [ -122.663977999666045, 45.343043999653347 ], [ -122.663935999833257, 45.343013000273416 ], [ -122.663902000396391, 45.342977000259332 ], [ -122.663871999360836, 45.342915000146327 ], [ -122.66386700023628, 45.342852999965459 ], [ -122.663878000106905, 45.342811999849332 ], [ -122.663894999825359, 45.342565000292169 ], [ -122.663894999825359, 45.342244999848845 ], [ -122.663908999170758, 45.342087999682256 ], [ -122.663960000122685, 45.341929000690563 ], [ -122.664042999963343, 45.34175300068236 ], [ -122.665097999399336, 45.341932999995578 ], [ -122.665165000244826, 45.341954999956592 ], [ -122.665223999796041, 45.34198600054723 ], [ -122.665274000024752, 45.342023000068984 ], [ -122.665310000009725, 45.342063000616911 ], [ -122.665345000169864, 45.342133999752001 ], [ -122.665351999842514, 45.342203999923754 ] ] ] } },
{ "type": "Feature", "properties": { "census lot building footprint": 0.1550289990195369, "POP20": 39.0, "infrastructure cost adjusted for footprint ($)": 1445868.8700239237 }, "geometry": { "type": "Polygon", "coordinates": [ [ [ -122.666986000310089, 45.343773000138427 ], [ -122.666972999891271, 45.344322000090848 ], [ -122.666579000604287, 45.344211999748325 ], [ -122.665900999838556, 45.343996000106792 ], [ -122.665083000229046, 45.343780000272552 ], [ -122.665155000199078, 45.343252000084568 ], [ -122.665255999583096, 45.342808999470009 ], [ -122.665877000447395, 45.342848999462653 ], [ -122.666248000168167, 45.34287799994474 ], [ -122.666337999681545, 45.342903000544347 ], [ -122.666442000336943, 45.342963999283974 ], [ -122.666946000127112, 45.342963999283967 ], [ -122.666989999609712, 45.343614999677335 ], [ -122.666986000310089, 45.343773000138427 ] ] ] } },
{ "type": "Feature", "properties": { "census lot building footprint": 0.085138979462776931, "POP20": 30.0, "infrastructure cost adjusted for footprint ($)": 1883256.5647577257 }, "geometry": { "type": "Polygon", "coordinates": [ [ [ -122.668835999789351, 45.344179000172076 ], [ -122.668720000336691, 45.344311999724162 ], [ -122.66832299977834, 45.344768999966817 ], [ -122.667629000017399, 45.344543999695006 ], [ -122.666972999891271, 45.344322000090848 ], [ -122.666986000310089, 45.343773000138427 ], [ -122.666989999609712, 45.343614999677335 ], [ -122.667270999817106, 45.343623000574453 ], [ -122.667425999627795, 45.343655999843357 ], [ -122.668721999986531, 45.34403899957497 ], [ -122.668781000436056, 45.344072000495572 ], [ -122.668821000619062, 45.344119999791268 ], [ -122.668835999789351, 45.344179000172076 ] ] ] } },
{ "type": "Feature", "properties": { "census lot building footprint": 0.16502207709613115, "POP20": 214.0, "infrastructure cost adjusted for footprint ($)": 6544359.8443167405 }, "geometry": { "type": "Polygon", "coordinates": [ [ [ -122.66695199997487, 45.345896000051688 ], [ -122.666942999754056, 45.346298999817954 ], [ -122.666940000279325, 45.347646999764528 ], [ -122.666891999700425, 45.34763299982049 ], [ -122.666127000692683, 45.347292000519239 ], [ -122.665116000739289, 45.346841000141538 ], [ -122.665010000434123, 45.346797000220285 ], [ -122.663666000394812, 45.346278000347453 ], [ -122.663182000696153, 45.34612000056417 ], [ -122.663165000079388, 45.344677000283625 ], [ -122.663172999576986, 45.343458000152999 ], [ -122.66457299969278, 45.343701000422577 ], [ -122.665083000229046, 45.343780000272552 ], [ -122.665900999838556, 45.343996000106792 ], [ -122.666579000604287, 45.344211999748325 ], [ -122.666972999891271, 45.344322000090848 ], [ -122.66695199997487, 45.345896000051688 ] ] ] } },
{ "type": "Feature", "properties": { "census lot building footprint": 0.20950294234731928, "POP20": 48.0, "infrastructure cost adjusted for footprint ($)": 1220160.6738637045 }, "geometry": { "type": "Polygon", "coordinates": [ [ [ -122.670332999989483, 45.346755999803733 ], [ -122.670163999935127, 45.346821000296387 ], [ -122.66993399978135, 45.346868999786629 ], [ -122.669788000191446, 45.346880000387564 ], [ -122.669622999436726, 45.346868999786651 ], [ -122.669445000059767, 45.346812999851259 ], [ -122.669126000217588, 45.346650999433038 ], [ -122.668660999887152, 45.346394000211276 ], [ -122.668229000067072, 45.346247999647318 ], [ -122.668236000638046, 45.345652000288695 ], [ -122.668217999298051, 45.345517999386665 ], [ -122.668383000052842, 45.345520999622394 ], [ -122.66848300051025, 45.345529000250124 ], [ -122.668647999468362, 45.345556000466246 ], [ -122.668834000139512, 45.345634000176581 ], [ -122.669293999548756, 45.345906000138569 ], [ -122.669515000380002, 45.346021000063686 ], [ -122.669936999256038, 45.34625299997559 ], [ -122.670133999797898, 45.346353000134208 ], [ -122.670321000293939, 45.346510000468776 ], [ -122.670358000103832, 45.346661000017896 ], [ -122.670332999989483, 45.346755999803733 ] ] ] } },
{ "type": "Feature", "properties": { "census lot building footprint": 0.16107582450415772, "POP20": 59.0, "infrastructure cost adjusted for footprint ($)": 2024477.7956615249 }, "geometry": { "type": "Polygon", "coordinates": [ [ [ -122.670815000038345, 45.346602000329824 ], [ -122.670332999989483, 45.346755999803733 ], [ -122.670358000103832, 45.346661000017896 ], [ -122.670321000293939, 45.346510000468776 ], [ -122.670133999797898, 45.346353000134208 ], [ -122.669936999256038, 45.34625299997559 ], [ -122.669515000380002, 45.346021000063686 ], [ -122.669293999548756, 45.345906000138569 ], [ -122.668834000139512, 45.345634000176581 ], [ -122.668647999468362, 45.345556000466246 ], [ -122.66848300051025, 45.345529000250124 ], [ -122.668383000052842, 45.345520999622394 ], [ -122.668217999298051, 45.345517999386665 ], [ -122.668326000151396, 45.345273999888498 ], [ -122.668547000084359, 45.345061000139552 ], [ -122.668693999499112, 45.344954999693165 ], [ -122.668725999286181, 45.344970000387811 ], [ -122.66897300005671, 45.3450889994024 ], [ -122.669337999929681, 45.345284999536595 ], [ -122.669736000312938, 45.345511000098853 ], [ -122.671138999903462, 45.346291999995302 ], [ -122.670815000038345, 45.346602000329824 ] ] ] } },
{ "type": "Feature", "properties": { "census lot building footprint": 0.05320119263930935, "POP20": 98.0, "infrastructure cost adjusted for footprint ($)": 8889443.2718607206 }, "geometry": { "type": "Polygon", "coordinates": [ [ [ -122.677413999860974, 45.348728000277788 ], [ -122.677389999571531, 45.349077999908765 ], [ -122.677384999548678, 45.349137000172711 ], [ -122.677376000226161, 45.349277000157031 ], [ -122.677238000133883, 45.349875999863741 ], [ -122.67711599993514, 45.350197000097296 ], [ -122.677083000323194, 45.350237999284062 ], [ -122.67682499968204, 45.350058000493043 ], [ -122.676762999757713, 45.350018000543635 ], [ -122.676435999519583, 45.349809999719902 ], [ -122.67273900003579, 45.347317999847704 ], [ -122.671587000515416, 45.346541999888437 ], [ -122.671138999903462, 45.346291999995302 ], [ -122.669736000312938, 45.345511000098853 ], [ -122.669337999929681, 45.345284999536595 ], [ -122.66897300005671, 45.3450889994024 ], [ -122.668725999286181, 45.344970000387811 ], [ -122.668693999499112, 45.344954999693165 ], [ -122.66832299977834, 45.344768999966817 ], [ -122.668720000336691, 45.344311999724162 ], [ -122.668835999789351, 45.344179000172076 ], [ -122.668821000619062, 45.344119999791268 ], [ -122.668781000436056, 45.344072000495572 ], [ -122.668721999986531, 45.34403899957497 ], [ -122.667425999627795, 45.343655999843357 ], [ -122.667270999817106, 45.343623000574453 ], [ -122.666989999609712, 45.343614999677335 ], [ -122.666946000127112, 45.342963999283967 ], [ -122.666442000336943, 45.342963999283974 ], [ -122.666337999681545, 45.342903000544347 ], [ -122.666248000168167, 45.34287799994474 ], [ -122.665877000447395, 45.342848999462653 ], [ -122.665255999583096, 45.342808999470009 ], [ -122.665351999842514, 45.342203999923754 ], [ -122.665345000169864, 45.342133999752001 ], [ -122.665310000009725, 45.342063000616911 ], [ -122.665274000024752, 45.342023000068984 ], [ -122.665223999796041, 45.34198600054723 ], [ -122.665165000244826, 45.341954999956592 ], [ -122.665097999399336, 45.341932999995578 ], [ -122.664042999963343, 45.34175300068236 ], [ -122.663898000198387, 45.341715000206968 ], [ -122.663760000106166, 45.341696999474401 ], [ -122.66320199988931, 45.341690000345558 ], [ -122.663212999759963, 45.341153999625661 ], [ -122.663223000704022, 45.34083200035564 ], [ -122.663733999268558, 45.340644999546846 ], [ -122.663924999962617, 45.340660000120721 ], [ -122.664375000224396, 45.3408740001721 ], [ -122.665474000041286, 45.341530000087047 ], [ -122.66662599956166, 45.342029999788082 ], [ -122.666816999357394, 45.34212499976875 ], [ -122.666964000568768, 45.342228000052913 ], [ -122.667136999922803, 45.342350000183835 ], [ -122.667747000018167, 45.34258300011733 ], [ -122.669250000066114, 45.343502000144028 ], [ -122.669799999887047, 45.343918000665077 ], [ -122.670943999909767, 45.344977999830697 ], [ -122.672965999816498, 45.346679999861557 ], [ -122.673293999879576, 45.346892999832228 ], [ -122.67369799921228, 45.347011999855177 ], [ -122.674301000533305, 45.347041999519078 ], [ -122.674919000126266, 45.34704599972558 ], [ -122.675414999520484, 45.347103000112433 ], [ -122.675888000246815, 45.347214000568087 ], [ -122.676262000340628, 45.347340000241452 ], [ -122.676864999864989, 45.347636999985234 ], [ -122.677093999295565, 45.34780099955217 ], [ -122.67727699959363, 45.347999999870765 ], [ -122.677383000797164, 45.348225000295557 ], [ -122.677408000013187, 45.348630999966389 ], [ -122.677413999860974, 45.348728000277788 ] ] ] } },
{ "type": "Feature", "properties": { "census lot building footprint": 0.068906037865212655, "POP20": 154.0, "infrastructure cost adjusted for footprint ($)": 10980892.548579482 }, "geometry": { "type": "Polygon", "coordinates": [ [ [ -122.676475999702546, 45.350073999833562 ], [ -122.676418999801172, 45.350242999891186 ], [ -122.676307000546473, 45.350368000404842 ], [ -122.674984000423592, 45.350046999878472 ], [ -122.674029999473305, 45.349786000279813 ], [ -122.67072899982459, 45.348790000337701 ], [ -122.668468000441663, 45.348107000330195 ], [ -122.666940000279325, 45.347646999764528 ], [ -122.666942999754056, 45.346298999817954 ], [ -122.66695199997487, 45.345896000051688 ], [ -122.666972999891271, 45.344322000090848 ], [ -122.667629000017399, 45.344543999695006 ], [ -122.66832299977834, 45.344768999966817 ], [ -122.668693999499112, 45.344954999693165 ], [ -122.668547000084359, 45.345061000139552 ], [ -122.668326000151396, 45.345273999888498 ], [ -122.668217999298051, 45.345517999386665 ], [ -122.668236000638046, 45.345652000288695 ], [ -122.668229000067072, 45.346247999647318 ], [ -122.668660999887152, 45.346394000211276 ], [ -122.669126000217588, 45.346650999433038 ], [ -122.669445000059767, 45.346812999851259 ], [ -122.669622999436726, 45.346868999786651 ], [ -122.669788000191446, 45.346880000387564 ], [ -122.66993399978135, 45.346868999786629 ], [ -122.670163999935127, 45.346821000296387 ], [ -122.670332999989483, 45.346755999803733 ], [ -122.670815000038345, 45.346602000329824 ], [ -122.671138999903462, 45.346291999995302 ], [ -122.671587000515416, 45.346541999888437 ], [ -122.67273900003579, 45.347317999847704 ], [ -122.676435999519583, 45.349809999719902 ], [ -122.676475999702546, 45.350073999833562 ] ] ] } },
{ "type": "Feature", "properties": { "census lot building footprint": 0.20338647705336693, "POP20": 35.0, "infrastructure cost adjusted for footprint ($)": 1120109.2827280611 }, "geometry": { "type": "Polygon", "coordinates": [ [ [ -122.673817999761212, 45.350158000242772 ], [ -122.672558000285804, 45.349804000334352 ], [ -122.671943999992493, 45.349620000138692 ], [ -122.671750999648637, 45.349576999859231 ], [ -122.671424000308804, 45.349559999739725 ], [ -122.670705000433486, 45.349561999754087 ], [ -122.67072899982459, 45.348790000337701 ], [ -122.674029999473305, 45.349786000279813 ], [ -122.673817999761212, 45.350158000242772 ] ] ] } },
{ "type": "Feature", "properties": { "census lot building footprint": 0.24622169813345446, "POP20": 64.0, "infrastructure cost adjusted for footprint ($)": 764792.86626780615 }, "geometry": { "type": "Polygon", "coordinates": [ [ [ -122.673639999485985, 45.350397999552712 ], [ -122.673459000634296, 45.350560999968877 ], [ -122.673264000640629, 45.350667999374899 ], [ -122.673062999900893, 45.350734999767283 ], [ -122.672944000075205, 45.350761000039547 ], [ -122.672819000401716, 45.350782000372106 ], [ -122.672506000407282, 45.350795000183318 ], [ -122.67222000017702, 45.350798000139299 ], [ -122.671930999573704, 45.350807000006327 ], [ -122.671684000599825, 45.350792000227123 ], [ -122.671487000058022, 45.350764999351959 ], [ -122.671298000810424, 45.35071100008814 ], [ -122.671193000330135, 45.350668999362476 ], [ -122.670967000374318, 45.350490000670248 ], [ -122.670869999391627, 45.350397999552705 ], [ -122.670756999413697, 45.35023299993918 ], [ -122.670739999695286, 45.350139999669572 ], [ -122.670711000281273, 45.349895999892134 ], [ -122.670705000433486, 45.349561999754087 ], [ -122.671424000308804, 45.349559999739725 ], [ -122.671750999648637, 45.349576999859231 ], [ -122.671943999992493, 45.349620000138692 ], [ -122.672558000285804, 45.349804000334352 ], [ -122.673817999761212, 45.350158000242772 ], [ -122.673639999485985, 45.350397999552712 ] ] ] } },
{ "type": "Feature", "properties": { "census lot building footprint": 0.13754382926371936, "POP20": 547.0, "infrastructure cost adjusted for footprint ($)": 20313773.221911132 }, "geometry": { "type": "Polygon", "coordinates": [ [ [ -122.676963999599181, 45.350388000259343 ], [ -122.676514000235699, 45.350716000022118 ], [ -122.676453000136334, 45.350771999884024 ], [ -122.675827000147436, 45.351349999437687 ], [ -122.67525500058521, 45.351878999815895 ], [ -122.674987999723228, 45.35206600013197 ], [ -122.674674999728779, 45.352210999617547 ], [ -122.67436199973433, 45.352290999544756 ], [ -122.674033999671252, 45.352322000156882 ], [ -122.673642000034121, 45.352318000323244 ], [ -122.673591999805382, 45.352318000323265 ], [ -122.673149000114634, 45.352276000158888 ], [ -122.67268999963197, 45.352207999736464 ], [ -122.67268899980705, 45.352101000085362 ], [ -122.67268899980705, 45.352070000614759 ], [ -122.670667999725254, 45.351479999898203 ], [ -122.670541999328577, 45.351478999924929 ], [ -122.670346999334939, 45.351481000502766 ], [ -122.670030000040811, 45.351483000449164 ], [ -122.669935999431146, 45.351483000449164 ], [ -122.66982299945326, 45.35148500039552 ], [ -122.66982299945326, 45.351510999691939 ], [ -122.669826999651207, 45.351582000234949 ], [ -122.669707000000628, 45.351601000320684 ], [ -122.669448999359446, 45.351678000569706 ], [ -122.669252999540888, 45.351803999775512 ], [ -122.669131000240455, 45.35194899993234 ], [ -122.669024000110312, 45.352265000606671 ], [ -122.669028000308288, 45.352323999442362 ], [ -122.669129000590615, 45.352655000468765 ], [ -122.669221999578724, 45.352853999503694 ], [ -122.669239000195461, 45.352893000025588 ], [ -122.669294999373648, 45.353026999882125 ], [ -122.669324000584282, 45.353082000037624 ], [ -122.669607999368111, 45.353423999747513 ], [ -122.669404000051912, 45.353423999747513 ], [ -122.668521999969983, 45.353429000073092 ], [ -122.667228000159398, 45.353437999521773 ], [ -122.667364999528459, 45.354097000083584 ], [ -122.667392000190929, 45.354234000650798 ], [ -122.667489000275339, 45.35423599986872 ], [ -122.667620999621477, 45.354238999642313 ], [ -122.667824000011066, 45.354239999566801 ], [ -122.668183999861171, 45.354239999566786 ], [ -122.668078000454301, 45.355085000155171 ], [ -122.66889000021601, 45.355714000373879 ], [ -122.668919999454943, 45.355691000179931 ], [ -122.668979999729387, 45.355577000233339 ], [ -122.66893800079491, 45.355506999554258 ], [ -122.669097999730155, 45.355368999639346 ], [ -122.669219000103979, 45.3554529997649 ], [ -122.669263000484904, 45.355354999711516 ], [ -122.669426999618153, 45.355380000482 ], [ -122.669503000684429, 45.355430999999555 ], [ -122.669701999977761, 45.355580999836619 ], [ -122.66960499989338, 45.355791000076898 ], [ -122.669267000682879, 45.356579999858468 ], [ -122.669093000605613, 45.357022000137611 ], [ -122.668975000604817, 45.357489000590412 ], [ -122.66897300005671, 45.35750600022196 ], [ -122.668969999683654, 45.35753799973736 ], [ -122.66873500040532, 45.357630999843671 ], [ -122.668707999742793, 45.357473999426013 ], [ -122.668675999955767, 45.357342999608591 ], [ -122.668621000602499, 45.357191000278796 ], [ -122.668505000251542, 45.356942000585761 ], [ -122.668410000715326, 45.356750999817542 ], [ -122.668270000074912, 45.356468000210619 ], [ -122.668176000363587, 45.356256000180082 ], [ -122.668121999936901, 45.356154000061068 ], [ -122.668047999418746, 45.35606100005225 ], [ -122.667955000430624, 45.355983000191699 ], [ -122.667815999615144, 45.355892000323664 ], [ -122.667343999612058, 45.355649999893352 ], [ -122.666779999547444, 45.355317000160461 ], [ -122.666531000025415, 45.355194999568795 ], [ -122.665580000346509, 45.354828000089192 ], [ -122.665471999493164, 45.354801999791505 ], [ -122.665340000146998, 45.354747000045158 ], [ -122.664956000007436, 45.354526000605532 ], [ -122.66419500029933, 45.353957999957117 ], [ -122.663878000106905, 45.35378500053082 ], [ -122.663411999951634, 45.353334000123851 ], [ -122.663150000010774, 45.352994999709665 ], [ -122.663395000233166, 45.352889000232317 ], [ -122.663508000211067, 45.352852999554706 ], [ -122.663578999457869, 45.352836999737178 ], [ -122.66366399984669, 45.352826000294023 ], [ -122.663750000060404, 45.352822999814251 ], [ -122.663825000403463, 45.352826000294023 ], [ -122.66396999927008, 45.352848000440787 ], [ -122.664104999887641, 45.352890999497696 ], [ -122.664215000390811, 45.352947000364033 ], [ -122.664348000460208, 45.3530410003859 ], [ -122.664430000475974, 45.353077000312631 ], [ -122.664482000354511, 45.353092000117542 ], [ -122.664536999707778, 45.35310100025108 ], [ -122.664591999959356, 45.353104000716094 ], [ -122.664648000035839, 45.353102000195669 ], [ -122.664723000378942, 45.353090999541486 ], [ -122.664786999953037, 45.353071999955908 ], [ -122.664845999504266, 45.353045000168457 ], [ -122.664897000456193, 45.353012000060019 ], [ -122.664939000288996, 45.352971999673187 ], [ -122.664971000076051, 45.352928999415212 ], [ -122.664992999817329, 45.352876999588133 ], [ -122.665000999314941, 45.35282800019295 ], [ -122.664961999855208, 45.352344999826265 ], [ -122.664947999611513, 45.352303000313192 ], [ -122.664925000045301, 45.352263000056567 ], [ -122.664897000456193, 45.352229999492124 ], [ -122.664858999923041, 45.35219700017106 ], [ -122.664813999717211, 45.352167999412671 ], [ -122.664755999990874, 45.352142000418091 ], [ -122.664694000066604, 45.352124000475818 ], [ -122.664627000119467, 45.35211399959357 ], [ -122.66386899988612, 45.352128000323226 ], [ -122.663772999626616, 45.352116000148918 ], [ -122.663683999938158, 45.352077999685591 ], [ -122.663635999359286, 45.352031999489171 ], [ -122.663175999950042, 45.351419000234017 ], [ -122.665751000050733, 45.351385000465115 ], [ -122.666436000489199, 45.351354999946516 ], [ -122.666928000583766, 45.351334999802368 ], [ -122.666941000104217, 45.351663999728764 ], [ -122.666966000218579, 45.351796000665949 ], [ -122.667007000226477, 45.351870000119334 ], [ -122.667047999336035, 45.351923000205822 ], [ -122.667116999831336, 45.351972000384585 ], [ -122.667234999832075, 45.351880999748325 ], [ -122.667391000366038, 45.351777999351114 ], [ -122.667514000389673, 45.351682999786952 ], [ -122.667656999606507, 45.351590999977333 ], [ -122.667905000201912, 45.351455999903614 ], [ -122.668130000332795, 45.351358999848266 ], [ -122.668167000142745, 45.351316999603497 ], [ -122.668179999663224, 45.351251000508668 ], [ -122.668188999884038, 45.349980000565552 ], [ -122.668178000013384, 45.349931999925452 ], [ -122.66815700009704, 45.349884000507267 ], [ -122.668111999891138, 45.349853999824354 ], [ -122.668042000469313, 45.349825000390638 ], [ -122.66697200006638, 45.349848999814206 ], [ -122.666949000500139, 45.349612000089188 ], [ -122.666946000127112, 45.349011999465681 ], [ -122.666940000279325, 45.347646999764528 ], [ -122.668468000441663, 45.348107000330195 ], [ -122.67072899982459, 45.348790000337701 ], [ -122.670705000433486, 45.349561999754087 ], [ -122.670711000281273, 45.349895999892134 ], [ -122.670739999695286, 45.350139999669572 ], [ -122.670756999413697, 45.35023299993918 ], [ -122.670869999391627, 45.350397999552705 ], [ -122.670967000374318, 45.350490000670248 ], [ -122.671193000330135, 45.350668999362476 ], [ -122.671298000810424, 45.35071100008814 ], [ -122.671487000058022, 45.350764999351959 ], [ -122.671684000599825, 45.350792000227123 ], [ -122.671930999573704, 45.350807000006327 ], [ -122.67222000017702, 45.350798000139299 ], [ -122.672506000407282, 45.350795000183318 ], [ -122.672819000401716, 45.350782000372106 ], [ -122.672944000075205, 45.350761000039547 ], [ -122.673062999900893, 45.350734999767283 ], [ -122.673264000640629, 45.350667999374899 ], [ -122.673459000634296, 45.350560999968877 ], [ -122.673639999485985, 45.350397999552712 ], [ -122.673817999761212, 45.350158000242772 ], [ -122.674029999473305, 45.349786000279813 ], [ -122.674984000423592, 45.350046999878472 ], [ -122.676307000546473, 45.350368000404842 ], [ -122.676418999801172, 45.350242999891186 ], [ -122.676475999702546, 45.350073999833562 ], [ -122.676435999519583, 45.349809999719902 ], [ -122.676762999757713, 45.350018000543635 ], [ -122.67682499968204, 45.350058000493043 ], [ -122.677083000323194, 45.350237999284062 ], [ -122.676963999599181, 45.350388000259343 ] ] ] } },
{ "type": "Feature", "properties": { "census lot building footprint": 0.20072775564083814, "POP20": 41.0, "infrastructure cost adjusted for footprint ($)": 1770173.5926755429 }, "geometry": { "type": "Polygon", "coordinates": [ [ [ -122.668179999663224, 45.351251000508668 ], [ -122.668167000142745, 45.351316999603497 ], [ -122.668130000332795, 45.351358999848266 ], [ -122.667905000201912, 45.351455999903614 ], [ -122.667656999606507, 45.351590999977333 ], [ -122.667514000389673, 45.351682999786952 ], [ -122.667391000366038, 45.351777999351114 ], [ -122.667234999832075, 45.351880999748325 ], [ -122.667116999831336, 45.351972000384585 ], [ -122.667047999336035, 45.351923000205822 ], [ -122.667007000226477, 45.351870000119334 ], [ -122.666966000218579, 45.351796000665949 ], [ -122.666941000104217, 45.351663999728764 ], [ -122.666928000583766, 45.351334999802368 ], [ -122.666957999822657, 45.350489000679524 ], [ -122.66697200006638, 45.349848999814206 ], [ -122.668042000469313, 45.349825000390638 ], [ -122.668111999891138, 45.349853999824354 ], [ -122.66815700009704, 45.349884000507267 ], [ -122.668178000013384, 45.349931999925452 ], [ -122.668188999884038, 45.349980000565552 ], [ -122.668179999663224, 45.351251000508668 ] ] ] } },
{ "type": "Feature", "properties": { "census lot building footprint": 0.15066812229471491, "POP20": 291.0, "infrastructure cost adjusted for footprint ($)": 8271172.2655369202 }, "geometry": { "type": "Polygon", "coordinates": [ [ [ -122.666957999822657, 45.350489000679524 ], [ -122.666928000583766, 45.351334999802368 ], [ -122.666436000489199, 45.351354999946516 ], [ -122.665751000050733, 45.351385000465115 ], [ -122.663175999950042, 45.351419000234017 ], [ -122.663185000170856, 45.351045999739853 ], [ -122.663176999774961, 45.350673999931544 ], [ -122.663174000300202, 45.35005299986959 ], [ -122.663168999379039, 45.348511000164685 ], [ -122.663162000604643, 45.348010000217265 ], [ -122.663160999881441, 45.347478000163143 ], [ -122.663185999995775, 45.347119999707161 ], [ -122.663182000696153, 45.34612000056417 ], [ -122.663666000394812, 45.346278000347453 ], [ -122.665010000434123, 45.346797000220285 ], [ -122.665116000739289, 45.346841000141538 ], [ -122.666127000692683, 45.347292000519239 ], [ -122.666891999700425, 45.34763299982049 ], [ -122.666940000279325, 45.347646999764528 ], [ -122.666946000127112, 45.349011999465681 ], [ -122.666949000500139, 45.349612000089188 ], [ -122.66697200006638, 45.349848999814206 ], [ -122.666957999822657, 45.350489000679524 ] ] ] } },
{ "type": "Feature", "properties": { "census lot building footprint": 0.16664111366967671, "POP20": 39.0, "infrastructure cost adjusted for footprint ($)": 1050711.8479289669 }, "geometry": { "type": "Polygon", "coordinates": [ [ [ -122.664992999817329, 45.352876999588133 ], [ -122.664971000076051, 45.352928999415212 ], [ -122.664939000288996, 45.352971999673187 ], [ -122.664897000456193, 45.353012000060019 ], [ -122.664845999504266, 45.353045000168457 ], [ -122.664786999953037, 45.353071999955908 ], [ -122.664723000378942, 45.353090999541486 ], [ -122.664648000035839, 45.353102000195669 ], [ -122.664591999959356, 45.353104000716094 ], [ -122.664536999707778, 45.35310100025108 ], [ -122.664482000354511, 45.353092000117542 ], [ -122.664430000475974, 45.353077000312631 ], [ -122.664348000460208, 45.3530410003859 ], [ -122.664215000390811, 45.352947000364033 ], [ -122.664104999887641, 45.352890999497696 ], [ -122.66396999927008, 45.352848000440787 ], [ -122.663825000403463, 45.352826000294023 ], [ -122.663750000060404, 45.352822999814251 ], [ -122.66366399984669, 45.352826000294023 ], [ -122.663578999457869, 45.352836999737178 ], [ -122.663508000211067, 45.352852999554706 ], [ -122.663395000233166, 45.352889000232317 ], [ -122.663150000010774, 45.352994999709665 ], [ -122.662141999532153, 45.35170499974673 ], [ -122.662367000561375, 45.351664999698748 ], [ -122.662776000815299, 45.351561000199226 ], [ -122.663175999950042, 45.351419000234017 ], [ -122.663635999359286, 45.352031999489171 ], [ -122.663683999938158, 45.352077999685591 ], [ -122.663772999626616, 45.352116000148918 ], [ -122.66386899988612, 45.352128000323226 ], [ -122.664627000119467, 45.35211399959357 ], [ -122.664694000066604, 45.352124000475818 ], [ -122.664755999990874, 45.352142000418091 ], [ -122.664813999717211, 45.352167999412671 ], [ -122.664858999923041, 45.35219700017106 ], [ -122.664897000456193, 45.352229999492124 ], [ -122.664925000045301, 45.352263000056567 ], [ -122.664947999611513, 45.352303000313192 ], [ -122.664961999855208, 45.352344999826265 ], [ -122.665000999314941, 45.35282800019295 ], [ -122.664992999817329, 45.352876999588133 ] ] ] } },
{ "type": "Feature", "properties": { "census lot building footprint": 0.23421684907092205, "POP20": 388.0, "infrastructure cost adjusted for footprint ($)": 5814689.8937067008 }, "geometry": { "type": "Polygon", "coordinates": [ [ [ -122.659866000080541, 45.353368999924392 ], [ -122.659567000329801, 45.353776999807444 ], [ -122.659456999826617, 45.353920000099244 ], [ -122.659376000534081, 45.35408999996281 ], [ -122.659300000366102, 45.354194000496463 ], [ -122.65893799996789, 45.354399999884571 ], [ -122.658758000042795, 45.354429000130445 ], [ -122.658505000322805, 45.354454000047546 ], [ -122.657896999877238, 45.354490999626783 ], [ -122.657628000263742, 45.354480999794077 ], [ -122.657196000443605, 45.354382000029219 ], [ -122.656750999306368, 45.354311000473849 ], [ -122.656607000264643, 45.354155000239793 ], [ -122.656459999951551, 45.353712999661354 ], [ -122.656109999248869, 45.353083000613857 ], [ -122.656076999636895, 45.352940000100951 ], [ -122.656054000070682, 45.352887000335585 ], [ -122.656007000214998, 45.352817000116758 ], [ -122.655938999544674, 45.352758999851844 ], [ -122.655847000381456, 45.3527030000621 ], [ -122.655736999878286, 45.352646000264286 ], [ -122.655641999443759, 45.352603999712031 ], [ -122.655550000280542, 45.352573000516912 ], [ -122.655572999846754, 45.352402999884163 ], [ -122.655570000372037, 45.352205000486464 ], [ -122.655572999846754, 45.35210499993434 ], [ -122.655608999831756, 45.350818000473197 ], [ -122.657004999749574, 45.351502000568161 ], [ -122.65773299984572, 45.351882999680633 ], [ -122.657981999367777, 45.351965999965564 ], [ -122.658221999567317, 45.351981000064924 ], [ -122.658541000307807, 45.351970000455374 ], [ -122.658538999759685, 45.352103000009883 ], [ -122.65857399991981, 45.352255999708916 ], [ -122.658739999601138, 45.352421999694307 ], [ -122.659040000075109, 45.352676999419437 ], [ -122.659374999810879, 45.353086999762134 ], [ -122.659447999605803, 45.353144999690926 ], [ -122.659545999515089, 45.353213000250065 ], [ -122.659675000284835, 45.353285999803184 ], [ -122.659812999478774, 45.353348999860671 ], [ -122.659866000080541, 45.353368999924392 ] ] ] } },
{ "type": "Feature", "properties": { "census lot building footprint": 0.13137967584546564, "POP20": 479.0, "infrastructure cost adjusted for footprint ($)": 24707961.91257729 }, "geometry": { "type": "Polygon", "coordinates": [ [ [ -122.663185000170856, 45.351045999739853 ], [ -122.663175999950042, 45.351419000234017 ], [ -122.662776000815299, 45.351561000199226 ], [ -122.662367000561375, 45.351664999698748 ], [ -122.662141999532153, 45.35170499974673 ], [ -122.66167600027515, 45.351731000204666 ], [ -122.661277999891851, 45.351740999892016 ], [ -122.660857999767316, 45.351362000405643 ], [ -122.66033399988568, 45.3509360004686 ], [ -122.65981599985183, 45.350534999604719 ], [ -122.658783999982063, 45.349833999781104 ], [ -122.657345000406536, 45.349030999782862 ], [ -122.656970999414384, 45.348838000052311 ], [ -122.656377999935813, 45.348574000486884 ], [ -122.655767999840421, 45.348326000156135 ], [ -122.655458000219028, 45.348208000401328 ], [ -122.655040999569195, 45.348057999961966 ], [ -122.654305999800343, 45.347808999857676 ], [ -122.654089999890274, 45.347749000064312 ], [ -122.653755999979467, 45.347677000354601 ], [ -122.653482000343047, 45.347631999779225 ], [ -122.652955999913274, 45.347546000586455 ], [ -122.652729000132567, 45.347505000081064 ], [ -122.651859999571116, 45.347386000463196 ], [ -122.651829000507291, 45.346796000164275 ], [ -122.651830000332211, 45.346649999374478 ], [ -122.651833000705238, 45.345935999757266 ], [ -122.652042999869209, 45.345949999489704 ], [ -122.654625999467527, 45.34518799963876 ], [ -122.655612000204812, 45.344912000289334 ], [ -122.657211000512234, 45.344453999840951 ], [ -122.656787000189709, 45.343747999922989 ], [ -122.657749999564174, 45.343475999694284 ], [ -122.658178000084661, 45.344185000153857 ], [ -122.658301999933215, 45.344388999787235 ], [ -122.659394000077427, 45.344876999678647 ], [ -122.659383999133368, 45.345544000161354 ], [ -122.659403999224878, 45.346161000178682 ], [ -122.659415999818748, 45.347374999960678 ], [ -122.659374999810879, 45.348569999757025 ], [ -122.659380000732028, 45.348641999593525 ], [ -122.65987899960102, 45.348638999523217 ], [ -122.660345999581239, 45.348621999753348 ], [ -122.66076099968295, 45.348590000246887 ], [ -122.661282000089855, 45.3485519999414 ], [ -122.661918000124473, 45.348538000221161 ], [ -122.663168999379039, 45.348511000164685 ], [ -122.663174000300202, 45.35005299986959 ], [ -122.663176999774961, 45.350673999931544 ], [ -122.663185000170856, 45.351045999739853 ] ] ] } },
{ "type": "Feature", "properties": { "census lot building footprint": 0.14904459254667257, "POP20": 43.0, "infrastructure cost adjusted for footprint ($)": 341137.60430870304 }, "geometry": { "type": "Polygon", "coordinates": [ [ [ -122.659394000077427, 45.344876999678647 ], [ -122.658301999933215, 45.344388999787235 ], [ -122.658178000084661, 45.344185000153857 ], [ -122.659383999133354, 45.343816000407408 ], [ -122.659394000077427, 45.344876999678647 ] ] ] } },
{ "type": "Feature", "properties": { "census lot building footprint": 0.16509059613942756, "POP20": 63.0, "infrastructure cost adjusted for footprint ($)": 1462378.8140794397 }, "geometry": { "type": "Polygon", "coordinates": [ [ [ -122.66076099968295, 45.348590000246887 ], [ -122.660345999581239, 45.348621999753348 ], [ -122.65987899960102, 45.348638999523217 ], [ -122.659380000732028, 45.348641999593525 ], [ -122.659374999810879, 45.348569999757025 ], [ -122.659415999818748, 45.347374999960678 ], [ -122.659403999224878, 45.346161000178682 ], [ -122.660102999907011, 45.346161000178704 ], [ -122.660195999793402, 45.346168000017506 ], [ -122.660283999656968, 45.34618800009342 ], [ -122.660364999847815, 45.346220999761265 ], [ -122.660428000495315, 45.34626199993393 ], [ -122.660481000198772, 45.346309999898224 ], [ -122.660500999391957, 45.346401000021309 ], [ -122.66049599936909, 45.346532999343211 ], [ -122.660502000115216, 45.346604000448664 ], [ -122.660514000709028, 45.346659999959471 ], [ -122.660535999552039, 45.346716000046278 ], [ -122.660649000428251, 45.346870999896097 ], [ -122.660718000025227, 45.347037000523208 ], [ -122.660730999545706, 45.347634999902908 ], [ -122.660697999933731, 45.347718000104052 ], [ -122.660653999552835, 45.347800999552192 ], [ -122.660630000161703, 45.347867000144653 ], [ -122.660611000793409, 45.347992000223613 ], [ -122.660641000032328, 45.34808300016801 ], [ -122.660698999758651, 45.348185000313457 ], [ -122.660723999873028, 45.348241000154225 ], [ -122.660735999568573, 45.348291999791869 ], [ -122.66076099968295, 45.348590000246887 ] ] ] } },
{ "type": "Feature", "properties": { "census lot building footprint": 0.15133204233270012, "POP20": 138.0, "infrastructure cost adjusted for footprint ($)": 5066046.4117350848 }, "geometry": { "type": "Polygon", "coordinates": [ [ [ -122.663185999995775, 45.347119999707161 ], [ -122.663160999881441, 45.347478000163143 ], [ -122.663162000604643, 45.348010000217265 ], [ -122.663168999379039, 45.348511000164685 ], [ -122.661918000124473, 45.348538000221161 ], [ -122.661282000089855, 45.3485519999414 ], [ -122.66076099968295, 45.348590000246887 ], [ -122.660735999568573, 45.348291999791869 ], [ -122.660723999873028, 45.348241000154225 ], [ -122.660698999758651, 45.348185000313457 ], [ -122.660641000032328, 45.34808300016801 ], [ -122.660611000793409, 45.347992000223613 ], [ -122.660630000161703, 45.347867000144653 ], [ -122.660653999552835, 45.347800999552192 ], [ -122.660697999933731, 45.347718000104052 ], [ -122.660730999545706, 45.347634999902908 ], [ -122.660718000025227, 45.347037000523208 ], [ -122.660649000428251, 45.346870999896097 ], [ -122.660535999552039, 45.346716000046278 ], [ -122.660514000709028, 45.346659999959471 ], [ -122.660502000115216, 45.346604000448664 ], [ -122.66049599936909, 45.346532999343211 ], [ -122.660500999391957, 45.346401000021309 ], [ -122.660481000198772, 45.346309999898224 ], [ -122.660428000495315, 45.34626199993393 ], [ -122.660364999847815, 45.346220999761265 ], [ -122.660283999656968, 45.34618800009342 ], [ -122.660195999793402, 45.346168000017506 ], [ -122.660102999907011, 45.346161000178704 ], [ -122.659403999224878, 45.346161000178682 ], [ -122.659383999133368, 45.345544000161354 ], [ -122.659394000077427, 45.344876999678647 ], [ -122.659446999780883, 45.344899999847875 ], [ -122.660677000017358, 45.345302000308692 ], [ -122.663182000696153, 45.34612000056417 ], [ -122.663185999995775, 45.347119999707161 ] ] ] } },
{ "type": "Feature", "properties": { "census lot building footprint": 0.17626647521775138, "POP20": 120.0, "infrastructure cost adjusted for footprint ($)": 3880515.6429090938 }, "geometry": { "type": "Polygon", "coordinates": [ [ [ -122.663182000696153, 45.34612000056417 ], [ -122.660677000017358, 45.345302000308692 ], [ -122.660658999575702, 45.343783999446821 ], [ -122.660857999767316, 45.343060000345019 ], [ -122.6610119997531, 45.343083999479902 ], [ -122.663172999576986, 45.343458000152999 ], [ -122.663165000079388, 45.344677000283625 ], [ -122.663182000696153, 45.34612000056417 ] ] ] } },
{ "type": "Feature", "properties": { "census lot building footprint": 0.14973591980849174, "POP20": 28.0, "infrastructure cost adjusted for footprint ($)": 2322129.8770236033 }, "geometry": { "type": "Polygon", "coordinates": [ [ [ -122.660658999575702, 45.343783999446821 ], [ -122.660677000017358, 45.345302000308692 ], [ -122.659446999780883, 45.344899999847875 ], [ -122.659394000077427, 45.344876999678647 ], [ -122.659383999133354, 45.343816000407408 ], [ -122.659746000429919, 45.343705999713052 ], [ -122.659360000640561, 45.343022999606816 ], [ -122.659521999225618, 45.342996000076695 ], [ -122.659740999508742, 45.342972999765287 ], [ -122.659904000613679, 45.342966999655061 ], [ -122.660085999290288, 45.342965999531401 ], [ -122.660333000060788, 45.342980000629638 ], [ -122.660550000694059, 45.343007999658937 ], [ -122.660857999767316, 45.343060000345019 ], [ -122.660658999575702, 45.343783999446821 ] ] ] } },
{ "type": "Feature", "properties": { "census lot building footprint": 0.12933115374417686, "POP20": 107.0, "infrastructure cost adjusted for footprint ($)": 4824855.8860004758 }, "geometry": { "type": "Polygon", "coordinates": [ [ [ -122.665083000229046, 45.343780000272552 ], [ -122.66457299969278, 45.343701000422577 ], [ -122.663172999576986, 45.343458000152999 ], [ -122.6610119997531, 45.343083999479902 ], [ -122.660857999767316, 45.343060000345019 ], [ -122.660550000694059, 45.343007999658937 ], [ -122.660333000060788, 45.342980000629638 ], [ -122.660085999290288, 45.342965999531401 ], [ -122.659904000613679, 45.342966999655061 ], [ -122.659740999508742, 45.342972999765287 ], [ -122.659521999225618, 45.342996000076695 ], [ -122.659360000640561, 45.343022999606816 ], [ -122.659110000395302, 45.342563000030566 ], [ -122.658886000089311, 45.342212999894436 ], [ -122.658881999891364, 45.342105000151612 ], [ -122.658902999807765, 45.342074999765586 ], [ -122.658943999815634, 45.342045000626385 ], [ -122.659113999694952, 45.341939999725774 ], [ -122.659178000167358, 45.341920000043295 ], [ -122.659230999870815, 45.341916999616728 ], [ -122.660202000539513, 45.342109999583002 ], [ -122.660921000414831, 45.342030999928269 ], [ -122.661299999633201, 45.34201799999849 ], [ -122.662359999990358, 45.342106999797963 ], [ -122.663191999843576, 45.342178000140635 ], [ -122.66320199988931, 45.341690000345558 ], [ -122.663760000106166, 45.341696999474401 ], [ -122.663898000198387, 45.341715000206968 ], [ -122.664042999963343, 45.34175300068236 ], [ -122.663960000122685, 45.341929000690563 ], [ -122.663908999170758, 45.342087999682256 ], [ -122.663894999825359, 45.342244999848845 ], [ -122.663894999825359, 45.342565000292169 ], [ -122.663878000106905, 45.342811999849332 ], [ -122.66386700023628, 45.342852999965459 ], [ -122.663871999360836, 45.342915000146327 ], [ -122.663902000396391, 45.342977000259332 ], [ -122.663935999833257, 45.343013000273416 ], [ -122.663977999666045, 45.343043999653347 ], [ -122.664023000770186, 45.343065999814002 ], [ -122.664078000123482, 45.343083999479894 ], [ -122.665155000199078, 45.343252000084568 ], [ -122.665083000229046, 45.343780000272552 ] ] ] } },
{ "type": "Feature", "properties": { "census lot building footprint": 0.11325043180033606, "POP20": 121.0, "infrastructure cost adjusted for footprint ($)": 6666625.516849325 }, "geometry": { "type": "Polygon", "coordinates": [ [ [ -122.663212999759963, 45.341153999625661 ], [ -122.66320199988931, 45.341690000345558 ], [ -122.663191999843576, 45.342178000140635 ], [ -122.662359999990358, 45.342106999797963 ], [ -122.661299999633201, 45.34201799999849 ], [ -122.660921000414831, 45.342030999928269 ], [ -122.660913999843856, 45.341836000036885 ], [ -122.660888999729451, 45.341646000209053 ], [ -122.660864000513428, 45.341590000158085 ], [ -122.660831000003157, 45.34154299949747 ], [ -122.660755999660083, 45.34149200009341 ], [ -122.66058499995583, 45.341510000259738 ], [ -122.660300999375409, 45.341530000087062 ], [ -122.660243999474019, 45.34153000008704 ], [ -122.660167999306012, 45.341519000340739 ], [ -122.659315000434717, 45.341334000211837 ], [ -122.659170999596356, 45.341325999622654 ], [ -122.658368000055461, 45.341305000201636 ], [ -122.657234000078446, 45.341659999739562 ], [ -122.657188999872631, 45.341694000298858 ], [ -122.657172000154191, 45.34173200015691 ], [ -122.657165999408079, 45.341768000331257 ], [ -122.65717999965176, 45.341846000209522 ], [ -122.655889000214245, 45.342222000495134 ], [ -122.655658999162185, 45.34184700035302 ], [ -122.655462000417003, 45.341507999960932 ], [ -122.654775000328726, 45.340322000368801 ], [ -122.654684999917052, 45.340214999716679 ], [ -122.654571000114231, 45.340131000337792 ], [ -122.654427999999086, 45.340055000341252 ], [ -122.654259999769607, 45.339985000038233 ], [ -122.654085999692327, 45.339920000536296 ], [ -122.654250000622184, 45.33980599976276 ], [ -122.654442000242753, 45.339692000022545 ], [ -122.654761999909937, 45.339862999862511 ], [ -122.65508700049827, 45.339920999450946 ], [ -122.655120999935136, 45.33992800006132 ], [ -122.656074999987112, 45.339935000039397 ], [ -122.65664700044762, 45.339958000322184 ], [ -122.656960000442041, 45.34000399959686 ], [ -122.657156000260656, 45.340037000343784 ], [ -122.658463000490016, 45.340259999873943 ], [ -122.659736999310795, 45.340446000523343 ], [ -122.660949999828858, 45.340706000087891 ], [ -122.662270999403589, 45.341018999915377 ], [ -122.662299999715898, 45.341026000390023 ], [ -122.662598000540058, 45.341030000390255 ], [ -122.663016999941405, 45.340907999940576 ], [ -122.663223000704022, 45.34083200035564 ], [ -122.663212999759963, 45.341153999625661 ] ] ] } },
{ "type": "Feature", "properties": { "census lot building footprint": 0.20551718401642841, "POP20": 66.0, "infrastructure cost adjusted for footprint ($)": 1886937.4892115451 }, "geometry": { "type": "Polygon", "coordinates": [ [ [ -122.660921000414831, 45.342030999928269 ], [ -122.660202000539513, 45.342109999583002 ], [ -122.659230999870815, 45.341916999616728 ], [ -122.659178000167358, 45.341920000043295 ], [ -122.659113999694952, 45.341939999725774 ], [ -122.658943999815634, 45.342045000626385 ], [ -122.658902999807765, 45.342074999765586 ], [ -122.658881999891364, 45.342105000151612 ], [ -122.658886000089311, 45.342212999894436 ], [ -122.657608999997166, 45.342585999877173 ], [ -122.657406000505915, 45.342228999558195 ], [ -122.65717999965176, 45.341846000209522 ], [ -122.657165999408079, 45.341768000331257 ], [ -122.657172000154191, 45.34173200015691 ], [ -122.657188999872631, 45.341694000298858 ], [ -122.657234000078446, 45.341659999739562 ], [ -122.658368000055461, 45.341305000201636 ], [ -122.659170999596356, 45.341325999622654 ], [ -122.659315000434717, 45.341334000211837 ], [ -122.660167999306012, 45.341519000340739 ], [ -122.660243999474019, 45.34153000008704 ], [ -122.660300999375409, 45.341530000087062 ], [ -122.66058499995583, 45.341510000259738 ], [ -122.660755999660083, 45.34149200009341 ], [ -122.660831000003157, 45.34154299949747 ], [ -122.660864000513428, 45.341590000158085 ], [ -122.660888999729451, 45.341646000209053 ], [ -122.660913999843856, 45.341836000036885 ], [ -122.660921000414831, 45.342030999928269 ] ] ] } },
{ "type": "Feature", "properties": { "census lot building footprint": 0.17646992331851544, "POP20": 22.0, "infrastructure cost adjusted for footprint ($)": 1008289.3641865469 }, "geometry": { "type": "Polygon", "coordinates": [ [ [ -122.659383999133354, 45.343816000407408 ], [ -122.658178000084661, 45.344185000153857 ], [ -122.657749999564174, 45.343475999694284 ], [ -122.658077999627224, 45.343365000116862 ], [ -122.659360000640561, 45.343022999606816 ], [ -122.659746000429919, 45.343705999713052 ], [ -122.659383999133354, 45.343816000407408 ] ] ] } },
{ "type": "Feature", "properties": { "census lot building footprint": 0.15172761420664521, "POP20": 9.0, "infrastructure cost adjusted for footprint ($)": 1092374.1829619431 }, "geometry": { "type": "Polygon", "coordinates": [ [ [ -122.659360000640561, 45.343022999606816 ], [ -122.658077999627224, 45.343365000116862 ], [ -122.657821000607598, 45.34293399998451 ], [ -122.659110000395302, 45.342563000030566 ], [ -122.659360000640561, 45.343022999606816 ] ] ] } },
{ "type": "Feature", "properties": { "census lot building footprint": 0.17428955523041512, "POP20": 8.0, "infrastructure cost adjusted for footprint ($)": 293855.77144899865 }, "geometry": { "type": "Polygon", "coordinates": [ [ [ -122.659110000395302, 45.342563000030566 ], [ -122.657821000607598, 45.34293399998451 ], [ -122.657608999997166, 45.342585999877173 ], [ -122.658886000089311, 45.342212999894436 ], [ -122.659110000395302, 45.342563000030566 ] ] ] } },
{ "type": "Feature", "properties": { "census lot building footprint": 0.17424971123468938, "POP20": 14.0, "infrastructure cost adjusted for footprint ($)": 192069.52413277002 }, "geometry": { "type": "Polygon", "coordinates": [ [ [ -122.657821000607598, 45.34293399998451 ], [ -122.656521999875821, 45.343309999989607 ], [ -122.656310000163728, 45.342967999778701 ], [ -122.657608999997166, 45.342585999877173 ], [ -122.657821000607598, 45.34293399998451 ] ] ] } },
{ "type": "Feature", "properties": { "census lot building footprint": 0.16956217691991418, "POP20": 7.0, "infrastructure cost adjusted for footprint ($)": 736404.33845862094 }, "geometry": { "type": "Polygon", "coordinates": [ [ [ -122.658077999627224, 45.343365000116862 ], [ -122.657749999564174, 45.343475999694284 ], [ -122.656787000189709, 45.343747999922989 ], [ -122.656521999875821, 45.343309999989607 ], [ -122.657821000607598, 45.34293399998451 ], [ -122.658077999627224, 45.343365000116862 ] ] ] } },
{ "type": "Feature", "properties": { "census lot building footprint": 0.15353974706751003, "POP20": 32.0, "infrastructure cost adjusted for footprint ($)": 534439.11981899093 }, "geometry": { "type": "Polygon", "coordinates": [ [ [ -122.657608999997166, 45.342585999877173 ], [ -122.656310000163728, 45.342967999778701 ], [ -122.656107000672449, 45.34260200006694 ], [ -122.657406000505915, 45.342228999558195 ], [ -122.657608999997166, 45.342585999877173 ] ] ] } },
{ "type": "Feature", "properties": { "census lot building footprint": 0.20539785735247704, "POP20": 20.0, "infrastructure cost adjusted for footprint ($)": 228752.38372387222 }, "geometry": { "type": "Polygon", "coordinates": [ [ [ -122.657406000505915, 45.342228999558195 ], [ -122.656107000672449, 45.34260200006694 ], [ -122.655889000214245, 45.342222000495134 ], [ -122.65717999965176, 45.341846000209522 ], [ -122.657406000505915, 45.342228999558195 ] ] ] } },
{ "type": "Feature", "properties": { "census lot building footprint": 0.20008203895385551, "POP20": 19.0, "infrastructure cost adjusted for footprint ($)": 266919.45553396811 }, "geometry": { "type": "Polygon", "coordinates": [ [ [ -122.655658999162185, 45.34184700035302 ], [ -122.654362999701775, 45.3422269999162 ], [ -122.654145000141881, 45.341876999597055 ], [ -122.655462000417003, 45.341507999960932 ], [ -122.655658999162185, 45.34184700035302 ] ] ] } },
{ "type": "Feature", "properties": { "census lot building footprint": 0.13607350386037484, "POP20": 33.0, "infrastructure cost adjusted for footprint ($)": 1620634.4752064624 }, "geometry": { "type": "Polygon", "coordinates": [ [ [ -122.655462000417003, 45.341507999960932 ], [ -122.654145000141881, 45.341876999597055 ], [ -122.653504000084368, 45.340789999876634 ], [ -122.653612999864293, 45.340635999958295 ], [ -122.653825000474725, 45.340221000118589 ], [ -122.653884000025968, 45.340135000401204 ], [ -122.653951999798025, 45.340052000447322 ], [ -122.654085999692327, 45.339920000536296 ], [ -122.654259999769607, 45.339985000038233 ], [ -122.654427999999086, 45.340055000341252 ], [ -122.654571000114231, 45.340131000337792 ], [ -122.654684999917052, 45.340214999716679 ], [ -122.654775000328726, 45.340322000368801 ], [ -122.655462000417003, 45.341507999960932 ] ] ] } },
{ "type": "Feature", "properties": { "census lot building footprint": 0.023895630830586934, "POP20": 17.0, "infrastructure cost adjusted for footprint ($)": 12699016.040550405 }, "geometry": { "type": "Polygon", "coordinates": [ [ [ -122.653951999798025, 45.340052000447322 ], [ -122.653884000025968, 45.340135000401204 ], [ -122.653825000474725, 45.340221000118589 ], [ -122.653612999864293, 45.340635999958295 ], [ -122.653504000084368, 45.340789999876634 ], [ -122.653115999746888, 45.341255000105718 ], [ -122.652688999949589, 45.34193699993174 ], [ -122.652623999652278, 45.341895999783581 ], [ -122.652591000040303, 45.341865000406486 ], [ -122.652564000276158, 45.34183200072502 ], [ -122.651074000646972, 45.339268999960993 ], [ -122.652266999276875, 45.338950000026166 ], [ -122.652590000215383, 45.338887000358966 ], [ -122.652765000117569, 45.338948999831544 ], [ -122.652896999463735, 45.339008999480505 ], [ -122.653167999625396, 45.339168999917455 ], [ -122.653420999345386, 45.339325999969894 ], [ -122.653593999597746, 45.339443999927823 ], [ -122.653749999233355, 45.33957199958278 ], [ -122.653902000467625, 45.339704000305105 ], [ -122.654085999692327, 45.339920000536296 ], [ -122.653951999798025, 45.340052000447322 ] ] ] } },
{ "type": "Feature", "properties": { "census lot building footprint": 0.058998798415254766, "POP20": 9.0, "infrastructure cost adjusted for footprint ($)": 2397465.6437286623 }, "geometry": { "type": "Polygon", "coordinates": [ [ [ -122.654145000141881, 45.341876999597055 ], [ -122.652849000681499, 45.342253999813011 ], [ -122.652714999888858, 45.342044000486446 ], [ -122.652695999622281, 45.341996000061961 ], [ -122.652688999949589, 45.34193699993174 ], [ -122.653115999746888, 45.341255000105718 ], [ -122.653504000084368, 45.340789999876634 ], [ -122.654145000141881, 45.341876999597055 ] ] ] } },
{ "type": "Feature", "properties": { "census lot building footprint": 0.1660794093773148, "POP20": 16.0, "infrastructure cost adjusted for footprint ($)": 683506.79722490767 }, "geometry": { "type": "Polygon", "coordinates": [ [ [ -122.654362999701775, 45.3422269999162 ], [ -122.653081000485045, 45.342609000345824 ], [ -122.652849000681499, 45.342253999813011 ], [ -122.654145000141881, 45.341876999597055 ], [ -122.654362999701775, 45.3422269999162 ] ] ] } },
{ "type": "Feature", "properties": { "census lot building footprint": 0.12818605885077949, "POP20": 11.0, "infrastructure cost adjusted for footprint ($)": 579933.84463996952 }, "geometry": { "type": "Polygon", "coordinates": [ [ [ -122.654591000205713, 45.342597999546342 ], [ -122.653284999801215, 45.34296399928396 ], [ -122.653081000485045, 45.342609000345824 ], [ -122.654362999701775, 45.3422269999162 ], [ -122.654591000205713, 45.342597999546342 ] ] ] } },
{ "type": "Feature", "properties": { "census lot building footprint": 0.21057771267331832, "POP20": 4.0, "infrastructure cost adjusted for footprint ($)": 337781.35069099913 }, "geometry": { "type": "Polygon", "coordinates": [ [ [ -122.653914000163212, 45.344056999562923 ], [ -122.652558999354923, 45.344457000133033 ], [ -122.652354000213833, 45.34410800044472 ], [ -122.653704999925822, 45.343705999713066 ], [ -122.653914000163212, 45.344056999562923 ] ] ] } },
{ "type": "Feature", "properties": { "census lot building footprint": 0.20882490184091526, "POP20": 17.0, "infrastructure cost adjusted for footprint ($)": 358591.75439691427 }, "geometry": { "type": "Polygon", "coordinates": [ [ [ -122.655223999867303, 45.343685999391624 ], [ -122.653914000163212, 45.344056999562923 ], [ -122.653704999925822, 45.343705999713066 ], [ -122.654997999911501, 45.343331000561072 ], [ -122.655223999867303, 45.343685999391624 ] ] ] } },
{ "type": "Feature", "properties": { "census lot building footprint": 0.19535349121639187, "POP20": 22.0, "infrastructure cost adjusted for footprint ($)": 653391.38674342958 }, "geometry": { "type": "Polygon", "coordinates": [ [ [ -122.654997999911501, 45.343331000561072 ], [ -122.653704999925822, 45.343705999713066 ], [ -122.653504000084368, 45.343356999814645 ], [ -122.654805999392536, 45.342981000121725 ], [ -122.654997999911501, 45.343331000561072 ] ] ] } },
{ "type": "Feature", "properties": { "census lot building footprint": 0.16474952707399521, "POP20": 12.0, "infrastructure cost adjusted for footprint ($)": 497984.54433181236 }, "geometry": { "type": "Polygon", "coordinates": [ [ [ -122.654805999392536, 45.342981000121725 ], [ -122.653504000084368, 45.343356999814645 ], [ -122.653284999801215, 45.34296399928396 ], [ -122.654591000205713, 45.342597999546342 ], [ -122.654805999392536, 45.342981000121725 ] ] ] } },
{ "type": "Feature", "properties": { "census lot building footprint": 0.13871417956453846, "POP20": 14.0, "infrastructure cost adjusted for footprint ($)": 747726.49544995232 }, "geometry": { "type": "Polygon", "coordinates": [ [ [ -122.655889000214245, 45.342222000495134 ], [ -122.654591000205713, 45.342597999546342 ], [ -122.654362999701775, 45.3422269999162 ], [ -122.655658999162185, 45.34184700035302 ], [ -122.655889000214245, 45.342222000495134 ] ] ] } },
{ "type": "Feature", "properties": { "census lot building footprint": 0.16444487364019056, "POP20": 25.0, "infrastructure cost adjusted for footprint ($)": 361714.91268554796 }, "geometry": { "type": "Polygon", "coordinates": [ [ [ -122.656107000672449, 45.34260200006694 ], [ -122.654805999392536, 45.342981000121725 ], [ -122.654591000205713, 45.342597999546342 ], [ -122.655889000214245, 45.342222000495134 ], [ -122.656107000672449, 45.34260200006694 ] ] ] } },
{ "type": "Feature", "properties": { "census lot building footprint": 0.15326498451290507, "POP20": 17.0, "infrastructure cost adjusted for footprint ($)": 659322.79314627312 }, "geometry": { "type": "Polygon", "coordinates": [ [ [ -122.656310000163728, 45.342967999778701 ], [ -122.654997999911501, 45.343331000561072 ], [ -122.654805999392536, 45.342981000121725 ], [ -122.656107000672449, 45.34260200006694 ], [ -122.656310000163728, 45.342967999778701 ] ] ] } },
{ "type": "Feature", "properties": { "census lot building footprint": 0.17692762794706668, "POP20": 14.0, "infrastructure cost adjusted for footprint ($)": 294603.15481486294 }, "geometry": { "type": "Polygon", "coordinates": [ [ [ -122.656521999875821, 45.343309999989607 ], [ -122.655223999867303, 45.343685999391624 ], [ -122.654997999911501, 45.343331000561072 ], [ -122.656310000163728, 45.342967999778701 ], [ -122.656521999875821, 45.343309999989607 ] ] ] } },
{ "type": "Feature", "properties": { "census lot building footprint": 0.28821096125061413, "POP20": 0.0, "infrastructure cost adjusted for footprint ($)": 539129.24198377982 }, "geometry": { "type": "Polygon", "coordinates": [ [ [ -122.656787000189709, 45.343747999922989 ], [ -122.655516999770256, 45.344143999739593 ], [ -122.655223999867303, 45.343685999391624 ], [ -122.656521999875821, 45.343309999989607 ], [ -122.656787000189709, 45.343747999922989 ] ] ] } },
{ "type": "Feature", "properties": { "census lot building footprint": 0.18757529901199346, "POP20": 18.0, "infrastructure cost adjusted for footprint ($)": 1951193.6977387154 }, "geometry": { "type": "Polygon", "coordinates": [ [ [ -122.657211000512234, 45.344453999840951 ], [ -122.655612000204812, 45.344912000289334 ], [ -122.654625999467527, 45.34518799963876 ], [ -122.654301999602367, 45.344641999527653 ], [ -122.654233000005419, 45.344511999777303 ], [ -122.655516999770256, 45.344143999739593 ], [ -122.656787000189709, 45.343747999922989 ], [ -122.657211000512234, 45.344453999840951 ] ] ] } },
{ "type": "Feature", "properties": { "census lot building footprint": 0.38426768378652054, "POP20": 21.0, "infrastructure cost adjusted for footprint ($)": 530297.90931439621 }, "geometry": { "type": "Polygon", "coordinates": [ [ [ -122.655516999770256, 45.344143999739593 ], [ -122.654233000005419, 45.344511999777303 ], [ -122.653914000163212, 45.344056999562923 ], [ -122.655223999867303, 45.343685999391624 ], [ -122.655516999770256, 45.344143999739593 ] ] ] } },
{ "type": "Feature", "properties": { "census lot building footprint": 0.24150643434220875, "POP20": 14.0, "infrastructure cost adjusted for footprint ($)": 1589662.6763492275 }, "geometry": { "type": "Polygon", "coordinates": [ [ [ -122.654625999467527, 45.34518799963876 ], [ -122.652042999869209, 45.345949999489704 ], [ -122.651833000705238, 45.345935999757266 ], [ -122.651799999296657, 45.345289999949934 ], [ -122.651851000248612, 45.345230000011988 ], [ -122.65194199958691, 45.345167999840918 ], [ -122.652155000022219, 45.345092999746903 ], [ -122.652812999798158, 45.344897999668838 ], [ -122.654233000005419, 45.344511999777303 ], [ -122.654301999602367, 45.344641999527653 ], [ -122.654625999467527, 45.34518799963876 ] ] ] } },
{ "type": "Feature", "properties": { "census lot building footprint": 0.27162718620963006, "POP20": 0.0, "infrastructure cost adjusted for footprint ($)": 667198.3646841665 }, "geometry": { "type": "Polygon", "coordinates": [ [ [ -122.654233000005419, 45.344511999777303 ], [ -122.652812999798158, 45.344897999668838 ], [ -122.652558999354923, 45.344457000133033 ], [ -122.653914000163212, 45.344056999562923 ], [ -122.654233000005419, 45.344511999777303 ] ] ] } },
{ "type": "Feature", "properties": { "census lot building footprint": 0.14121331174814669, "POP20": 36.0, "infrastructure cost adjusted for footprint ($)": 2192393.0271053724 }, "geometry": { "type": "Polygon", "coordinates": [ [ [ -122.652812999798158, 45.344897999668838 ], [ -122.652155000022219, 45.345092999746903 ], [ -122.65194199958691, 45.345167999840918 ], [ -122.651851000248612, 45.345230000011988 ], [ -122.651799999296657, 45.345289999949934 ], [ -122.651739999920522, 45.345266999939135 ], [ -122.651675000521521, 45.34525800045396 ], [ -122.651567999493068, 45.345264999773072 ], [ -122.651396999788815, 45.345314000033596 ], [ -122.651171000731352, 45.345384999511168 ], [ -122.650400999904093, 45.344131000295015 ], [ -122.65123799978015, 45.343872000150711 ], [ -122.652070000531737, 45.343625000167158 ], [ -122.652354000213833, 45.34410800044472 ], [ -122.652558999354923, 45.344457000133033 ], [ -122.652812999798158, 45.344897999668838 ] ] ] } },
{ "type": "Feature", "properties": { "census lot building footprint": 0.14379369619773053, "POP20": 33.0, "infrastructure cost adjusted for footprint ($)": 1268097.8809070019 }, "geometry": { "type": "Polygon", "coordinates": [ [ [ -122.649471000141602, 45.345868000556692 ], [ -122.647817000480899, 45.346334000180789 ], [ -122.647440000014029, 45.34565799948296 ], [ -122.649081999979146, 45.345171999548491 ], [ -122.649471000141602, 45.345868000556692 ] ] ] } },
{ "type": "Feature", "properties": { "census lot building footprint": 0.15165258596004544, "POP20": 27.0, "infrastructure cost adjusted for footprint ($)": 847333.68689597689 }, "geometry": { "type": "Polygon", "coordinates": [ [ [ -122.649081999979146, 45.345171999548491 ], [ -122.647440000014029, 45.34565799948296 ], [ -122.647106999928113, 45.345092999746903 ], [ -122.648744999695282, 45.344588999568337 ], [ -122.649081999979146, 45.345171999548491 ] ] ] } },
{ "type": "Feature", "properties": { "census lot building footprint": 0.16776410477090392, "POP20": 56.0, "infrastructure cost adjusted for footprint ($)": 1859161.8329592494 }, "geometry": { "type": "Polygon", "coordinates": [ [ [ -122.651171000731352, 45.345384999511168 ], [ -122.649471000141602, 45.345868000556692 ], [ -122.649081999979146, 45.345171999548491 ], [ -122.648744999695282, 45.344588999568337 ], [ -122.650400999904093, 45.344131000295015 ], [ -122.651171000731352, 45.345384999511168 ] ] ] } },
{ "type": "Feature", "properties": { "census lot building footprint": 0.18003226814792861, "POP20": 68.0, "infrastructure cost adjusted for footprint ($)": 1908562.7066792375 }, "geometry": { "type": "Polygon", "coordinates": [ [ [ -122.652070000531737, 45.343625000167158 ], [ -122.65123799978015, 45.343872000150711 ], [ -122.650400999904093, 45.344131000295015 ], [ -122.649979000129719, 45.34339000050138 ], [ -122.649892999915977, 45.343238999803766 ], [ -122.649715999465613, 45.342958000435601 ], [ -122.649446000027226, 45.342535999649705 ], [ -122.649728000059568, 45.342366999943117 ], [ -122.649989000175481, 45.342261000134911 ], [ -122.650259999438788, 45.342032999577256 ], [ -122.650464000551622, 45.341917999758991 ], [ -122.650893999823595, 45.341718999527082 ], [ -122.65138599991819, 45.34249899983179 ], [ -122.651493000048305, 45.342663000393678 ], [ -122.652070000531737, 45.343625000167158 ] ] ] } },
{ "type": "Feature", "properties": { "census lot building footprint": 0.084835757182535679, "POP20": 48.0, "infrastructure cost adjusted for footprint ($)": 2552797.7260244573 }, "geometry": { "type": "Polygon", "coordinates": [ [ [ -122.652849000681499, 45.342253999813011 ], [ -122.651493000048305, 45.342663000393678 ], [ -122.65138599991819, 45.34249899983179 ], [ -122.650893999823595, 45.341718999527082 ], [ -122.650586000750337, 45.341151999945637 ], [ -122.649574000073756, 45.339431000035503 ], [ -122.649707000143138, 45.339416999953841 ], [ -122.650778000370963, 45.339307000183737 ], [ -122.651074000646972, 45.339268999960993 ], [ -122.652564000276158, 45.34183200072502 ], [ -122.652591000040303, 45.341865000406486 ], [ -122.652623999652278, 45.341895999783581 ], [ -122.652688999949589, 45.34193699993174 ], [ -122.652695999622281, 45.341996000061961 ], [ -122.652714999888858, 45.342044000486446 ], [ -122.652849000681499, 45.342253999813011 ] ] ] } },
{ "type": "Feature", "properties": { "census lot building footprint": 0.063852205458144712, "POP20": 74.0, "infrastructure cost adjusted for footprint ($)": 8291304.2095744237 }, "geometry": { "type": "Polygon", "coordinates": [ [ [ -122.650893999823595, 45.341718999527082 ], [ -122.650464000551622, 45.341917999758991 ], [ -122.650259999438788, 45.342032999577256 ], [ -122.649989000175481, 45.342261000134911 ], [ -122.649728000059568, 45.342366999943117 ], [ -122.649446000027226, 45.342535999649705 ], [ -122.649715999465613, 45.342958000435601 ], [ -122.649892999915977, 45.343238999803766 ], [ -122.649979000129719, 45.34339000050138 ], [ -122.650400999904093, 45.344131000295015 ], [ -122.648744999695282, 45.344588999568337 ], [ -122.648055999957208, 45.343438999859302 ], [ -122.647680000213541, 45.342788999463124 ], [ -122.647383999937531, 45.342276000280684 ], [ -122.646501999855616, 45.340665999844013 ], [ -122.646557000107194, 45.340602000657938 ], [ -122.647098999532162, 45.340326000418727 ], [ -122.647935000481667, 45.339917000003759 ], [ -122.648572000341218, 45.339583999890792 ], [ -122.648794999923965, 45.339518999928487 ], [ -122.648917000122722, 45.339499000022201 ], [ -122.649066000085654, 45.339480999847957 ], [ -122.649235000140024, 45.339470000335012 ], [ -122.649574000073756, 45.339431000035503 ], [ -122.650586000750337, 45.341151999945637 ], [ -122.650893999823595, 45.341718999527082 ] ] ] } },
{ "type": "Feature", "properties": { "census lot building footprint": 0.013441018276143187, "POP20": 46.0, "infrastructure cost adjusted for footprint ($)": 68455312.591618717 }, "geometry": { "type": "Polygon", "coordinates": [ [ [ -122.654442000242753, 45.339692000022545 ], [ -122.654250000622184, 45.33980599976276 ], [ -122.654085999692327, 45.339920000536296 ], [ -122.653902000467625, 45.339704000305105 ], [ -122.653749999233355, 45.33957199958278 ], [ -122.653593999597746, 45.339443999927823 ], [ -122.653420999345386, 45.339325999969894 ], [ -122.653167999625396, 45.339168999917455 ], [ -122.652896999463735, 45.339008999480505 ], [ -122.652765000117569, 45.338948999831544 ], [ -122.652590000215383, 45.338887000358966 ], [ -122.652266999276875, 45.338950000026166 ], [ -122.651074000646972, 45.339268999960993 ], [ -122.650778000370963, 45.339307000183737 ], [ -122.649707000143138, 45.339416999953841 ], [ -122.649574000073756, 45.339431000035503 ], [ -122.649235000140024, 45.339470000335012 ], [ -122.649066000085654, 45.339480999847957 ], [ -122.648917000122722, 45.339499000022201 ], [ -122.648794999923965, 45.339518999928487 ], [ -122.648572000341218, 45.339583999890792 ], [ -122.647935000481667, 45.339917000003759 ], [ -122.647098999532162, 45.340326000418727 ], [ -122.646557000107194, 45.340602000657938 ], [ -122.646501999855616, 45.340665999844013 ], [ -122.644954999426773, 45.341400000136048 ], [ -122.643640000598069, 45.342065000264753 ], [ -122.642975000251127, 45.342335000057659 ], [ -122.641970999970425, 45.342904999531122 ], [ -122.641471000378246, 45.343162999559503 ], [ -122.641439000591191, 45.34321100025732 ], [ -122.641132999371152, 45.343314999314607 ], [ -122.640692000228483, 45.343503000258238 ], [ -122.639261999975517, 45.344226000538441 ], [ -122.639130999555917, 45.344285000177386 ], [ -122.639047999715203, 45.344343000286941 ], [ -122.63902699979883, 45.344362000277194 ], [ -122.639012999555149, 45.344400000238707 ], [ -122.639015000103285, 45.344452999743567 ], [ -122.63904699989034, 45.344564999808718 ], [ -122.639831000062969, 45.345890999691875 ], [ -122.640488000014017, 45.34693900041723 ], [ -122.640703999924042, 45.346903999797078 ], [ -122.642141000748083, 45.346520999876738 ], [ -122.643803999731318, 45.346030000058931 ], [ -122.644145000213101, 45.346622000252388 ], [ -122.644527999629474, 45.347286000235428 ], [ -122.644256999467828, 45.347363000041327 ], [ -122.643899999990751, 45.347465000221483 ], [ -122.643056000441973, 45.34772399971073 ], [ -122.642891999512145, 45.347774000406865 ], [ -122.641704999831688, 45.348109000395844 ], [ -122.641181999774972, 45.348184000281996 ], [ -122.640972000611001, 45.348227000357049 ], [ -122.640713000144885, 45.348268999738146 ], [ -122.640200000133916, 45.348328999611681 ], [ -122.639973000353166, 45.348346999498176 ], [ -122.639706000389523, 45.348375000292322 ], [ -122.638446999840696, 45.348457000013084 ], [ -122.633433999906686, 45.348800999933907 ], [ -122.632681000594502, 45.348885000338399 ], [ -122.632478000204912, 45.348921999770582 ], [ -122.63220499949513, 45.348978000144854 ], [ -122.631985999212034, 45.349039999930859 ], [ -122.631959000346185, 45.349047999429914 ], [ -122.631667000268109, 45.348484999490204 ], [ -122.631331999634043, 45.347831000060623 ], [ -122.631276000455856, 45.347721999631489 ], [ -122.631145999861189, 45.347468999766804 ], [ -122.631873999957335, 45.347259999629564 ], [ -122.632285999686005, 45.347153000094337 ], [ -122.632712999483246, 45.34699600028042 ], [ -122.63390400025996, 45.34642800045291 ], [ -122.635673999373296, 45.345692000166672 ], [ -122.636055999863046, 45.34542699973823 ], [ -122.636131000206092, 45.34537499996361 ], [ -122.636780000659513, 45.34511900008539 ], [ -122.637344000724141, 45.344821999757599 ], [ -122.638336000410916, 45.34433400002348 ], [ -122.639214000294871, 45.343734999756137 ], [ -122.639556999528267, 45.343554999858213 ], [ -122.641135999744179, 45.342826999849059 ], [ -122.641769000304095, 45.342502999727991 ], [ -122.642524999989334, 45.342029999788075 ], [ -122.643684000080682, 45.341414999878502 ], [ -122.645233000159394, 45.340381999825681 ], [ -122.645751999119881, 45.340065000197065 ], [ -122.646431000608828, 45.339732999872481 ], [ -122.648314999524956, 45.338893999834298 ], [ -122.648865000244186, 45.338752999861519 ], [ -122.649459999372624, 45.338703000037661 ], [ -122.650002000594242, 45.338684000042477 ], [ -122.650543000194304, 45.338703000037683 ], [ -122.651172000556244, 45.338762000380832 ], [ -122.651313999948172, 45.338775999993011 ], [ -122.652260000502508, 45.338863000076458 ], [ -122.652831999166452, 45.338874999903254 ], [ -122.65311400009702, 45.338905000090605 ], [ -122.653389000456642, 45.339007999918344 ], [ -122.654320000044052, 45.33962600063299 ], [ -122.654442000242753, 45.339692000022545 ] ] ] } },
{ "type": "Feature", "properties": { "census lot building footprint": 0.036987059097907685, "POP20": 122.0, "infrastructure cost adjusted for footprint ($)": 23126258.380212042 }, "geometry": { "type": "Polygon", "coordinates": [ [ [ -122.648744999695282, 45.344588999568337 ], [ -122.647106999928113, 45.345092999746903 ], [ -122.645450999719273, 45.345569000214972 ], [ -122.643803999731318, 45.346030000058931 ], [ -122.642141000748083, 45.346520999876738 ], [ -122.640703999924042, 45.346903999797078 ], [ -122.640488000014017, 45.34693900041723 ], [ -122.639831000062969, 45.345890999691875 ], [ -122.63904699989034, 45.344564999808718 ], [ -122.639015000103285, 45.344452999743567 ], [ -122.639012999555149, 45.344400000238707 ], [ -122.63902699979883, 45.344362000277194 ], [ -122.639047999715203, 45.344343000286941 ], [ -122.639130999555917, 45.344285000177386 ], [ -122.639261999975517, 45.344226000538441 ], [ -122.640692000228483, 45.343503000258238 ], [ -122.641132999371152, 45.343314999314607 ], [ -122.641439000591191, 45.34321100025732 ], [ -122.641471000378246, 45.343162999559503 ], [ -122.641970999970425, 45.342904999531122 ], [ -122.642975000251127, 45.342335000057659 ], [ -122.643640000598069, 45.342065000264753 ], [ -122.644954999426773, 45.341400000136048 ], [ -122.646501999855616, 45.340665999844013 ], [ -122.647383999937531, 45.342276000280684 ], [ -122.647680000213541, 45.342788999463124 ], [ -122.648055999957208, 45.343438999859302 ], [ -122.648744999695282, 45.344588999568337 ] ] ] } },
{ "type": "Feature", "properties": { "census lot building footprint": 0.043687923691430867, "POP20": 14.0, "infrastructure cost adjusted for footprint ($)": 11321196.504180135 }, "geometry": { "type": "Polygon", "coordinates": [ [ [ -122.651859999571116, 45.347386000463196 ], [ -122.65129199930854, 45.347365000133266 ], [ -122.650790999891427, 45.347335000009231 ], [ -122.650673999715579, 45.347342000334201 ], [ -122.65032399991118, 45.347339000195049 ], [ -122.650089999559484, 45.347345000473254 ], [ -122.649856999930989, 45.347361999995343 ], [ -122.649741000478329, 45.347374999960671 ], [ -122.649173000215782, 45.347467000309862 ], [ -122.644918999441742, 45.348218000079783 ], [ -122.644654999851056, 45.348254999947905 ], [ -122.644394999560092, 45.348302000086811 ], [ -122.643632000202146, 45.348405999892762 ], [ -122.643181000115447, 45.348459000066406 ], [ -122.642073000077716, 45.348607000026405 ], [ -122.641569000287546, 45.348653000481185 ], [ -122.640842999841226, 45.348701999702982 ], [ -122.639457999794075, 45.348783000191773 ], [ -122.638644000382513, 45.34885999985525 ], [ -122.636663000483665, 45.348948000244341 ], [ -122.636080999977381, 45.348980000179708 ], [ -122.635744000591814, 45.349002999944553 ], [ -122.635616999471907, 45.349010999448815 ], [ -122.634600999495675, 45.349122000582227 ], [ -122.633755000297057, 45.349262999353435 ], [ -122.63330800040832, 45.34934999973639 ], [ -122.632909000200158, 45.349437000616952 ], [ -122.632240999480132, 45.349604000038539 ], [ -122.631959000346185, 45.349047999429914 ], [ -122.631985999212034, 45.349039999930859 ], [ -122.63220499949513, 45.348978000144854 ], [ -122.632478000204912, 45.348921999770582 ], [ -122.632681000594502, 45.348885000338399 ], [ -122.633433999906686, 45.348800999933907 ], [ -122.638446999840696, 45.348457000013084 ], [ -122.639706000389523, 45.348375000292322 ], [ -122.639973000353166, 45.348346999498176 ], [ -122.640200000133916, 45.348328999611681 ], [ -122.640713000144885, 45.348268999738146 ], [ -122.640972000611001, 45.348227000357049 ], [ -122.641181999774972, 45.348184000281996 ], [ -122.641704999831688, 45.348109000395844 ], [ -122.642891999512145, 45.347774000406865 ], [ -122.643056000441973, 45.34772399971073 ], [ -122.643899999990751, 45.347465000221483 ], [ -122.644256999467828, 45.347363000041327 ], [ -122.644527999629474, 45.347286000235428 ], [ -122.646162999921913, 45.346795000108258 ], [ -122.646386000402984, 45.346732999757236 ], [ -122.647817000480899, 45.346334000180789 ], [ -122.649471000141602, 45.345868000556692 ], [ -122.651171000731352, 45.345384999511168 ], [ -122.651396999788815, 45.345314000033596 ], [ -122.651567999493068, 45.345264999773072 ], [ -122.651675000521521, 45.34525800045396 ], [ -122.651739999920522, 45.345266999939135 ], [ -122.651799999296657, 45.345289999949934 ], [ -122.651833000705238, 45.345935999757266 ], [ -122.651830000332211, 45.346649999374478 ], [ -122.651829000507291, 45.346796000164275 ], [ -122.651859999571116, 45.347386000463196 ] ] ] } },
{ "type": "Feature", "properties": { "census lot building footprint": 0.14413070457181679, "POP20": 42.0, "infrastructure cost adjusted for footprint ($)": 1148905.993468181 }, "geometry": { "type": "Polygon", "coordinates": [ [ [ -122.646162999921913, 45.346795000108258 ], [ -122.644527999629474, 45.347286000235428 ], [ -122.644145000213101, 45.346622000252388 ], [ -122.643803999731318, 45.346030000058931 ], [ -122.645450999719273, 45.345569000214972 ], [ -122.645771000284725, 45.346127999844562 ], [ -122.646162999921913, 45.346795000108258 ] ] ] } },
{ "type": "Feature", "properties": { "census lot building footprint": 0.15324702939093149, "POP20": 18.0, "infrastructure cost adjusted for footprint ($)": 812492.93485816394 }, "geometry": { "type": "Polygon", "coordinates": [ [ [ -122.647440000014029, 45.34565799948296 ], [ -122.645771000284725, 45.346127999844562 ], [ -122.645450999719273, 45.345569000214972 ], [ -122.647106999928113, 45.345092999746903 ], [ -122.647440000014029, 45.34565799948296 ] ] ] } },
{ "type": "Feature", "properties": { "census lot building footprint": 0.14246643429868416, "POP20": 22.0, "infrastructure cost adjusted for footprint ($)": 1190310.0089777529 }, "geometry": { "type": "Polygon", "coordinates": [ [ [ -122.647817000480899, 45.346334000180789 ], [ -122.646386000402984, 45.346732999757236 ], [ -122.646162999921913, 45.346795000108258 ], [ -122.645771000284725, 45.346127999844562 ], [ -122.647440000014029, 45.34565799948296 ], [ -122.647817000480899, 45.346334000180789 ] ] ] } },
{ "type": "Feature", "properties": { "census lot building footprint": 0.033024051946144155, "POP20": 80.0, "infrastructure cost adjusted for footprint ($)": 13419205.422827307 }, "geometry": { "type": "Polygon", "coordinates": [ [ [ -122.652300000685457, 45.349261000591234 ], [ -122.651932000439459, 45.349063000302635 ], [ -122.65128800000889, 45.34878800029604 ], [ -122.650993000456126, 45.34868699999722 ], [ -122.650827999701349, 45.348641999593532 ], [ -122.65032300008626, 45.348537000195918 ], [ -122.65007799986391, 45.34850199930122 ], [ -122.649926999352843, 45.34850100053805 ], [ -122.649804000227547, 45.348496000408346 ], [ -122.649648000591924, 45.348511000164699 ], [ -122.649374000057193, 45.348549999891389 ], [ -122.646453999276716, 45.349164000561885 ], [ -122.646106000020481, 45.349247999796354 ], [ -122.645819999790248, 45.349353000400328 ], [ -122.64561300010098, 45.349458999555772 ], [ -122.64537600027451, 45.349607000057681 ], [ -122.645069999952753, 45.349831999776399 ], [ -122.64492199981477, 45.349960000566895 ], [ -122.64451099991102, 45.350368000404821 ], [ -122.644303000396874, 45.350559999979374 ], [ -122.644015000516802, 45.350833000245537 ], [ -122.643941999823568, 45.350902999761715 ], [ -122.643698000324392, 45.35113400051808 ], [ -122.643553999486031, 45.351289000264707 ], [ -122.643417999941917, 45.351465999639544 ], [ -122.643350999994752, 45.351570999916603 ], [ -122.643316999659575, 45.351643999693806 ], [ -122.64322200012333, 45.351976999575896 ], [ -122.643113000343419, 45.351951000493564 ], [ -122.642864000821376, 45.351901999665316 ], [ -122.642690000744096, 45.351857999890356 ], [ -122.642553000476724, 45.351834000056144 ], [ -122.642251000352942, 45.351810000211685 ], [ -122.642091999445952, 45.351817999319209 ], [ -122.641857999992595, 45.351844999692084 ], [ -122.64174199964161, 45.351890000074398 ], [ -122.64058699974818, 45.352266999894134 ], [ -122.640478999793146, 45.352146000264135 ], [ -122.640360999792378, 45.352070000614781 ], [ -122.64026500043127, 45.352019999925872 ], [ -122.64016499997382, 45.351982999993723 ], [ -122.640048999622863, 45.351964000036205 ], [ -122.639881999218261, 45.35197000045536 ], [ -122.639647000838252, 45.352000999980774 ], [ -122.639495999428874, 45.352011000251728 ], [ -122.638471000130139, 45.352030000193466 ], [ -122.63825600004499, 45.352027000302726 ], [ -122.63811499957967, 45.352014999475784 ], [ -122.637989000081291, 45.351989000410867 ], [ -122.637210999756434, 45.351800999872829 ], [ -122.63712100024307, 45.351783999790044 ], [ -122.636833000362969, 45.351773000142224 ], [ -122.635988999915881, 45.351768000301604 ], [ -122.635655999829964, 45.351784999757925 ], [ -122.635482999577604, 45.351809000244245 ], [ -122.635127999750338, 45.351907000125387 ], [ -122.634371000240208, 45.352128999653708 ], [ -122.634296999722039, 45.352022999816931 ], [ -122.63425300023944, 45.351974999646878 ], [ -122.634197999987848, 45.351925000136646 ], [ -122.634069000116426, 45.351852000090581 ], [ -122.633994999598258, 45.351818999917818 ], [ -122.632775000305855, 45.3513280006025 ], [ -122.632693000290089, 45.351278999866196 ], [ -122.632559000395759, 45.351164999870036 ], [ -122.632474999831885, 45.35106599998614 ], [ -122.632763999536877, 45.350912000243419 ], [ -122.632568000616658, 45.350357999843624 ], [ -122.632371000074798, 45.349905000533923 ], [ -122.632856000496702, 45.349781000263654 ], [ -122.633412999990298, 45.349646000291827 ], [ -122.633908000457936, 45.349542999615103 ], [ -122.634009000740264, 45.349526000116725 ], [ -122.634380000461022, 45.34946199958263 ], [ -122.634798999862369, 45.349389000147681 ], [ -122.635282999561042, 45.349313999964252 ], [ -122.636869000347971, 45.349164999313395 ], [ -122.639532999238796, 45.349018000197852 ], [ -122.64162600018895, 45.348870000049843 ], [ -122.642206000147098, 45.348821999731072 ], [ -122.642784000455393, 45.34876599983378 ], [ -122.643244999689557, 45.348714000601085 ], [ -122.643703000347259, 45.348654000504347 ], [ -122.644272999361348, 45.348568999732336 ], [ -122.644840999623923, 45.348476999911576 ], [ -122.645595999484243, 45.348341999986225 ], [ -122.645972999951113, 45.348274999917798 ], [ -122.647460000105553, 45.347993000258491 ], [ -122.648536000356188, 45.347821999720367 ], [ -122.649149999751231, 45.347743999868221 ], [ -122.649618999381289, 45.347710999825594 ], [ -122.650251999941162, 45.347675000273675 ], [ -122.650718000096504, 45.347663999827297 ], [ -122.651258999696566, 45.347689999616243 ], [ -122.651868999791958, 45.347736000184895 ], [ -122.651871000340108, 45.34835199964099 ], [ -122.651880999487517, 45.348500000512125 ], [ -122.65191999984556, 45.348674000333212 ], [ -122.651951000706021, 45.348811000138902 ], [ -122.651986999792697, 45.348902000029319 ], [ -122.652195000205168, 45.34916000050503 ], [ -122.652300000685457, 45.349261000591234 ] ] ] } },
{ "type": "Feature", "properties": { "census lot building footprint": 0.19343532714413875, "POP20": 110.0, "infrastructure cost adjusted for footprint ($)": 4720371.3001746349 }, "geometry": { "type": "Polygon", "coordinates": [ [ [ -122.644777999874705, 45.356039999784727 ], [ -122.644601000322723, 45.356097999843229 ], [ -122.644504999164951, 45.356113000109957 ], [ -122.644413999826654, 45.356119000089244 ], [ -122.644219999657892, 45.356085000618926 ], [ -122.643840999541212, 45.35600000027565 ], [ -122.643767999746288, 45.35599499954597 ], [ -122.643681000605966, 45.355996000070718 ], [ -122.643508000353577, 45.356006000266895 ], [ -122.643431999287287, 45.356025000129961 ], [ -122.643230000519225, 45.356055999959153 ], [ -122.64309999992463, 45.356057999743953 ], [ -122.64307499981021, 45.355378999946382 ], [ -122.642308000254346, 45.355383000194955 ], [ -122.642148999347384, 45.355376000233228 ], [ -122.642057000184167, 45.35536699983021 ], [ -122.641973999445185, 45.355341000411464 ], [ -122.641924999939704, 45.355336000254781 ], [ -122.641868000038286, 45.355343000221517 ], [ -122.641902000373491, 45.355168000162919 ], [ -122.641883000106915, 45.355064000156716 ], [ -122.641832999878204, 45.354963999606326 ], [ -122.641671000394822, 45.354818000316087 ], [ -122.64143600021815, 45.354599000358746 ], [ -122.641308999996554, 45.354454000047554 ], [ -122.641260000491059, 45.354376999787817 ], [ -122.64123700002655, 45.354225000066165 ], [ -122.641230999280424, 45.353541000054264 ], [ -122.641232999828574, 45.353244999667943 ], [ -122.641246000247364, 45.353162999308452 ], [ -122.641355000027275, 45.353029999719816 ], [ -122.641418000674804, 45.352988999399138 ], [ -122.641544999998104, 45.352950999521916 ], [ -122.641647999930271, 45.352911999671221 ], [ -122.641741999641638, 45.352896999818654 ], [ -122.641841000274098, 45.352887000335564 ], [ -122.64260500035526, 45.352955999889339 ], [ -122.642691999495582, 45.352983000350534 ], [ -122.642755999968003, 45.35303899986323 ], [ -122.642776000059499, 45.353092000117549 ], [ -122.642780000257432, 45.353429000073092 ], [ -122.642781999907271, 45.353566000363607 ], [ -122.643004999490017, 45.353565000427174 ], [ -122.643512999478162, 45.353561999986589 ], [ -122.643682000430857, 45.353536999675441 ], [ -122.643807000104346, 45.353944999609951 ], [ -122.643942999648459, 45.354386000348249 ], [ -122.643996000250226, 45.354558999831113 ], [ -122.644064999847174, 45.354781999603034 ], [ -122.644207000137428, 45.355111000322808 ], [ -122.64430800041977, 45.355345000662723 ], [ -122.644895999875502, 45.355979999879224 ], [ -122.644777999874705, 45.356039999784727 ] ] ] } },
{ "type": "Feature", "properties": { "census lot building footprint": 0.24570387100905924, "POP20": 21.0, "infrastructure cost adjusted for footprint ($)": 722610.15613959776 }, "geometry": { "type": "Polygon", "coordinates": [ [ [ -122.646168999769671, 45.35429300059014 ], [ -122.645127000752495, 45.355044999971071 ], [ -122.644722999623141, 45.354775000198167 ], [ -122.644581000231241, 45.35467499976837 ], [ -122.644551000093998, 45.35463599984319 ], [ -122.64453000017761, 45.354592999587013 ], [ -122.64453000017761, 45.35453300004113 ], [ -122.644539000398467, 45.354480999794049 ], [ -122.644564999439396, 45.354430000682868 ], [ -122.644607999995401, 45.354374999943666 ], [ -122.644797999966201, 45.354194000496463 ], [ -122.645342000837644, 45.353766000546983 ], [ -122.645960000430605, 45.354159999869566 ], [ -122.646168999769671, 45.35429300059014 ] ] ] } },
{ "type": "Feature", "properties": { "census lot building footprint": 0.23450716807319627, "POP20": 28.0, "infrastructure cost adjusted for footprint ($)": 700967.56395768595 }, "geometry": { "type": "Polygon", "coordinates": [ [ [ -122.646697999674217, 45.355156999910342 ], [ -122.646586000419518, 45.35521000070608 ], [ -122.646445999779118, 45.355228000298105 ], [ -122.646132999784669, 45.355229000205135 ], [ -122.646034000050477, 45.355235999553813 ], [ -122.645939000514232, 45.35525399976877 ], [ -122.645810999569377, 45.35529700015389 ], [ -122.645716000033147, 45.355338999970108 ], [ -122.64560200023034, 45.355403000171094 ], [ -122.645264000121529, 45.355141000112937 ], [ -122.645127000752495, 45.355044999971071 ], [ -122.646168999769671, 45.35429300059014 ], [ -122.646380999481792, 45.354420000208101 ], [ -122.647101999905246, 45.35485100000264 ], [ -122.646697999674217, 45.355156999910342 ] ] ] } },
{ "type": "Feature", "properties": { "census lot building footprint": 0.1634792031507222, "POP20": 48.0, "infrastructure cost adjusted for footprint ($)": 2210653.7267678026 }, "geometry": { "type": "Polygon", "coordinates": [ [ [ -122.645541999955896, 45.355460000348366 ], [ -122.645336999916481, 45.35565600055299 ], [ -122.645263000296637, 45.355738999723265 ], [ -122.645127000752495, 45.355840000062912 ], [ -122.644994999609693, 45.355911000224964 ], [ -122.644895999875502, 45.355979999879224 ], [ -122.64430800041977, 45.355345000662723 ], [ -122.644207000137428, 45.355111000322808 ], [ -122.644064999847174, 45.354781999603034 ], [ -122.643996000250226, 45.354558999831113 ], [ -122.643942999648459, 45.354386000348249 ], [ -122.643807000104346, 45.353944999609951 ], [ -122.643682000430857, 45.353536999675441 ], [ -122.643492999386666, 45.352906000614503 ], [ -122.643462000322842, 45.352804000138761 ], [ -122.643411000269239, 45.352635000152723 ], [ -122.643398999675341, 45.352591000316387 ], [ -122.643577999775459, 45.352609000110107 ], [ -122.643607999912703, 45.35261199996993 ], [ -122.643670999661907, 45.352617999689151 ], [ -122.643824999647691, 45.352715999432029 ], [ -122.643807999929237, 45.352726000207916 ], [ -122.643771999944235, 45.352745999860481 ], [ -122.644096999634229, 45.352956999836501 ], [ -122.644230000601951, 45.353043000277225 ], [ -122.644495000017542, 45.353216000077879 ], [ -122.645342000837644, 45.353766000546983 ], [ -122.644797999966201, 45.354194000496463 ], [ -122.644607999995401, 45.354374999943666 ], [ -122.644564999439396, 45.354430000682868 ], [ -122.644539000398467, 45.354480999794049 ], [ -122.64453000017761, 45.35453300004113 ], [ -122.64453000017761, 45.354592999587013 ], [ -122.644551000093998, 45.35463599984319 ], [ -122.644581000231241, 45.35467499976837 ], [ -122.644722999623141, 45.354775000198167 ], [ -122.645127000752495, 45.355044999971071 ], [ -122.645264000121529, 45.355141000112937 ], [ -122.64560200023034, 45.355403000171094 ], [ -122.645541999955896, 45.355460000348366 ] ] ] } },
{ "type": "Feature", "properties": { "census lot building footprint": 0.16650283630812404, "POP20": 77.0, "infrastructure cost adjusted for footprint ($)": 2103350.6983481832 }, "geometry": { "type": "Polygon", "coordinates": [ [ [ -122.647026999562158, 45.351521000049438 ], [ -122.647018000239655, 45.351673000089384 ], [ -122.646977000231757, 45.351791000196087 ], [ -122.646927000003046, 45.351910999988121 ], [ -122.646864999180465, 45.352038999864604 ], [ -122.646746999179683, 45.352040999791299 ], [ -122.646640999772757, 45.352051999387015 ], [ -122.646537999840646, 45.352070999314989 ], [ -122.646411000517318, 45.35210999974521 ], [ -122.646161999198668, 45.352290999544749 ], [ -122.646123999563827, 45.352337000161938 ], [ -122.646076999708185, 45.352377000366246 ], [ -122.64602799930438, 45.352417000542339 ], [ -122.645976000324183, 45.35245900060206 ], [ -122.645926000095443, 45.352505999775232 ], [ -122.645875000041812, 45.352550000308952 ], [ -122.6458189999653, 45.352590000362738 ], [ -122.645763999713722, 45.352554000126183 ], [ -122.645704000337588, 45.352518999821697 ], [ -122.645636999492112, 45.352490999815004 ], [ -122.645559999499227, 45.352479000349021 ], [ -122.645480999856488, 45.352488999904196 ], [ -122.645392999992936, 45.352528000046391 ], [ -122.645350000335213, 45.35256700016167 ], [ -122.645308999429076, 45.3526090001101 ], [ -122.645255999725606, 45.352649000122192 ], [ -122.645204000745395, 45.35269300054474 ], [ -122.645148999595492, 45.352734999768359 ], [ -122.645096999716969, 45.352781000024635 ], [ -122.645042000363716, 45.352824000395067 ], [ -122.64498500046227, 45.352862000357497 ], [ -122.644931000035584, 45.35290000029449 ], [ -122.6448749999591, 45.352940000100936 ], [ -122.644819999707494, 45.352981000457113 ], [ -122.644777999874705, 45.353014999898484 ], [ -122.644726999821088, 45.353062000503776 ], [ -122.644676000665768, 45.353108999807411 ], [ -122.644659999873952, 45.353122000346652 ], [ -122.644633000109778, 45.353145999634755 ], [ -122.64457399966021, 45.353186999841711 ], [ -122.644495000017542, 45.353216000077879 ], [ -122.644230000601951, 45.353043000277225 ], [ -122.644096999634229, 45.352956999836501 ], [ -122.644142999664993, 45.352918999937771 ], [ -122.644172999802237, 45.352895999870434 ], [ -122.645069000127862, 45.352197000171067 ], [ -122.645459999940115, 45.351893000603731 ], [ -122.644633000109778, 45.351353999971032 ], [ -122.643941999823568, 45.350902999761715 ], [ -122.644015000516802, 45.350833000245537 ], [ -122.644303000396874, 45.350559999979374 ], [ -122.64451099991102, 45.350368000404821 ], [ -122.645468000336038, 45.35072599988878 ], [ -122.645623999971633, 45.350775999826993 ], [ -122.645732999751587, 45.350802000711674 ], [ -122.645871999668756, 45.350839000153357 ], [ -122.646039000073316, 45.350866999714704 ], [ -122.646164999571695, 45.35088299945788 ], [ -122.646336000174259, 45.350897000491997 ], [ -122.646506999878454, 45.35090199977828 ], [ -122.646823000245988, 45.350901999778273 ], [ -122.646952999942314, 45.350891999942704 ], [ -122.647021999539291, 45.35121600002963 ], [ -122.647042999455678, 45.35138300051522 ], [ -122.647026999562158, 45.351521000049438 ] ] ] } },
{ "type": "Feature", "properties": { "census lot building footprint": 0.25607374577096559, "POP20": 44.0, "infrastructure cost adjusted for footprint ($)": 679542.36431447964 }, "geometry": { "type": "Polygon", "coordinates": [ [ [ -122.646326000128525, 45.353065000339591 ], [ -122.646286999770439, 45.353114000160879 ], [ -122.646238000264972, 45.353158000221882 ], [ -122.646187000211327, 45.353200000363024 ], [ -122.646136000157696, 45.353241999841671 ], [ -122.646084999205769, 45.353281999406384 ], [ -122.646034000050477, 45.353321999574064 ], [ -122.645981000347021, 45.353359999833486 ], [ -122.645927000818659, 45.353396000188532 ], [ -122.645871999668756, 45.353435000336994 ], [ -122.645814999767353, 45.353474999765268 ], [ -122.645749000543432, 45.353510000109836 ], [ -122.645684000246106, 45.353547000306236 ], [ -122.64561799922555, 45.353581999975063 ], [ -122.645575000466152, 45.353603999827889 ], [ -122.645554000549765, 45.353615999686646 ], [ -122.645498999399862, 45.35365399974858 ], [ -122.645446999521326, 45.353692999719215 ], [ -122.645387999970083, 45.353713999595158 ], [ -122.645342000837644, 45.353766000546983 ], [ -122.644495000017542, 45.353216000077879 ], [ -122.64457399966021, 45.353186999841711 ], [ -122.644633000109778, 45.353145999634755 ], [ -122.644659999873952, 45.353122000346652 ], [ -122.644676000665768, 45.353108999807411 ], [ -122.644726999821088, 45.353062000503776 ], [ -122.644777999874705, 45.353014999898484 ], [ -122.644819999707494, 45.352981000457113 ], [ -122.6448749999591, 45.352940000100936 ], [ -122.644931000035584, 45.35290000029449 ], [ -122.64498500046227, 45.352862000357497 ], [ -122.645042000363716, 45.352824000395067 ], [ -122.645096999716969, 45.352781000024635 ], [ -122.645148999595492, 45.352734999768359 ], [ -122.645204000745395, 45.35269300054474 ], [ -122.645255999725606, 45.352649000122192 ], [ -122.645308999429076, 45.3526090001101 ], [ -122.645350000335213, 45.35256700016167 ], [ -122.645392999992936, 45.352528000046391 ], [ -122.645480999856488, 45.352488999904196 ], [ -122.645559999499227, 45.352479000349021 ], [ -122.645636999492112, 45.352490999815004 ], [ -122.645704000337588, 45.352518999821697 ], [ -122.645763999713722, 45.352554000126183 ], [ -122.6458189999653, 45.352590000362738 ], [ -122.645872999493648, 45.352629000435329 ], [ -122.645974999600924, 45.352694000496534 ], [ -122.646034999875368, 45.352731000595178 ], [ -122.646095000149856, 45.352767000087816 ], [ -122.646152999876151, 45.352805000088594 ], [ -122.646210999602488, 45.352843000063864 ], [ -122.646265999854094, 45.35288299991057 ], [ -122.646318999557494, 45.352940000100936 ], [ -122.646340999298786, 45.352993999763157 ], [ -122.646326000128525, 45.353065000339591 ] ] ] } },
{ "type": "Feature", "properties": { "census lot building footprint": 0.18977007529821066, "POP20": 33.0, "infrastructure cost adjusted for footprint ($)": 1601624.0880644005 }, "geometry": { "type": "Polygon", "coordinates": [ [ [ -122.648628000417702, 45.352271999690636 ], [ -122.648618000371982, 45.352304000271907 ], [ -122.648582999313561, 45.352351000205097 ], [ -122.648529999610133, 45.352381000195727 ], [ -122.648487999777345, 45.352395000228078 ], [ -122.648439000271836, 45.352404999798054 ], [ -122.647634000182805, 45.352486000037864 ], [ -122.647558999839745, 45.352486999993317 ], [ -122.64749100006766, 45.352478000393376 ], [ -122.647383999937531, 45.352452000278625 ], [ -122.647275999982512, 45.352401999295971 ], [ -122.646979000779893, 45.352165000160561 ], [ -122.646926000178155, 45.352117000110972 ], [ -122.646864999180465, 45.352038999864604 ], [ -122.646927000003046, 45.351910999988121 ], [ -122.646977000231757, 45.351791000196087 ], [ -122.647018000239655, 45.351673000089384 ], [ -122.647026999562158, 45.351521000049438 ], [ -122.647042999455678, 45.35138300051522 ], [ -122.647021999539291, 45.35121600002963 ], [ -122.646952999942314, 45.350891999942704 ], [ -122.647244000195457, 45.350839000153357 ], [ -122.647445000036925, 45.350787999654045 ], [ -122.647640000030549, 45.350724000546947 ], [ -122.647771000450135, 45.350701000218798 ], [ -122.647883999529739, 45.350690999716392 ], [ -122.648014000124405, 45.350692999690793 ], [ -122.648142000170949, 45.350706999509306 ], [ -122.648227000559714, 45.350724000546926 ], [ -122.648102999812835, 45.351050000294727 ], [ -122.648073999500554, 45.351090000146094 ], [ -122.648052000657543, 45.351138999783394 ], [ -122.648039000238754, 45.351199999749312 ], [ -122.648044000261649, 45.35126200025789 ], [ -122.648065000178022, 45.351323000091284 ], [ -122.648097999789996, 45.351374000108443 ], [ -122.648142999995798, 45.351421000182619 ], [ -122.648271000042357, 45.351524999308161 ], [ -122.648358999905881, 45.351615999885517 ], [ -122.648450000142475, 45.351731000204673 ], [ -122.648532999983161, 45.35187300064964 ], [ -122.648569999793082, 45.351956999651485 ], [ -122.648598000280487, 45.352041999754633 ], [ -122.648617000547063, 45.352128999653708 ], [ -122.648630999892461, 45.35223599988317 ], [ -122.648628000417702, 45.352271999690636 ] ] ] } },
{ "type": "Feature", "properties": { "census lot building footprint": 0.17428690041804876, "POP20": 158.0, "infrastructure cost adjusted for footprint ($)": 4779813.1477692034 }, "geometry": { "type": "Polygon", "coordinates": [ [ [ -122.650246999918309, 45.352670000385537 ], [ -122.650153000206984, 45.352813999636489 ], [ -122.650025999985345, 45.353080000147671 ], [ -122.650020000137616, 45.353308999712041 ], [ -122.65000100076935, 45.353386000162345 ], [ -122.649941000494863, 45.353541999991087 ], [ -122.649780999762982, 45.353820000052373 ], [ -122.64965100006664, 45.35404599999513 ], [ -122.649618999381289, 45.354158999943671 ], [ -122.649610000058743, 45.354337999657318 ], [ -122.649605000035876, 45.354427000288133 ], [ -122.649431999783545, 45.354440999814237 ], [ -122.649228999393927, 45.354434999657045 ], [ -122.649112000116389, 45.354400999806224 ], [ -122.649016999681848, 45.354337999657346 ], [ -122.648958999955511, 45.354262999719225 ], [ -122.648922000145589, 45.354145999642633 ], [ -122.648914999574586, 45.354097000083605 ], [ -122.648868000617242, 45.35400100069576 ], [ -122.648849000350651, 45.35397900036601 ], [ -122.648764999786763, 45.353940000592431 ], [ -122.64868799979385, 45.353918000238927 ], [ -122.648626999694486, 45.353907999673702 ], [ -122.648496999998159, 45.353913999886814 ], [ -122.648399000088858, 45.353942999750423 ], [ -122.648277999715035, 45.354020000600677 ], [ -122.647452999534551, 45.354613999760254 ], [ -122.647101999905246, 45.35485100000264 ], [ -122.646380999481792, 45.354420000208101 ], [ -122.646168999769671, 45.35429300059014 ], [ -122.645960000430605, 45.354159999869566 ], [ -122.645342000837644, 45.353766000546983 ], [ -122.645387999970083, 45.353713999595158 ], [ -122.645446999521326, 45.353692999719215 ], [ -122.645498999399862, 45.35365399974858 ], [ -122.645554000549765, 45.353615999686646 ], [ -122.645575000466152, 45.353603999827889 ], [ -122.64561799922555, 45.353581999975063 ], [ -122.645684000246106, 45.353547000306236 ], [ -122.645749000543432, 45.353510000109836 ], [ -122.645814999767353, 45.353474999765268 ], [ -122.645871999668756, 45.353435000336994 ], [ -122.645927000818659, 45.353396000188532 ], [ -122.645981000347021, 45.353359999833486 ], [ -122.646034000050477, 45.353321999574064 ], [ -122.646084999205769, 45.353281999406384 ], [ -122.646136000157696, 45.353241999841671 ], [ -122.646187000211327, 45.353200000363024 ], [ -122.646238000264972, 45.353158000221882 ], [ -122.646286999770439, 45.353114000160879 ], [ -122.646326000128525, 45.353065000339591 ], [ -122.646340999298786, 45.352993999763157 ], [ -122.646318999557494, 45.352940000100936 ], [ -122.646265999854094, 45.35288299991057 ], [ -122.646210999602488, 45.352843000063864 ], [ -122.646152999876151, 45.352805000088594 ], [ -122.646095000149856, 45.352767000087816 ], [ -122.646034999875368, 45.352731000595178 ], [ -122.645974999600924, 45.352694000496534 ], [ -122.645872999493648, 45.352629000435329 ], [ -122.6458189999653, 45.352590000362738 ], [ -122.645875000041812, 45.352550000308952 ], [ -122.645926000095443, 45.352505999775232 ], [ -122.645976000324183, 45.35245900060206 ], [ -122.64602799930438, 45.352417000542339 ], [ -122.646076999708185, 45.352377000366246 ], [ -122.646123999563827, 45.352337000161938 ], [ -122.646161999198668, 45.352290999544749 ], [ -122.646411000517318, 45.35210999974521 ], [ -122.646537999840646, 45.352070999314989 ], [ -122.646640999772757, 45.352051999387015 ], [ -122.646746999179683, 45.352040999791299 ], [ -122.646864999180465, 45.352038999864604 ], [ -122.646926000178155, 45.352117000110972 ], [ -122.646979000779893, 45.352165000160561 ], [ -122.647275999982512, 45.352401999295971 ], [ -122.647383999937531, 45.352452000278625 ], [ -122.64749100006766, 45.352478000393376 ], [ -122.647558999839745, 45.352486999993317 ], [ -122.647634000182805, 45.352486000037864 ], [ -122.648439000271836, 45.352404999798054 ], [ -122.648487999777345, 45.352395000228078 ], [ -122.648529999610133, 45.352381000195727 ], [ -122.648582999313561, 45.352351000205097 ], [ -122.648618000371982, 45.352304000271907 ], [ -122.648628000417702, 45.352271999690636 ], [ -122.648630999892461, 45.35223599988317 ], [ -122.648617000547063, 45.352128999653708 ], [ -122.648598000280487, 45.352041999754633 ], [ -122.648569999793082, 45.351956999651485 ], [ -122.648532999983161, 45.35187300064964 ], [ -122.648450000142475, 45.351731000204673 ], [ -122.648358999905881, 45.351615999885517 ], [ -122.648271000042357, 45.351524999308161 ], [ -122.648142999995798, 45.351421000182619 ], [ -122.648097999789996, 45.351374000108443 ], [ -122.648065000178022, 45.351323000091284 ], [ -122.648044000261649, 45.35126200025789 ], [ -122.648039000238754, 45.351199999749312 ], [ -122.648052000657543, 45.351138999783394 ], [ -122.648073999500554, 45.351090000146094 ], [ -122.648102999812835, 45.351050000294727 ], [ -122.648227000559714, 45.350724000546926 ], [ -122.648368999951629, 45.350773999855562 ], [ -122.648466000036024, 45.350815999871934 ], [ -122.649020999879781, 45.351111000356561 ], [ -122.649184000086422, 45.351221999896858 ], [ -122.649309999584801, 45.351337999729793 ], [ -122.649425999935758, 45.351485999737385 ], [ -122.649527000218072, 45.351633999989339 ], [ -122.649610000058743, 45.351819999885059 ], [ -122.649644000393948, 45.352031999489178 ], [ -122.649738000105273, 45.35232300011527 ], [ -122.649769000067408, 45.352388999853879 ], [ -122.649821999770879, 45.352459000602067 ], [ -122.649882000045338, 45.352518999821669 ], [ -122.649964999885995, 45.352552000217642 ], [ -122.650058000670725, 45.352596999406551 ], [ -122.650174000123386, 45.352639999916761 ], [ -122.650246999918309, 45.352670000385537 ] ] ] } },
{ "type": "Feature", "properties": { "census lot building footprint": 0.20750430649420579, "POP20": 66.0, "infrastructure cost adjusted for footprint ($)": 2432206.7014298211 }, "geometry": { "type": "Polygon", "coordinates": [ [ [ -122.65210500069179, 45.354113000176191 ], [ -122.652097000295896, 45.354196999641019 ], [ -122.652081000402362, 45.354250999997674 ], [ -122.652032999823476, 45.354313000320225 ], [ -122.651960000028538, 45.354386000348242 ], [ -122.651939999937042, 45.354402000359137 ], [ -122.651868999791958, 45.354461000123337 ], [ -122.651779999205189, 45.354573999874482 ], [ -122.651754000164217, 45.354640000144265 ], [ -122.651741999570319, 45.355096999699875 ], [ -122.651726999501733, 45.355650999792907 ], [ -122.651683000019105, 45.355925999909942 ], [ -122.651510999591636, 45.355889000006428 ], [ -122.65126100024473, 45.355834999319036 ], [ -122.650882999952941, 45.35575400008512 ], [ -122.650663000743208, 45.355711000047165 ], [ -122.65054600056736, 45.355715000272333 ], [ -122.650474999523908, 45.355736999295985 ], [ -122.650415999972694, 45.355775999724891 ], [ -122.650340999629634, 45.355838999535415 ], [ -122.650274000580794, 45.355887000215688 ], [ -122.6501409996131, 45.356011999626332 ], [ -122.650054000472778, 45.356073999913342 ], [ -122.649718999838726, 45.355301000408261 ], [ -122.649710000516194, 45.354732999963417 ], [ -122.649605000035876, 45.354427000288133 ], [ -122.650054000472778, 45.354378999631933 ], [ -122.650124999719566, 45.354363000245861 ], [ -122.650280999355189, 45.35430099997803 ], [ -122.65061199979128, 45.354079000131918 ], [ -122.65067499954047, 45.354053000121354 ], [ -122.650754000081534, 45.354036000083774 ], [ -122.650843999594883, 45.354023999682802 ], [ -122.652101000493872, 45.354018000112625 ], [ -122.65210500069179, 45.354113000176191 ] ] ] } },
{ "type": "Feature", "properties": { "census lot building footprint": 0.21354394064075846, "POP20": 52.0, "infrastructure cost adjusted for footprint ($)": 1811479.8994319921 }, "geometry": { "type": "Polygon", "coordinates": [ [ [ -122.652101000493872, 45.354018000112625 ], [ -122.650843999594883, 45.354023999682802 ], [ -122.650754000081534, 45.354036000083774 ], [ -122.65067499954047, 45.354053000121354 ], [ -122.65061199979128, 45.354079000131918 ], [ -122.650280999355189, 45.35430099997803 ], [ -122.650124999719566, 45.354363000245861 ], [ -122.650054000472778, 45.354378999631933 ], [ -122.649605000035876, 45.354427000288133 ], [ -122.649610000058743, 45.354337999657318 ], [ -122.649618999381289, 45.354158999943671 ], [ -122.64965100006664, 45.35404599999513 ], [ -122.649780999762982, 45.353820000052373 ], [ -122.649941000494863, 45.353541999991087 ], [ -122.65000100076935, 45.353386000162345 ], [ -122.650020000137616, 45.353308999712041 ], [ -122.650473999699045, 45.353305999889159 ], [ -122.650568000308681, 45.353299000301746 ], [ -122.6506610001951, 45.353277000330344 ], [ -122.650923999960838, 45.353184999955445 ], [ -122.65160600002622, 45.352922000412491 ], [ -122.651695000613003, 45.352908000510588 ], [ -122.651821000111369, 45.352908000510595 ], [ -122.651912000347963, 45.352925000255716 ], [ -122.651981999769831, 45.352970999726281 ], [ -122.652038999671291, 45.353041000385915 ], [ -122.652082000227267, 45.353119000513857 ], [ -122.65210800016655, 45.353849999895615 ], [ -122.652101000493872, 45.354018000112625 ] ] ] } },
{ "type": "Feature", "properties": { "census lot building footprint": 0.06221507368348201, "POP20": 95.0, "infrastructure cost adjusted for footprint ($)": 9789789.7033809051 }, "geometry": { "type": "Polygon", "coordinates": [ [ [ -122.652810000323413, 45.349494000490019 ], [ -122.65242100016097, 45.350273000367892 ], [ -122.652298999962255, 45.350473999553373 ], [ -122.65210600051671, 45.350701000218805 ], [ -122.651760000011976, 45.351094000697799 ], [ -122.650246999918309, 45.352670000385537 ], [ -122.650174000123386, 45.352639999916761 ], [ -122.650058000670725, 45.352596999406551 ], [ -122.649964999885995, 45.352552000217642 ], [ -122.649882000045338, 45.352518999821669 ], [ -122.649821999770879, 45.352459000602067 ], [ -122.649769000067408, 45.352388999853879 ], [ -122.649738000105273, 45.35232300011527 ], [ -122.649644000393948, 45.352031999489178 ], [ -122.649610000058743, 45.351819999885059 ], [ -122.649527000218072, 45.351633999989339 ], [ -122.649425999935758, 45.351485999737385 ], [ -122.649309999584801, 45.351337999729793 ], [ -122.649184000086422, 45.351221999896858 ], [ -122.649020999879781, 45.351111000356561 ], [ -122.648466000036024, 45.350815999871934 ], [ -122.648368999951629, 45.350773999855562 ], [ -122.648227000559714, 45.350724000546926 ], [ -122.648142000170949, 45.350706999509306 ], [ -122.648014000124405, 45.350692999690793 ], [ -122.647883999529739, 45.350690999716392 ], [ -122.647771000450135, 45.350701000218798 ], [ -122.647640000030549, 45.350724000546947 ], [ -122.647445000036925, 45.350787999654045 ], [ -122.647244000195457, 45.350839000153357 ], [ -122.646952999942314, 45.350891999942704 ], [ -122.646823000245988, 45.350901999778273 ], [ -122.646506999878454, 45.35090199977828 ], [ -122.646336000174259, 45.350897000491997 ], [ -122.646164999571695, 45.35088299945788 ], [ -122.646039000073316, 45.350866999714704 ], [ -122.645871999668756, 45.350839000153357 ], [ -122.645732999751587, 45.350802000711674 ], [ -122.645623999971633, 45.350775999826993 ], [ -122.645468000336038, 45.35072599988878 ], [ -122.64451099991102, 45.350368000404821 ], [ -122.64492199981477, 45.349960000566895 ], [ -122.645069999952753, 45.349831999776399 ], [ -122.64537600027451, 45.349607000057681 ], [ -122.64561300010098, 45.349458999555772 ], [ -122.645819999790248, 45.349353000400328 ], [ -122.646106000020481, 45.349247999796354 ], [ -122.646453999276716, 45.349164000561885 ], [ -122.649374000057193, 45.348549999891389 ], [ -122.649648000591924, 45.348511000164699 ], [ -122.649804000227547, 45.348496000408346 ], [ -122.649926999352843, 45.34850100053805 ], [ -122.65007799986391, 45.34850199930122 ], [ -122.65032300008626, 45.348537000195918 ], [ -122.650827999701349, 45.348641999593532 ], [ -122.650993000456126, 45.34868699999722 ], [ -122.65128800000889, 45.34878800029604 ], [ -122.651932000439459, 45.349063000302635 ], [ -122.652300000685457, 45.349261000591234 ], [ -122.652778999462939, 45.349479999740147 ], [ -122.652810000323413, 45.349494000490019 ] ] ] } },
{ "type": "Feature", "properties": { "census lot building footprint": 0.11074457583046714, "POP20": 242.0, "infrastructure cost adjusted for footprint ($)": 7514786.1130141998 }, "geometry": { "type": "Polygon", "coordinates": [ [ [ -122.660595999826484, 45.351804999743038 ], [ -122.659547000238305, 45.351886000210243 ], [ -122.659383999133397, 45.351905000193931 ], [ -122.659004000090079, 45.351926000102026 ], [ -122.658824000165041, 45.351943000142192 ], [ -122.658541000307807, 45.351970000455374 ], [ -122.658221999567317, 45.351981000064924 ], [ -122.657981999367777, 45.351965999965564 ], [ -122.65773299984572, 45.351882999680633 ], [ -122.657004999749574, 45.351502000568161 ], [ -122.655608999831756, 45.350818000473197 ], [ -122.653454000753968, 45.349789999661084 ], [ -122.652810000323413, 45.349494000490019 ], [ -122.652778999462939, 45.349479999740147 ], [ -122.652300000685457, 45.349261000591234 ], [ -122.652195000205168, 45.34916000050503 ], [ -122.651986999792697, 45.348902000029319 ], [ -122.651951000706021, 45.348811000138902 ], [ -122.65191999984556, 45.348674000333212 ], [ -122.651880999487517, 45.348500000512125 ], [ -122.651871000340108, 45.34835199964099 ], [ -122.651868999791958, 45.347736000184895 ], [ -122.652671000406229, 45.347817000162031 ], [ -122.653394000479508, 45.347982999908957 ], [ -122.65364100035174, 45.348039999983584 ], [ -122.654195000370606, 45.348191999901999 ], [ -122.654593999680444, 45.348324000098152 ], [ -122.655061999485611, 45.348471999779768 ], [ -122.655392000096796, 45.348601999906116 ], [ -122.655775000411452, 45.348746000037394 ], [ -122.656212000254399, 45.348982000214534 ], [ -122.656587000173189, 45.349155999816588 ], [ -122.656805000631365, 45.349273000108155 ], [ -122.657301999850532, 45.349504999949481 ], [ -122.658300000283404, 45.350060000489741 ], [ -122.659257999635003, 45.350739000344149 ], [ -122.659927000179891, 45.351213999442464 ], [ -122.660294000601041, 45.351540000155666 ], [ -122.660595999826484, 45.351804999743038 ] ] ] } },
{ "type": "Feature", "properties": { "census lot building footprint": 0.14389222159237242, "POP20": 963.0, "infrastructure cost adjusted for footprint ($)": 27130889.163380001 }, "geometry": { "type": "Polygon", "coordinates": [ [ [ -122.661326000470751, 45.354342999902158 ], [ -122.661319999724668, 45.35460500049858 ], [ -122.661275999343772, 45.355465999765649 ], [ -122.661284999564586, 45.356021999819774 ], [ -122.661275999343744, 45.356435000204499 ], [ -122.66127799989188, 45.357495999659569 ], [ -122.661030000194756, 45.357494999792614 ], [ -122.660810999911661, 45.357511999422329 ], [ -122.660595999826484, 45.35754800029229 ], [ -122.660394000160125, 45.357601000111153 ], [ -122.660276999984276, 45.357641000382195 ], [ -122.659792000460698, 45.357827999964556 ], [ -122.65972099941726, 45.357842000542988 ], [ -122.659601999591573, 45.357850999921112 ], [ -122.659492999811647, 45.357841000050946 ], [ -122.659380000732028, 45.357813000152525 ], [ -122.659291000145288, 45.357763000119014 ], [ -122.659247999589283, 45.357736999907452 ], [ -122.659204000106655, 45.357699000062205 ], [ -122.659167000296705, 45.357656000239828 ], [ -122.658979999800636, 45.357313000354637 ], [ -122.658927999922099, 45.357203999880326 ], [ -122.658857999601921, 45.357093999953193 ], [ -122.65876099951754, 45.356981000184149 ], [ -122.658618000300706, 45.356835999663978 ], [ -122.658481000033362, 45.356711999429372 ], [ -122.658264000298402, 45.356533000281225 ], [ -122.658083999475011, 45.356491000088759 ], [ -122.657979999717952, 45.356477000438531 ], [ -122.657854000219601, 45.356468000210626 ], [ -122.657433000270075, 45.356468000210633 ], [ -122.657006999399385, 45.356445999577446 ], [ -122.656863000357689, 45.356444999691909 ], [ -122.656754999504344, 45.356455000440036 ], [ -122.656685000082462, 45.356490000204047 ], [ -122.656608999914482, 45.35653400016519 ], [ -122.656551000188159, 45.356606999853128 ], [ -122.656541999967303, 45.35667499940859 ], [ -122.656562999883718, 45.356746000416699 ], [ -122.656594999670773, 45.356805000262071 ], [ -122.656639000051698, 45.356854999879552 ], [ -122.656793999862401, 45.357012000120925 ], [ -122.65685800033485, 45.357108000082036 ], [ -122.656909999315033, 45.357207999999886 ], [ -122.656919000434186, 45.35729699927311 ], [ -122.656916999886008, 45.357402999962552 ], [ -122.656849999938899, 45.357839000329164 ], [ -122.656762000075318, 45.358068000203993 ], [ -122.656668000364022, 45.358272999523514 ], [ -122.65659999969364, 45.358370999573189 ], [ -122.656567000081694, 45.358451999479712 ], [ -122.656551000188188, 45.358506999412512 ], [ -122.656550000363239, 45.358638000322401 ], [ -122.656577999952347, 45.358739000537426 ], [ -122.6566310005541, 45.358831999932292 ], [ -122.656701999800887, 45.358993999571943 ], [ -122.65670900037189, 45.359035999800206 ], [ -122.656669000188941, 45.359128000131221 ], [ -122.656592000196042, 45.359215999704084 ], [ -122.656521999875821, 45.359268999854208 ], [ -122.656400999502026, 45.359333000028883 ], [ -122.656249999889269, 45.359381000270133 ], [ -122.656105000124313, 45.359405999893163 ], [ -122.655803999825423, 45.359435999931101 ], [ -122.655706999741057, 45.359382000103786 ], [ -122.655692000570767, 45.359359999972341 ], [ -122.655678999253624, 45.359253999792905 ], [ -122.655661999535212, 45.358778999372831 ], [ -122.655635000669335, 45.35864599972728 ], [ -122.655541999884619, 45.358484000353748 ], [ -122.655319000301844, 45.35815599953176 ], [ -122.655467999366451, 45.358076999546171 ], [ -122.65555699995322, 45.358019999480057 ], [ -122.655653000212652, 45.357917000156299 ], [ -122.655686999649603, 45.357807999583045 ], [ -122.655705000091231, 45.357709999820692 ], [ -122.655708000464287, 45.35748800009209 ], [ -122.655700000068364, 45.357413999778558 ], [ -122.655669999931135, 45.3573640000238 ], [ -122.65558999956518, 45.357276000095581 ], [ -122.655388999723769, 45.357088999951436 ], [ -122.655274000096014, 45.356969999652769 ], [ -122.655124000308163, 45.356793999696428 ], [ -122.655023999850769, 45.356639999759018 ], [ -122.654905999849987, 45.356365999842488 ], [ -122.654857000344492, 45.356314999905095 ], [ -122.654823000009301, 45.356298000546978 ], [ -122.654791000222303, 45.356291000067174 ], [ -122.654736999795588, 45.356295000251251 ], [ -122.65458500035794, 45.35634399980087 ], [ -122.654374999397348, 45.356421999795074 ], [ -122.654260999594527, 45.356477000438517 ], [ -122.654171999906026, 45.356529000113945 ], [ -122.654106999608729, 45.356613000411315 ], [ -122.654100999760942, 45.356655999763802 ], [ -122.654089999890303, 45.356733999959204 ], [ -122.654094000088278, 45.356833999906733 ], [ -122.654126999700225, 45.356959000381678 ], [ -122.65423599948015, 45.357197000143799 ], [ -122.654458999961221, 45.357449000211872 ], [ -122.654299000127665, 45.357547000426251 ], [ -122.65396699986664, 45.357795999981946 ], [ -122.653710999773622, 45.357995000507152 ], [ -122.653299000044981, 45.357803999505869 ], [ -122.652996999921172, 45.357619000205048 ], [ -122.652852999981107, 45.357483999992333 ], [ -122.652755000071807, 45.35732199981689 ], [ -122.652749000224077, 45.357294000292853 ], [ -122.653719999994465, 45.357312000484427 ], [ -122.653745999933705, 45.357312000484441 ], [ -122.653687000382462, 45.35714899994349 ], [ -122.65362500045822, 45.356979000432041 ], [ -122.653357999596196, 45.356979000432013 ], [ -122.65302200003552, 45.35697900043202 ], [ -122.652907000407765, 45.356979000432027 ], [ -122.65272199956155, 45.356980000308106 ], [ -122.652724999934591, 45.356916999874151 ], [ -122.652909999882539, 45.356921000013998 ], [ -122.653130999815474, 45.356915999996957 ], [ -122.65321299983124, 45.356902000451811 ], [ -122.653242999968455, 45.356887000394281 ], [ -122.653285999626135, 45.356850999735045 ], [ -122.65331099974054, 45.356788000419918 ], [ -122.653314000113568, 45.356701999989134 ], [ -122.653312000463714, 45.356663000198431 ], [ -122.65331099974054, 45.356614000293874 ], [ -122.653308000265824, 45.356550000199967 ], [ -122.653294999846977, 45.356490000204033 ], [ -122.653276000478769, 45.356444999691909 ], [ -122.653264999709791, 45.356430000144471 ], [ -122.653253000014189, 45.356414000075759 ], [ -122.653204999435317, 45.356386000102454 ], [ -122.653151999731861, 45.356375000086608 ], [ -122.653083000134885, 45.356375999973324 ], [ -122.652943000392796, 45.35639200005285 ], [ -122.652662000185416, 45.356409999900052 ], [ -122.652512000397579, 45.356092999753493 ], [ -122.652833999714559, 45.355644999763967 ], [ -122.653023000758751, 45.355307999748042 ], [ -122.653063000043417, 45.355249000235652 ], [ -122.65278600003397, 45.355170000610357 ], [ -122.652469999666451, 45.355106000145817 ], [ -122.652191999832141, 45.355091000243441 ], [ -122.651741999570319, 45.355096999699875 ], [ -122.651754000164217, 45.354640000144265 ], [ -122.651779999205189, 45.354573999874482 ], [ -122.651868999791958, 45.354461000123337 ], [ -122.651939999937042, 45.354402000359137 ], [ -122.651960000028538, 45.354386000348242 ], [ -122.652032999823476, 45.354313000320225 ], [ -122.652081000402362, 45.354250999997674 ], [ -122.652097000295896, 45.354196999641019 ], [ -122.65210500069179, 45.354113000176191 ], [ -122.652101000493872, 45.354018000112625 ], [ -122.65210800016655, 45.353849999895615 ], [ -122.652082000227267, 45.353119000513857 ], [ -122.652038999671291, 45.353041000385915 ], [ -122.651981999769831, 45.352970999726281 ], [ -122.651912000347963, 45.352925000255716 ], [ -122.651821000111369, 45.352908000510595 ], [ -122.651695000613003, 45.352908000510588 ], [ -122.65160600002622, 45.352922000412491 ], [ -122.650923999960838, 45.353184999955445 ], [ -122.6506610001951, 45.353277000330344 ], [ -122.650568000308681, 45.353299000301746 ], [ -122.650473999699045, 45.353305999889159 ], [ -122.650020000137616, 45.353308999712041 ], [ -122.650025999985345, 45.353080000147671 ], [ -122.650153000206984, 45.352813999636489 ], [ -122.650246999918309, 45.352670000385537 ], [ -122.651760000011976, 45.351094000697799 ], [ -122.65210600051671, 45.350701000218805 ], [ -122.652298999962255, 45.350473999553373 ], [ -122.65242100016097, 45.350273000367892 ], [ -122.652810000323413, 45.349494000490019 ], [ -122.653454000753968, 45.349789999661084 ], [ -122.655608999831756, 45.350818000473197 ], [ -122.655572999846754, 45.35210499993434 ], [ -122.655570000372037, 45.352205000486464 ], [ -122.655572999846754, 45.352402999884163 ], [ -122.655550000280542, 45.352573000516912 ], [ -122.655641999443759, 45.352603999712031 ], [ -122.655736999878286, 45.352646000264286 ], [ -122.655847000381456, 45.3527030000621 ], [ -122.655938999544674, 45.352758999851844 ], [ -122.656007000214998, 45.352817000116758 ], [ -122.656054000070682, 45.352887000335585 ], [ -122.656076999636895, 45.352940000100951 ], [ -122.656109999248869, 45.353083000613857 ], [ -122.656459999951551, 45.353712999661354 ], [ -122.656607000264643, 45.354155000239793 ], [ -122.656750999306368, 45.354311000473849 ], [ -122.657196000443605, 45.354382000029219 ], [ -122.657628000263742, 45.354480999794077 ], [ -122.657896999877238, 45.354490999626783 ], [ -122.658505000322805, 45.354454000047546 ], [ -122.658758000042795, 45.354429000130445 ], [ -122.65893799996789, 45.354399999884571 ], [ -122.659300000366102, 45.354194000496463 ], [ -122.659376000534081, 45.35408999996281 ], [ -122.659456999826617, 45.353920000099244 ], [ -122.659567000329801, 45.353776999807444 ], [ -122.659866000080541, 45.353368999924392 ], [ -122.660435000168022, 45.353574999790489 ], [ -122.660722000223231, 45.353677000139179 ], [ -122.660833999477902, 45.353726000061869 ], [ -122.660971999570151, 45.353802000012578 ], [ -122.661092999943975, 45.353892000154481 ], [ -122.661158999167895, 45.353953000309502 ], [ -122.661217999617449, 45.354019000672295 ], [ -122.661267999846146, 45.354088000108426 ], [ -122.661330000668755, 45.354202999823485 ], [ -122.661326000470751, 45.354342999902158 ] ] ] } },
{ "type": "Feature", "properties": { "census lot building footprint": 0.21290286486827409, "POP20": 24.0, "infrastructure cost adjusted for footprint ($)": 362482.61178795912 }, "geometry": { "type": "Polygon", "coordinates": [ [ [ -122.653314000113568, 45.356701999989134 ], [ -122.65331099974054, 45.356788000419918 ], [ -122.653285999626135, 45.356850999735045 ], [ -122.653242999968455, 45.356887000394281 ], [ -122.65321299983124, 45.356902000451811 ], [ -122.653130999815474, 45.356915999996957 ], [ -122.652909999882539, 45.356921000013998 ], [ -122.652724999934591, 45.356916999874151 ], [ -122.652733000330514, 45.356753999457815 ], [ -122.652725999759497, 45.35666900011946 ], [ -122.652715999713749, 45.356621000102457 ], [ -122.652683000101774, 45.356466999694263 ], [ -122.652662000185416, 45.356409999900052 ], [ -122.652943000392796, 45.35639200005285 ], [ -122.653083000134885, 45.356375999973324 ], [ -122.653151999731861, 45.356375000086608 ], [ -122.653204999435317, 45.356386000102454 ], [ -122.653253000014189, 45.356414000075759 ], [ -122.653264999709791, 45.356430000144471 ], [ -122.653276000478769, 45.356444999691909 ], [ -122.653294999846977, 45.356490000204033 ], [ -122.653308000265824, 45.356550000199967 ], [ -122.65331099974054, 45.356614000293874 ], [ -122.653312000463714, 45.356663000198431 ], [ -122.653314000113568, 45.356701999989134 ] ] ] } },
{ "type": "Feature", "properties": { "census lot building footprint": 0.042673418396162899, "POP20": 4.0, "infrastructure cost adjusted for footprint ($)": 146569.79579354945 }, "geometry": { "type": "Polygon", "coordinates": [ [ [ -122.653719999994465, 45.357312000484427 ], [ -122.652749000224077, 45.357294000292853 ], [ -122.652715999713749, 45.357124999828038 ], [ -122.65272199956155, 45.356980000308106 ], [ -122.652907000407765, 45.356979000432027 ], [ -122.65302200003552, 45.35697900043202 ], [ -122.653357999596196, 45.356979000432013 ], [ -122.65362500045822, 45.356979000432041 ], [ -122.653687000382462, 45.35714899994349 ], [ -122.653745999933705, 45.357312000484441 ], [ -122.653719999994465, 45.357312000484427 ] ] ] } },
{ "type": "Feature", "properties": { "census lot building footprint": 0.26449319384664521, "POP20": 62.0, "infrastructure cost adjusted for footprint ($)": 1058455.0881898173 }, "geometry": { "type": "Polygon", "coordinates": [ [ [ -122.655705000091231, 45.357709999820692 ], [ -122.655686999649603, 45.357807999583045 ], [ -122.655653000212652, 45.357917000156299 ], [ -122.65555699995322, 45.358019999480057 ], [ -122.655467999366451, 45.358076999546171 ], [ -122.655319000301844, 45.35815599953176 ], [ -122.655237000286093, 45.358089000350098 ], [ -122.655122999584961, 45.357978000391292 ], [ -122.654849999773489, 45.357752999602056 ], [ -122.654458999961221, 45.357449000211872 ], [ -122.65423599948015, 45.357197000143799 ], [ -122.654126999700225, 45.356959000381678 ], [ -122.654094000088278, 45.356833999906733 ], [ -122.654089999890303, 45.356733999959204 ], [ -122.654100999760942, 45.356655999763802 ], [ -122.654106999608729, 45.356613000411315 ], [ -122.654171999906026, 45.356529000113945 ], [ -122.654260999594527, 45.356477000438517 ], [ -122.654374999397348, 45.356421999795074 ], [ -122.65458500035794, 45.35634399980087 ], [ -122.654736999795588, 45.356295000251251 ], [ -122.654791000222303, 45.356291000067174 ], [ -122.654823000009301, 45.356298000546978 ], [ -122.654857000344492, 45.356314999905095 ], [ -122.654905999849987, 45.356365999842488 ], [ -122.655023999850769, 45.356639999759018 ], [ -122.655124000308163, 45.356793999696428 ], [ -122.655274000096014, 45.356969999652769 ], [ -122.655388999723769, 45.357088999951436 ], [ -122.65558999956518, 45.357276000095581 ], [ -122.655669999931135, 45.3573640000238 ], [ -122.655700000068364, 45.357413999778558 ], [ -122.655708000464287, 45.35748800009209 ], [ -122.655705000091231, 45.357709999820692 ] ] ] } },
{ "type": "Feature", "properties": { "census lot building footprint": 3.282914043446211, "POP20": 48.0, "infrastructure cost adjusted for footprint ($)": 45811.028011357761 }, "geometry": { "type": "Polygon", "coordinates": [ [ [ -122.651591999782511, 45.362400999900238 ], [ -122.651400000161928, 45.362599000232144 ], [ -122.650993000456097, 45.362375999707091 ], [ -122.650895000546811, 45.362347999528097 ], [ -122.650795000089403, 45.362325000137133 ], [ -122.650705000576025, 45.362308999841773 ], [ -122.650572999433237, 45.36230899984178 ], [ -122.650451999957724, 45.362321000379275 ], [ -122.650316999340191, 45.362341000427918 ], [ -122.650256000139123, 45.362216999633709 ], [ -122.650222999628866, 45.362136999852559 ], [ -122.650223999453786, 45.362044000209337 ], [ -122.650241000070523, 45.36192999980701 ], [ -122.650308999842608, 45.3618439996172 ], [ -122.650467999851273, 45.361617999889837 ], [ -122.650828999526254, 45.36159199955609 ], [ -122.650903000044408, 45.361606999628741 ], [ -122.65098900025815, 45.361635000174466 ], [ -122.651047999809393, 45.361672000107859 ], [ -122.651108000083852, 45.36173099986641 ], [ -122.651145999718665, 45.361827000026658 ], [ -122.651159999962374, 45.361898000250719 ], [ -122.651202999620111, 45.362021999850612 ], [ -122.651248000724223, 45.362091000258538 ], [ -122.65129199930854, 45.36213900005361 ], [ -122.651359999978894, 45.362187000439057 ], [ -122.651465000459211, 45.362241999897151 ], [ -122.651659000627973, 45.362326000549892 ], [ -122.651591999782511, 45.362400999900238 ] ] ] } },
{ "type": "Feature", "properties": { "census lot building footprint": 0.03938378469629613, "POP20": 331.0, "infrastructure cost adjusted for footprint ($)": 23586139.89407314 }, "geometry": { "type": "Polygon", "coordinates": [ [ [ -122.652885000666501, 45.361980999733042 ], [ -122.652862000201949, 45.36200199968922 ], [ -122.652595000238279, 45.36222900019073 ], [ -122.652326999551335, 45.362521000547488 ], [ -122.652111999466186, 45.362817999524381 ], [ -122.651400000161928, 45.362599000232144 ], [ -122.651591999782511, 45.362400999900238 ], [ -122.651659000627973, 45.362326000549892 ], [ -122.651744999943418, 45.36226199997369 ], [ -122.651898000104268, 45.362052000395046 ], [ -122.651933999190959, 45.361985000146078 ], [ -122.651915999647613, 45.361809000008996 ], [ -122.651914999822694, 45.36172899965095 ], [ -122.651939000112122, 45.361652999616275 ], [ -122.652010000257263, 45.361516999764476 ], [ -122.652034999473315, 45.361438000053241 ], [ -122.652041000219384, 45.361391000092773 ], [ -122.652041000219384, 45.361297999854514 ], [ -122.652050000440212, 45.361222999673188 ], [ -122.651913000172854, 45.361224000105402 ], [ -122.651636000163435, 45.361255000242402 ], [ -122.651327000366976, 45.361255999411725 ], [ -122.650946999527051, 45.361235000441049 ], [ -122.650749000058639, 45.361217999405028 ], [ -122.650566000658841, 45.361202000058988 ], [ -122.650562000460909, 45.361313000636258 ], [ -122.650543000194304, 45.361417999685365 ], [ -122.650467999851273, 45.361617999889837 ], [ -122.650308999842608, 45.3618439996172 ], [ -122.650241000070523, 45.36192999980701 ], [ -122.650223999453786, 45.362044000209337 ], [ -122.650222999628866, 45.362136999852559 ], [ -122.650256000139123, 45.362216999633709 ], [ -122.650316999340191, 45.362341000427918 ], [ -122.649670000333217, 45.362562000273797 ], [ -122.649649000416815, 45.362568999977746 ], [ -122.649398999273245, 45.362643999637108 ], [ -122.649020000054875, 45.362712000142849 ], [ -122.648969000001273, 45.362541000525439 ], [ -122.648800999771765, 45.362238999916563 ], [ -122.648461000013128, 45.361869000045523 ], [ -122.648092999767101, 45.361647999386172 ], [ -122.64753799992333, 45.36127699963702 ], [ -122.647135000415503, 45.360848999607647 ], [ -122.647763000054255, 45.360534999783503 ], [ -122.648044000261649, 45.360395000506301 ], [ -122.648334999616466, 45.360249000079577 ], [ -122.648716999207863, 45.360058000374835 ], [ -122.649450000225201, 45.359692000071036 ], [ -122.649503999753577, 45.359664999654761 ], [ -122.650060000320593, 45.359538000446214 ], [ -122.650365999743954, 45.359469999912868 ], [ -122.650653999624083, 45.359570000074854 ], [ -122.650863999686351, 45.359642999633358 ], [ -122.650882999952941, 45.359648999869577 ], [ -122.65160299965315, 45.359899000099105 ], [ -122.651887000233614, 45.35999800031135 ], [ -122.65202800069892, 45.360047999632258 ], [ -122.652098999945736, 45.360071999770298 ], [ -122.652273000022987, 45.360133000206901 ], [ -122.652451000298186, 45.360692999723902 ], [ -122.652575999971688, 45.361038000189403 ], [ -122.652598999537901, 45.36110099982222 ], [ -122.652908999159294, 45.361959999769049 ], [ -122.652885000666501, 45.361980999733042 ] ] ] } },
{ "type": "Feature", "properties": { "census lot building footprint": 0.1504990169545232, "POP20": 360.0, "infrastructure cost adjusted for footprint ($)": 19098479.894548133 }, "geometry": { "type": "Polygon", "coordinates": [ [ [ -122.654994000611836, 45.35921800000839 ], [ -122.654982000017952, 45.359532000198264 ], [ -122.654981000193047, 45.359586999712405 ], [ -122.65496299975139, 45.359832999650976 ], [ -122.654937000710419, 45.360185999498036 ], [ -122.654751999864189, 45.360540999925107 ], [ -122.654601000251446, 45.360830999910071 ], [ -122.654474999854756, 45.360917000377285 ], [ -122.653240000493739, 45.361769999951129 ], [ -122.652908999159294, 45.361959999769049 ], [ -122.652598999537901, 45.36110099982222 ], [ -122.652575999971688, 45.361038000189403 ], [ -122.652451000298186, 45.360692999723902 ], [ -122.652273000022987, 45.360133000206901 ], [ -122.652098999945736, 45.360071999770298 ], [ -122.65202800069892, 45.360047999632258 ], [ -122.651887000233614, 45.35999800031135 ], [ -122.65160299965315, 45.359899000099105 ], [ -122.650882999952941, 45.359648999869577 ], [ -122.650863999686351, 45.359642999633358 ], [ -122.650653999624083, 45.359570000074854 ], [ -122.650365999743954, 45.359469999912868 ], [ -122.650060000320593, 45.359538000446214 ], [ -122.649503999753577, 45.359664999654761 ], [ -122.649450000225201, 45.359692000071036 ], [ -122.648716999207863, 45.360058000374835 ], [ -122.648178000155923, 45.359651999987449 ], [ -122.647947000177254, 45.359473000040175 ], [ -122.647985999636958, 45.359371000039175 ], [ -122.64753600027349, 45.359286999417506 ], [ -122.646485999962096, 45.359090000588949 ], [ -122.646095000149828, 45.359016999685792 ], [ -122.646099000347803, 45.358979999909721 ], [ -122.646145999305148, 45.358830000245575 ], [ -122.6462320004172, 45.358684999413668 ], [ -122.646379999656872, 45.35849899998793 ], [ -122.646485999962067, 45.358249000516018 ], [ -122.64651100007643, 45.358010000270916 ], [ -122.646424000037797, 45.357491999560359 ], [ -122.646538999665566, 45.357475999791887 ], [ -122.646681999780654, 45.357433000431293 ], [ -122.646804999804317, 45.357383000062065 ], [ -122.646956000315356, 45.357285000194899 ], [ -122.647063999372079, 45.357198000647273 ], [ -122.647179999723008, 45.35708699957187 ], [ -122.647288000576381, 45.35701700012951 ], [ -122.647391999435158, 45.356966999392668 ], [ -122.647629000159938, 45.356899000188115 ], [ -122.647970000641749, 45.356802999872457 ], [ -122.648115999333342, 45.356753999457801 ], [ -122.648212999417737, 45.356711000179807 ], [ -122.648322999920879, 45.356653999368916 ], [ -122.648447999594339, 45.356570000394953 ], [ -122.648500000371158, 45.356542999751348 ], [ -122.648873999566689, 45.356345999575453 ], [ -122.649292999866347, 45.356302000730615 ], [ -122.649593000340346, 45.356269999885015 ], [ -122.649629000325348, 45.356265999699133 ], [ -122.649811999725117, 45.356183000039351 ], [ -122.649989000175452, 45.356103000563834 ], [ -122.650054000472778, 45.356073999913342 ], [ -122.6501409996131, 45.356011999626332 ], [ -122.650274000580794, 45.355887000215688 ], [ -122.650340999629634, 45.355838999535415 ], [ -122.650415999972694, 45.355775999724891 ], [ -122.650474999523908, 45.355736999295985 ], [ -122.65054600056736, 45.355715000272333 ], [ -122.650663000743208, 45.355711000047165 ], [ -122.650882999952941, 45.35575400008512 ], [ -122.65126100024473, 45.355834999319036 ], [ -122.651510999591636, 45.355889000006428 ], [ -122.651683000019105, 45.355925999909942 ], [ -122.651816000088502, 45.355955000005068 ], [ -122.651811000065607, 45.355996000070711 ], [ -122.651862999944171, 45.356136000132366 ], [ -122.65204500041736, 45.356629000423759 ], [ -122.652118000212297, 45.356829999760706 ], [ -122.652160000045086, 45.356815999563096 ], [ -122.652598999537929, 45.356659999922101 ], [ -122.652715999713749, 45.356621000102457 ], [ -122.652725999759497, 45.35666900011946 ], [ -122.652733000330514, 45.356753999457815 ], [ -122.652724999934591, 45.356916999874151 ], [ -122.65272199956155, 45.356980000308106 ], [ -122.652715999713749, 45.357124999828038 ], [ -122.652749000224077, 45.357294000292853 ], [ -122.652755000071807, 45.35732199981689 ], [ -122.652852999981107, 45.357483999992333 ], [ -122.652996999921172, 45.357619000205048 ], [ -122.653299000044981, 45.357803999505869 ], [ -122.653710999773622, 45.357995000507152 ], [ -122.653901000642705, 45.358112000200585 ], [ -122.654102999410782, 45.358236999746033 ], [ -122.654313000371374, 45.35839299945799 ], [ -122.654423999801139, 45.358484000353762 ], [ -122.654555000220711, 45.358611999881653 ], [ -122.654591000205713, 45.358646999573928 ], [ -122.654725999924935, 45.358776000471096 ], [ -122.654790000397384, 45.358856999797872 ], [ -122.654878000260894, 45.358967000085002 ], [ -122.65499500043677, 45.359179999895368 ], [ -122.654994000611836, 45.35921800000839 ] ] ] } },
{ "type": "Feature", "properties": { "census lot building footprint": 0.25563186029616891, "POP20": 38.0, "infrastructure cost adjusted for footprint ($)": 682908.74987880629 }, "geometry": { "type": "Polygon", "coordinates": [ [ [ -122.653023000758751, 45.355307999748042 ], [ -122.652833999714559, 45.355644999763967 ], [ -122.652512000397579, 45.356092999753493 ], [ -122.652390000198835, 45.356082000311908 ], [ -122.652191999832141, 45.356035999582573 ], [ -122.652008000607438, 45.355996000070689 ], [ -122.651816000088502, 45.355955000005068 ], [ -122.651683000019105, 45.355925999909942 ], [ -122.651726999501733, 45.355650999792907 ], [ -122.651741999570319, 45.355096999699875 ], [ -122.652191999832141, 45.355091000243441 ], [ -122.652469999666451, 45.355106000145817 ], [ -122.65278600003397, 45.355170000610357 ], [ -122.653063000043417, 45.355249000235652 ], [ -122.653023000758751, 45.355307999748042 ] ] ] } },
{ "type": "Feature", "properties": { "census lot building footprint": 0.22456925074280198, "POP20": 115.0, "infrastructure cost adjusted for footprint ($)": 2350606.0680460432 }, "geometry": { "type": "Polygon", "coordinates": [ [ [ -122.649989000175452, 45.356103000563834 ], [ -122.649811999725117, 45.356183000039351 ], [ -122.649629000325348, 45.356265999699133 ], [ -122.649593000340346, 45.356269999885015 ], [ -122.649292999866347, 45.356302000730615 ], [ -122.648873999566689, 45.356345999575453 ], [ -122.648500000371158, 45.356542999751348 ], [ -122.648447999594339, 45.356570000394953 ], [ -122.647725999345994, 45.355911000224957 ], [ -122.647515000357117, 45.355704000126011 ], [ -122.647586999428825, 45.355625999773387 ], [ -122.647684999338097, 45.355483000636198 ], [ -122.647741000312919, 45.355426999754386 ], [ -122.647801999513973, 45.355380000482008 ], [ -122.647834000199353, 45.355347999746314 ], [ -122.647101999905246, 45.35485100000264 ], [ -122.647452999534551, 45.354613999760254 ], [ -122.648277999715035, 45.354020000600677 ], [ -122.648399000088858, 45.353942999750423 ], [ -122.648496999998159, 45.353913999886814 ], [ -122.648626999694486, 45.353907999673702 ], [ -122.64868799979385, 45.353918000238927 ], [ -122.648764999786763, 45.353940000592431 ], [ -122.648849000350651, 45.35397900036601 ], [ -122.648868000617242, 45.35400100069576 ], [ -122.648914999574586, 45.354097000083605 ], [ -122.648922000145589, 45.354145999642633 ], [ -122.648958999955511, 45.354262999719225 ], [ -122.649016999681848, 45.354337999657346 ], [ -122.649112000116389, 45.354400999806224 ], [ -122.649228999393927, 45.354434999657045 ], [ -122.649431999783545, 45.354440999814237 ], [ -122.649605000035876, 45.354427000288133 ], [ -122.649710000516194, 45.354732999963417 ], [ -122.649718999838726, 45.355301000408261 ], [ -122.650054000472778, 45.356073999913342 ], [ -122.649989000175452, 45.356103000563834 ] ] ] } },
{ "type": "Feature", "properties": { "census lot building footprint": 0.19041605363433625, "POP20": 110.0, "infrastructure cost adjusted for footprint ($)": 3830268.3130261791 }, "geometry": { "type": "Polygon", "coordinates": [ [ [ -122.648322999920879, 45.356653999368916 ], [ -122.648212999417737, 45.356711000179807 ], [ -122.648115999333342, 45.356753999457801 ], [ -122.647970000641749, 45.356802999872457 ], [ -122.647629000159938, 45.356899000188115 ], [ -122.647391999435158, 45.356966999392668 ], [ -122.647288000576381, 45.35701700012951 ], [ -122.647179999723008, 45.35708699957187 ], [ -122.647063999372079, 45.357198000647273 ], [ -122.646956000315356, 45.357285000194899 ], [ -122.646804999804317, 45.357383000062065 ], [ -122.646681999780654, 45.357433000431293 ], [ -122.646538999665566, 45.357475999791887 ], [ -122.646424000037797, 45.357491999560359 ], [ -122.646396999375327, 45.357423999724261 ], [ -122.646366000311474, 45.357364000023821 ], [ -122.646244000112759, 45.357209999743922 ], [ -122.645912999676653, 45.356875999844611 ], [ -122.645518999491358, 45.356522999546868 ], [ -122.644895999875502, 45.355979999879224 ], [ -122.644994999609693, 45.355911000224964 ], [ -122.645127000752495, 45.355840000062912 ], [ -122.645263000296637, 45.355738999723265 ], [ -122.645336999916481, 45.35565600055299 ], [ -122.645541999955896, 45.355460000348366 ], [ -122.64560200023034, 45.355403000171094 ], [ -122.645716000033147, 45.355338999970108 ], [ -122.645810999569377, 45.35529700015389 ], [ -122.645939000514232, 45.35525399976877 ], [ -122.646034000050477, 45.355235999553813 ], [ -122.646132999784669, 45.355229000205135 ], [ -122.646445999779118, 45.355228000298105 ], [ -122.646586000419518, 45.35521000070608 ], [ -122.646697999674217, 45.355156999910342 ], [ -122.647101999905246, 45.35485100000264 ], [ -122.647834000199353, 45.355347999746314 ], [ -122.647801999513973, 45.355380000482008 ], [ -122.647741000312919, 45.355426999754386 ], [ -122.647684999338097, 45.355483000636198 ], [ -122.647586999428825, 45.355625999773387 ], [ -122.647515000357117, 45.355704000126011 ], [ -122.647725999345994, 45.355911000224957 ], [ -122.648447999594339, 45.356570000394953 ], [ -122.648322999920879, 45.356653999368916 ] ] ] } },
{ "type": "Feature", "properties": { "census lot building footprint": 0.11443824081793216, "POP20": 11.0, "infrastructure cost adjusted for footprint ($)": 402249.48827157525 }, "geometry": { "type": "Polygon", "coordinates": [ [ [ -122.645693000466935, 45.357934000290477 ], [ -122.645582000138845, 45.35832000018042 ], [ -122.645549000526884, 45.358350999383646 ], [ -122.645498000473253, 45.358386000499777 ], [ -122.64541200025954, 45.358411999781978 ], [ -122.645131999877051, 45.358414000114699 ], [ -122.644664000071899, 45.358391999606901 ], [ -122.644672000467878, 45.358148000057589 ], [ -122.644640999607375, 45.358047000050107 ], [ -122.645131000052118, 45.357880000292191 ], [ -122.64560200023034, 45.357707999463095 ], [ -122.645651000634132, 45.357782000654538 ], [ -122.645677999499952, 45.357850999921112 ], [ -122.645693000466935, 45.357934000290477 ] ] ] } },
{ "type": "Feature", "properties": { "census lot building footprint": 0.1451849331057038, "POP20": 99.0, "infrastructure cost adjusted for footprint ($)": 4494791.5652086912 }, "geometry": { "type": "Polygon", "coordinates": [ [ [ -122.646485999962067, 45.358249000516018 ], [ -122.646379999656872, 45.35849899998793 ], [ -122.6462320004172, 45.358684999413668 ], [ -122.646145999305148, 45.358830000245575 ], [ -122.646099000347803, 45.358979999909721 ], [ -122.646095000149828, 45.359016999685792 ], [ -122.646076999708185, 45.359181000363776 ], [ -122.646073000408535, 45.35931400001418 ], [ -122.646080000081213, 45.359503999874129 ], [ -122.645115000158626, 45.359620999603408 ], [ -122.644776000224908, 45.358947000106092 ], [ -122.644703999356565, 45.358833000406847 ], [ -122.644670999744619, 45.358720999537397 ], [ -122.644659999873952, 45.358552000178449 ], [ -122.644664000071899, 45.358391999606901 ], [ -122.645131999877051, 45.358414000114699 ], [ -122.64541200025954, 45.358411999781978 ], [ -122.645498000473253, 45.358386000499777 ], [ -122.645549000526884, 45.358350999383646 ], [ -122.645582000138845, 45.35832000018042 ], [ -122.645693000466935, 45.357934000290477 ], [ -122.645677999499952, 45.357850999921112 ], [ -122.645651000634132, 45.357782000654538 ], [ -122.64560200023034, 45.357707999463095 ], [ -122.645405999513457, 45.357487000224992 ], [ -122.645285999862821, 45.357374000609518 ], [ -122.645107000661014, 45.357240999555259 ], [ -122.644993999784802, 45.357175000425322 ], [ -122.644753000658696, 45.357057000182152 ], [ -122.644499000215447, 45.356977000048566 ], [ -122.644172000875628, 45.356941000077782 ], [ -122.643858000157948, 45.356931999923717 ], [ -122.643799000606705, 45.356936000062483 ], [ -122.643743999456831, 45.356956000120967 ], [ -122.643704000172178, 45.356982000060206 ], [ -122.64367700040799, 45.35702699951409 ], [ -122.643655999593278, 45.357121999576187 ], [ -122.64366300016431, 45.357295000163383 ], [ -122.643667999288837, 45.357689999397493 ], [ -122.64321500045061, 45.357692999619239 ], [ -122.643131999711642, 45.357683000352303 ], [ -122.643053999893837, 45.357660000327478 ], [ -122.642990000319756, 45.357628000249839 ], [ -122.642935999893069, 45.357584000508098 ], [ -122.64289999990801, 45.357524000346075 ], [ -122.642889000037385, 45.357483000125157 ], [ -122.642904000106014, 45.357377999454613 ], [ -122.642930999870174, 45.357318999575476 ], [ -122.64298200082213, 45.357274000353804 ], [ -122.643085999680892, 45.357137000202648 ], [ -122.643104999947454, 45.357084999823492 ], [ -122.643100999749507, 45.356458999350103 ], [ -122.64309999992463, 45.356057999743953 ], [ -122.643230000519225, 45.356055999959153 ], [ -122.643431999287287, 45.356025000129961 ], [ -122.643508000353577, 45.356006000266895 ], [ -122.643681000605966, 45.355996000070718 ], [ -122.643767999746288, 45.35599499954597 ], [ -122.643840999541212, 45.35600000027565 ], [ -122.644219999657892, 45.356085000618926 ], [ -122.644413999826654, 45.356119000089244 ], [ -122.644504999164951, 45.356113000109957 ], [ -122.644601000322723, 45.356097999843229 ], [ -122.644777999874705, 45.356039999784727 ], [ -122.644895999875502, 45.355979999879224 ], [ -122.645518999491358, 45.356522999546868 ], [ -122.645912999676653, 45.356875999844611 ], [ -122.646244000112759, 45.357209999743922 ], [ -122.646366000311474, 45.357364000023821 ], [ -122.646396999375327, 45.357423999724261 ], [ -122.646424000037797, 45.357491999560359 ], [ -122.64651100007643, 45.358010000270916 ], [ -122.646485999962067, 45.358249000516018 ] ] ] } },
{ "type": "Feature", "properties": { "census lot building footprint": 0.22460718663045112, "POP20": 35.0, "infrastructure cost adjusted for footprint ($)": 200087.36367817523 }, "geometry": { "type": "Polygon", "coordinates": [ [ [ -122.64560200023034, 45.357707999463095 ], [ -122.645131000052118, 45.357880000292191 ], [ -122.645038999990589, 45.357742000483157 ], [ -122.644924000362892, 45.357619000205055 ], [ -122.644741000064812, 45.357492999427379 ], [ -122.644508999362898, 45.357371000370861 ], [ -122.644315000092433, 45.357316999835284 ], [ -122.644154999360552, 45.35729600066513 ], [ -122.643957000790479, 45.357290000179383 ], [ -122.64366300016431, 45.357295000163383 ], [ -122.643655999593278, 45.357121999576187 ], [ -122.64367700040799, 45.35702699951409 ], [ -122.643704000172178, 45.356982000060206 ], [ -122.643743999456831, 45.356956000120967 ], [ -122.643799000606705, 45.356936000062483 ], [ -122.643858000157948, 45.356931999923717 ], [ -122.644172000875628, 45.356941000077782 ], [ -122.644499000215447, 45.356977000048566 ], [ -122.644753000658696, 45.357057000182152 ], [ -122.644993999784802, 45.357175000425322 ], [ -122.645107000661014, 45.357240999555259 ], [ -122.645285999862821, 45.357374000609518 ], [ -122.645405999513457, 45.357487000224992 ], [ -122.64560200023034, 45.357707999463095 ] ] ] } },
{ "type": "Feature", "properties": { "census lot building footprint": 0.25053995627107289, "POP20": 48.0, "infrastructure cost adjusted for footprint ($)": 704479.210789109 }, "geometry": { "type": "Polygon", "coordinates": [ [ [ -122.64309999992463, 45.356057999743953 ], [ -122.642274999744046, 45.356056999851532 ], [ -122.64175499916206, 45.356077000220743 ], [ -122.641596000051734, 45.356073000021198 ], [ -122.641518000233944, 45.356047000295561 ], [ -122.641473999853019, 45.356027000547066 ], [ -122.641433999670014, 45.356001000169023 ], [ -122.641388999464198, 45.35595799968759 ], [ -122.641349000179531, 45.355904000328515 ], [ -122.641314999844326, 45.355772000135289 ], [ -122.641319999867207, 45.355740999519242 ], [ -122.641334000110902, 45.355648999993797 ], [ -122.641386999814372, 45.355575000431593 ], [ -122.641476000401141, 45.355508000087632 ], [ -122.641573000485522, 45.355459000445414 ], [ -122.641693999961035, 45.355408999594452 ], [ -122.641781999824559, 45.355362000307103 ], [ -122.641868000038286, 45.355343000221517 ], [ -122.641924999939704, 45.355336000254781 ], [ -122.641973999445185, 45.355341000411464 ], [ -122.642057000184167, 45.35536699983021 ], [ -122.642148999347384, 45.355376000233228 ], [ -122.642308000254346, 45.355383000194955 ], [ -122.64307499981021, 45.355378999946382 ], [ -122.64309999992463, 45.356057999743953 ] ] ] } },
{ "type": "Feature", "properties": { "census lot building footprint": 0.22084338430069445, "POP20": 90.0, "infrastructure cost adjusted for footprint ($)": 2369310.4587219534 }, "geometry": { "type": "Polygon", "coordinates": [ [ [ -122.644975999343117, 45.359654000276329 ], [ -122.644653000201274, 45.359769000041865 ], [ -122.644430999545094, 45.359865000375144 ], [ -122.644165000304625, 45.359980000343022 ], [ -122.643764999373204, 45.360148999855227 ], [ -122.643247000237665, 45.360353000024404 ], [ -122.643068999962452, 45.360130999934924 ], [ -122.642647000188049, 45.359603999976045 ], [ -122.643039000723519, 45.359439000060249 ], [ -122.643181999940353, 45.359384999604636 ], [ -122.643418999766808, 45.35927199999221 ], [ -122.643470999645373, 45.359237000055302 ], [ -122.643483000239243, 45.359179000058127 ], [ -122.643470999645373, 45.359131999483594 ], [ -122.643434999660343, 45.35907399937873 ], [ -122.643385000329943, 45.359011000644941 ], [ -122.643348000519993, 45.358930000276267 ], [ -122.64327300017699, 45.358740999596186 ], [ -122.64323699929362, 45.358677000014353 ], [ -122.643197000008982, 45.358622999462654 ], [ -122.643121999665894, 45.358569999969824 ], [ -122.643033999802341, 45.358540999952488 ], [ -122.642918000349724, 45.358523000151834 ], [ -122.642699999891505, 45.358503000015943 ], [ -122.642493000202279, 45.358500000468389 ], [ -122.642093000169211, 45.35851800027632 ], [ -122.64192600066292, 45.358044999704404 ], [ -122.641760999908172, 45.357634000068515 ], [ -122.641733000319093, 45.357410000304846 ], [ -122.641744000189746, 45.357314000224804 ], [ -122.641761999733092, 45.357270000238906 ], [ -122.641798999542985, 45.357241999426712 ], [ -122.641924000114784, 45.357212000119148 ], [ -122.642288999987784, 45.357187000158056 ], [ -122.642390000270112, 45.357179999788187 ], [ -122.642663999906503, 45.357168000053946 ], [ -122.642771000036632, 45.357173000048761 ], [ -122.642838999808689, 45.357188000030483 ], [ -122.642922000547671, 45.357223999844081 ], [ -122.64298200082213, 45.357274000353804 ], [ -122.642930999870174, 45.357318999575476 ], [ -122.642904000106014, 45.357377999454613 ], [ -122.642889000037385, 45.357483000125157 ], [ -122.64289999990801, 45.357524000346075 ], [ -122.642935999893069, 45.357584000508098 ], [ -122.642990000319756, 45.357628000249839 ], [ -122.643053999893837, 45.357660000327478 ], [ -122.643131999711642, 45.357683000352303 ], [ -122.64321500045061, 45.357692999619239 ], [ -122.643667999288837, 45.357689999397493 ], [ -122.644000999374782, 45.357689999397486 ], [ -122.644179999474929, 45.357721000208279 ], [ -122.644283000305379, 45.357760000532224 ], [ -122.644421000397656, 45.357828999825642 ], [ -122.644575000383455, 45.357952000278509 ], [ -122.644640999607375, 45.358047000050107 ], [ -122.644672000467878, 45.358148000057589 ], [ -122.644664000071899, 45.358391999606901 ], [ -122.644659999873952, 45.358552000178449 ], [ -122.644670999744619, 45.358720999537397 ], [ -122.644703999356565, 45.358833000406847 ], [ -122.644776000224908, 45.358947000106092 ], [ -122.645115000158626, 45.359620999603408 ], [ -122.644975999343117, 45.359654000276329 ] ] ] } },
{ "type": "Feature", "properties": { "census lot building footprint": 0.2426194208978889, "POP20": 36.0, "infrastructure cost adjusted for footprint ($)": 374129.45354708086 }, "geometry": { "type": "Polygon", "coordinates": [ [ [ -122.645131000052118, 45.357880000292191 ], [ -122.644640999607375, 45.358047000050107 ], [ -122.644575000383455, 45.357952000278509 ], [ -122.644421000397656, 45.357828999825642 ], [ -122.644283000305379, 45.357760000532224 ], [ -122.644179999474929, 45.357721000208279 ], [ -122.644000999374782, 45.357689999397486 ], [ -122.643667999288837, 45.357689999397493 ], [ -122.64366300016431, 45.357295000163383 ], [ -122.643957000790479, 45.357290000179383 ], [ -122.644154999360552, 45.35729600066513 ], [ -122.644315000092433, 45.357316999835284 ], [ -122.644508999362898, 45.357371000370861 ], [ -122.644741000064812, 45.357492999427379 ], [ -122.644924000362892, 45.357619000205055 ], [ -122.645038999990589, 45.357742000483157 ], [ -122.645131000052118, 45.357880000292191 ] ] ] } },
{ "type": "Feature", "properties": { "census lot building footprint": 0.14740178444916613, "POP20": 26.0, "infrastructure cost adjusted for footprint ($)": 370673.77074764413 }, "geometry": { "type": "Polygon", "coordinates": [ [ [ -122.643483000239243, 45.359179000058127 ], [ -122.643470999645373, 45.359237000055302 ], [ -122.643418999766808, 45.35927199999221 ], [ -122.643181999940353, 45.359384999604636 ], [ -122.643039000723519, 45.359439000060249 ], [ -122.642647000188049, 45.359603999976045 ], [ -122.642525999814254, 45.359645999751557 ], [ -122.642412000011419, 45.359675000465018 ], [ -122.642310999729048, 45.359684000182824 ], [ -122.642142000572989, 45.359687000298827 ], [ -122.641996000084788, 45.359651999987442 ], [ -122.641898000175544, 45.359619999773955 ], [ -122.641810000311992, 45.359574000027159 ], [ -122.64172499992317, 45.359510999956449 ], [ -122.641655000501245, 45.35944399985442 ], [ -122.641605000272548, 45.359386999902988 ], [ -122.641557000591988, 45.359275999965597 ], [ -122.641539999975237, 45.359188000486036 ], [ -122.641524999906622, 45.359066000034368 ], [ -122.641530999754409, 45.358954000257313 ], [ -122.641570000112466, 45.358851000108849 ], [ -122.641635000409792, 45.358764999657396 ], [ -122.641728000296197, 45.358681000661008 ], [ -122.641784000372695, 45.358639000169177 ], [ -122.641841000274127, 45.358603999840732 ], [ -122.641911999520914, 45.358568999490629 ], [ -122.642093000169211, 45.35851800027632 ], [ -122.642493000202279, 45.358500000468389 ], [ -122.642699999891505, 45.358503000015943 ], [ -122.642918000349724, 45.358523000151834 ], [ -122.643033999802341, 45.358540999952488 ], [ -122.643121999665894, 45.358569999969824 ], [ -122.643197000008982, 45.358622999462654 ], [ -122.64323699929362, 45.358677000014353 ], [ -122.64327300017699, 45.358740999596186 ], [ -122.643348000519993, 45.358930000276267 ], [ -122.643385000329943, 45.359011000644941 ], [ -122.643434999660343, 45.35907399937873 ], [ -122.643470999645373, 45.359131999483594 ], [ -122.643483000239243, 45.359179000058127 ] ] ] } },
{ "type": "Feature", "properties": { "census lot building footprint": 0.18256897140280484, "POP20": 76.0, "infrastructure cost adjusted for footprint ($)": 1997425.3633448931 }, "geometry": { "type": "Polygon", "coordinates": [ [ [ -122.642476999410476, 45.360761999859058 ], [ -122.642389000445206, 45.360860000016132 ], [ -122.64233500001852, 45.360967999954056 ], [ -122.642300000756734, 45.361071000035871 ], [ -122.64219600010135, 45.361780000389309 ], [ -122.642182000755966, 45.36187500004565 ], [ -122.642176999834774, 45.361973000168426 ], [ -122.642184999332386, 45.362068000131913 ], [ -122.642304999881262, 45.362361000469498 ], [ -122.642198000649486, 45.362390999571822 ], [ -122.642090999621061, 45.362427999642009 ], [ -122.641949000229161, 45.362484999685734 ], [ -122.641869000761517, 45.36243099961257 ], [ -122.64175400023548, 45.362377999899671 ], [ -122.641085000588888, 45.362232999955033 ], [ -122.64111000070325, 45.362092000044306 ], [ -122.641095999561244, 45.361996999489932 ], [ -122.641067000147245, 45.36189600004117 ], [ -122.641031000162215, 45.361843999617214 ], [ -122.640916999461083, 45.361741000311483 ], [ -122.640856000260015, 45.361706999800894 ], [ -122.640623999558116, 45.36161700009572 ], [ -122.64023100009608, 45.361484000178173 ], [ -122.63957999999279, 45.361244999711367 ], [ -122.639980999850778, 45.360653999527933 ], [ -122.64008200013312, 45.360512000286732 ], [ -122.640148000255365, 45.360437999509621 ], [ -122.64022900044624, 45.360361999634371 ], [ -122.640349000096833, 45.360284000021657 ], [ -122.640453999678783, 45.360249999897853 ], [ -122.640559999984006, 45.360225999835322 ], [ -122.640724000015538, 45.360205999670228 ], [ -122.640859999559652, 45.360217000203733 ], [ -122.641016000093614, 45.360261999609733 ], [ -122.641148000338063, 45.360317000307894 ], [ -122.641422999799374, 45.36041999968127 ], [ -122.641956999726759, 45.360540000111946 ], [ -122.642156999743307, 45.36059399946533 ], [ -122.642283999964917, 45.360646000406923 ], [ -122.642391999919923, 45.360698999848758 ], [ -122.642476999410476, 45.360761999859058 ] ] ] } },
{ "type": "Feature", "properties": { "census lot building footprint": 0.11459195267859576, "POP20": 248.0, "infrastructure cost adjusted for footprint ($)": 17665498.555284504 }, "geometry": { "type": "Polygon", "coordinates": [ [ [ -122.649028000450798, 45.363050999783127 ], [ -122.648927999993404, 45.363320000066707 ], [ -122.648905000427192, 45.363381999289039 ], [ -122.648169000833391, 45.365232000078606 ], [ -122.647755000556629, 45.365133000188813 ], [ -122.64750300066153, 45.36508299968137 ], [ -122.647347000127596, 45.365052000379677 ], [ -122.646998000148159, 45.36497299992417 ], [ -122.646707999719951, 45.364925999744671 ], [ -122.64626599985408, 45.364838999953953 ], [ -122.646049999943983, 45.364829000056474 ], [ -122.645849999927407, 45.364850999954804 ], [ -122.645598999857285, 45.364899000563938 ], [ -122.645432000351008, 45.364944999768241 ], [ -122.645300999931479, 45.365014000398062 ], [ -122.645002000180725, 45.365200999596269 ], [ -122.644772000026961, 45.365325999890125 ], [ -122.644739999341567, 45.365337000059263 ], [ -122.64455900048992, 45.365403000398182 ], [ -122.644507999537979, 45.365414999648259 ], [ -122.644365000321145, 45.365448000728563 ], [ -122.643950000219462, 45.365515999757335 ], [ -122.643849999762026, 45.36552999969571 ], [ -122.643783999639808, 45.365540000100388 ], [ -122.643718000415888, 45.365548999516406 ], [ -122.643640000598097, 45.365521000276708 ], [ -122.643151999803109, 45.365348000226298 ], [ -122.643294000093363, 45.365051000015086 ], [ -122.643333000451406, 45.364970999823335 ], [ -122.643280999674545, 45.36491400039089 ], [ -122.642943999390695, 45.364540000110054 ], [ -122.642784000455393, 45.364429000183712 ], [ -122.642211999994885, 45.364155000115552 ], [ -122.641698999983902, 45.363942000099364 ], [ -122.641692000311195, 45.363751000238494 ], [ -122.641747000562773, 45.363596999669632 ], [ -122.641821000182617, 45.363473000365943 ], [ -122.642448999821355, 45.363653000670901 ], [ -122.642536999684879, 45.363660999997947 ], [ -122.642592999761391, 45.363653000670908 ], [ -122.642648000012969, 45.363624999861642 ], [ -122.642781000082351, 45.363405999906277 ], [ -122.642889000037357, 45.363189999664641 ], [ -122.643177000815797, 45.363010000411201 ], [ -122.643500999782589, 45.36281999970133 ], [ -122.643289999895416, 45.362633000206678 ], [ -122.643150999978246, 45.362534000186834 ], [ -122.643036000350492, 45.362465999467197 ], [ -122.642875999618596, 45.362400000119948 ], [ -122.642696999518478, 45.362363000031422 ], [ -122.642504999897852, 45.36235499988971 ], [ -122.642304999881262, 45.362361000469498 ], [ -122.642184999332386, 45.362068000131913 ], [ -122.642176999834774, 45.361973000168426 ], [ -122.642182000755966, 45.36187500004565 ], [ -122.64219600010135, 45.361780000389309 ], [ -122.642300000756734, 45.361071000035871 ], [ -122.64233500001852, 45.360967999954056 ], [ -122.642389000445206, 45.360860000016132 ], [ -122.642476999410476, 45.360761999859058 ], [ -122.642481999433301, 45.3607519998721 ], [ -122.642715999785054, 45.360592999653086 ], [ -122.643247000237665, 45.360353000024404 ], [ -122.643764999373204, 45.360148999855227 ], [ -122.644165000304625, 45.359980000343022 ], [ -122.644430999545094, 45.359865000375144 ], [ -122.644653000201274, 45.359769000041865 ], [ -122.644975999343117, 45.359654000276329 ], [ -122.645115000158626, 45.359620999603408 ], [ -122.646080000081213, 45.359503999874129 ], [ -122.646225999671074, 45.359794999950964 ], [ -122.646254999983412, 45.359852999316693 ], [ -122.646588000069329, 45.360209999577563 ], [ -122.646834999941532, 45.360475999408962 ], [ -122.647135000415503, 45.360848999607647 ], [ -122.64753799992333, 45.36127699963702 ], [ -122.648092999767101, 45.361647999386172 ], [ -122.648461000013128, 45.361869000045523 ], [ -122.648800999771765, 45.362238999916563 ], [ -122.648969000001273, 45.362541000525439 ], [ -122.649020000054875, 45.362712000142849 ], [ -122.649052999666836, 45.362824999827851 ], [ -122.649028000450798, 45.363050999783127 ] ], [ [ -122.647233000324803, 45.362165999920421 ], [ -122.646919000505463, 45.362044999995923 ], [ -122.646817000398215, 45.361981999520722 ], [ -122.646777000215224, 45.361967000178687 ], [ -122.646781000413185, 45.361944999790012 ], [ -122.646772000192371, 45.361914000031149 ], [ -122.646663000412417, 45.361766999945559 ], [ -122.646538999665538, 45.361609999642788 ], [ -122.646395000623798, 45.361689999537923 ], [ -122.645892999585158, 45.361877000255937 ], [ -122.64571299966012, 45.361976000163082 ], [ -122.645623000146742, 45.362042000004955 ], [ -122.645558999674307, 45.362121000135225 ], [ -122.645151000143656, 45.362848000277893 ], [ -122.645485000054464, 45.362945000206963 ], [ -122.645611000451154, 45.362974999630786 ], [ -122.645649999910901, 45.362976000032099 ], [ -122.645673000375453, 45.362971000550097 ], [ -122.645757999865936, 45.363088999820981 ], [ -122.645754999492937, 45.363200000483019 ], [ -122.645854000125411, 45.363276000333038 ], [ -122.645937999791002, 45.363333999917401 ], [ -122.646161000272073, 45.36333800023472 ], [ -122.64646900024367, 45.362906000301038 ], [ -122.646667000610364, 45.362544999636576 ], [ -122.646810999652089, 45.362512000018626 ], [ -122.646835999766452, 45.362501000562531 ], [ -122.647123999646553, 45.362384000477022 ], [ -122.647357000173358, 45.36221399965185 ], [ -122.647233000324803, 45.362165999920421 ] ], [ [ -122.646067999487343, 45.360806000285542 ], [ -122.645675999850184, 45.360664999974325 ], [ -122.645497000648362, 45.360604999923339 ], [ -122.645339000464588, 45.360567000110649 ], [ -122.645202000197258, 45.360541999738246 ], [ -122.645076999625459, 45.360540000111953 ], [ -122.644981000264323, 45.360549000323317 ], [ -122.644893000400771, 45.36057300024892 ], [ -122.644727999645994, 45.360644999964435 ], [ -122.64413200069265, 45.360903000559659 ], [ -122.643861999457584, 45.361013000025117 ], [ -122.643689999928498, 45.361092000329869 ], [ -122.643626999280954, 45.361128000184408 ], [ -122.643571999927687, 45.361176000165266 ], [ -122.643486000612299, 45.361262999908462 ], [ -122.643433000010532, 45.361363999856117 ], [ -122.643417999941946, 45.361425000162058 ], [ -122.643409000619386, 45.361495999628289 ], [ -122.643431000360678, 45.361603000451304 ], [ -122.643482000414323, 45.361704999584568 ], [ -122.643519000224245, 45.361751999915391 ], [ -122.643567000803145, 45.361799000207107 ], [ -122.643625000529454, 45.361830999819396 ], [ -122.64386800020371, 45.361932000015393 ], [ -122.644207000137428, 45.362044000209366 ], [ -122.644271999536429, 45.362062000152235 ], [ -122.644332999635807, 45.362068999918051 ], [ -122.644389999537196, 45.362070000335386 ], [ -122.644422000222576, 45.362062000152235 ], [ -122.644455999659414, 45.362035999391338 ], [ -122.644499000215447, 45.361975000375296 ], [ -122.64460700017051, 45.361764999731385 ], [ -122.644761999981199, 45.361547000576728 ], [ -122.644807000187043, 45.361505000318786 ], [ -122.644865999738286, 45.361465000254576 ], [ -122.645233999984285, 45.361295999623728 ], [ -122.645584999613575, 45.361140999512607 ], [ -122.645907999653758, 45.361006999933558 ], [ -122.645956000232687, 45.360973000244236 ], [ -122.646067999487343, 45.360806000285542 ] ] ] } },
{ "type": "Feature", "properties": { "census lot building footprint": 0.2162877083153692, "POP20": 34.0, "infrastructure cost adjusted for footprint ($)": 823165.77821433672 }, "geometry": { "type": "Polygon", "coordinates": [ [ [ -122.646777000215224, 45.361967000178687 ], [ -122.646774999667116, 45.361977000582023 ], [ -122.646750999377659, 45.362015000078962 ], [ -122.646712999742789, 45.36204099958713 ], [ -122.646198000081995, 45.362279000064767 ], [ -122.646074000233455, 45.362377999899657 ], [ -122.645909999303598, 45.362676000033829 ], [ -122.645816999417178, 45.362824000055078 ], [ -122.645745000345485, 45.362926999913881 ], [ -122.645689000268973, 45.362967999977059 ], [ -122.645673000375453, 45.362971000550097 ], [ -122.645649999910901, 45.362976000032099 ], [ -122.645611000451154, 45.362974999630786 ], [ -122.645485000054464, 45.362945000206963 ], [ -122.645151000143656, 45.362848000277893 ], [ -122.645558999674307, 45.362121000135225 ], [ -122.645623000146742, 45.362042000004955 ], [ -122.64571299966012, 45.361976000163082 ], [ -122.645892999585158, 45.361877000255937 ], [ -122.646395000623798, 45.361689999537923 ], [ -122.646538999665538, 45.361609999642788 ], [ -122.646663000412417, 45.361766999945559 ], [ -122.646772000192371, 45.361914000031149 ], [ -122.646781000413185, 45.361944999790012 ], [ -122.646777000215224, 45.361967000178687 ] ] ] } },
{ "type": "Feature", "properties": { "census lot building footprint": 0.17057792704195759, "POP20": 28.0, "infrastructure cost adjusted for footprint ($)": 1082744.4398244992 }, "geometry": { "type": "Polygon", "coordinates": [ [ [ -122.645956000232687, 45.360973000244236 ], [ -122.645907999653758, 45.361006999933558 ], [ -122.645584999613575, 45.361140999512607 ], [ -122.645233999984285, 45.361295999623728 ], [ -122.644865999738286, 45.361465000254576 ], [ -122.644807000187043, 45.361505000318786 ], [ -122.644761999981199, 45.361547000576728 ], [ -122.64460700017051, 45.361764999731385 ], [ -122.644499000215447, 45.361975000375296 ], [ -122.644455999659414, 45.362035999391338 ], [ -122.644422000222576, 45.362062000152235 ], [ -122.644389999537196, 45.362070000335386 ], [ -122.644332999635807, 45.362068999918051 ], [ -122.644271999536429, 45.362062000152235 ], [ -122.644207000137428, 45.362044000209366 ], [ -122.64386800020371, 45.361932000015393 ], [ -122.643625000529454, 45.361830999819396 ], [ -122.643567000803145, 45.361799000207107 ], [ -122.643519000224245, 45.361751999915391 ], [ -122.643482000414323, 45.361704999584568 ], [ -122.643431000360678, 45.361603000451304 ], [ -122.643409000619386, 45.361495999628289 ], [ -122.643417999941946, 45.361425000162058 ], [ -122.643433000010532, 45.361363999856117 ], [ -122.643486000612299, 45.361262999908462 ], [ -122.643571999927687, 45.361176000165266 ], [ -122.643626999280954, 45.361128000184408 ], [ -122.643689999928498, 45.361092000329869 ], [ -122.643861999457584, 45.361013000025117 ], [ -122.64413200069265, 45.360903000559659 ], [ -122.644727999645994, 45.360644999964435 ], [ -122.644893000400771, 45.36057300024892 ], [ -122.644981000264323, 45.360549000323317 ], [ -122.645076999625459, 45.360540000111953 ], [ -122.645202000197258, 45.360541999738246 ], [ -122.645339000464588, 45.360567000110649 ], [ -122.645497000648362, 45.360604999923339 ], [ -122.645675999850184, 45.360664999974325 ], [ -122.646067999487343, 45.360806000285542 ], [ -122.645956000232687, 45.360973000244236 ] ] ] } },
{ "type": "Feature", "properties": { "census lot building footprint": 0.046662035973078143, "POP20": 11.0, "infrastructure cost adjusted for footprint ($)": 1857043.1684356176 }, "geometry": { "type": "Polygon", "coordinates": [ [ [ -122.648044000261649, 45.360395000506301 ], [ -122.647763000054255, 45.360534999783503 ], [ -122.647135000415503, 45.360848999607647 ], [ -122.646834999941532, 45.360475999408962 ], [ -122.646588000069329, 45.360209999577563 ], [ -122.646254999983412, 45.359852999316693 ], [ -122.646225999671074, 45.359794999950964 ], [ -122.646583999871382, 45.359802999823465 ], [ -122.646983999904464, 45.359875999712585 ], [ -122.647024999912347, 45.359884000204843 ], [ -122.647607999345226, 45.359992999934974 ], [ -122.647895000298689, 45.360270000047421 ], [ -122.648044000261649, 45.360395000506301 ] ] ] } },
{ "type": "Feature", "properties": { "census lot building footprint": 0.14079242618644444, "POP20": 7.0, "infrastructure cost adjusted for footprint ($)": 629153.58163464628 }, "geometry": { "type": "Polygon", "coordinates": [ [ [ -122.648334999616466, 45.360249000079577 ], [ -122.648044000261649, 45.360395000506301 ], [ -122.647895000298689, 45.360270000047421 ], [ -122.647607999345226, 45.359992999934974 ], [ -122.647024999912347, 45.359884000204843 ], [ -122.646983999904464, 45.359875999712585 ], [ -122.646583999871382, 45.359802999823465 ], [ -122.646225999671074, 45.359794999950964 ], [ -122.646080000081213, 45.359503999874129 ], [ -122.646073000408535, 45.35931400001418 ], [ -122.646076999708185, 45.359181000363776 ], [ -122.646095000149828, 45.359016999685792 ], [ -122.646485999962096, 45.359090000588949 ], [ -122.64753600027349, 45.359286999417506 ], [ -122.647985999636958, 45.359371000039175 ], [ -122.647947000177254, 45.359473000040175 ], [ -122.648178000155923, 45.359651999987449 ], [ -122.648716999207863, 45.360058000374835 ], [ -122.648334999616466, 45.360249000079577 ] ] ] } },
{ "type": "Feature", "properties": { "census lot building footprint": 0.21542185580151724, "POP20": 132.0, "infrastructure cost adjusted for footprint ($)": 3042399.7428782904 }, "geometry": { "type": "Polygon", "coordinates": [ [ [ -122.647992000383098, 45.36578899982451 ], [ -122.647853000465901, 45.366170999655886 ], [ -122.647781999422477, 45.366421000098583 ], [ -122.647643000403619, 45.366645999867863 ], [ -122.647465999953326, 45.366930999721468 ], [ -122.647388000135493, 45.367086999445128 ], [ -122.647296999898913, 45.367292999861284 ], [ -122.647260000088991, 45.367379000603506 ], [ -122.646928999652886, 45.367320999486154 ], [ -122.646651999643424, 45.367259000162946 ], [ -122.646737000032246, 45.367056999677338 ], [ -122.646857000581164, 45.366734000370109 ], [ -122.646901000063778, 45.366649999951044 ], [ -122.647214000058227, 45.366250999412848 ], [ -122.647266999761669, 45.366109000334454 ], [ -122.647289000401301, 45.365995999635338 ], [ -122.647327000036128, 45.365853000197554 ], [ -122.647363000021159, 45.365744999486637 ], [ -122.647368000044054, 45.365648999663328 ], [ -122.64734900067576, 45.365593999730628 ], [ -122.647316000165461, 45.365563000077778 ], [ -122.647265999936778, 45.365546000342356 ], [ -122.647061999722268, 45.365490999678407 ], [ -122.646769999644221, 45.365435999592073 ], [ -122.646521999947097, 45.36539700014103 ], [ -122.646299999290918, 45.36535399985749 ], [ -122.646198000081966, 45.36533700005927 ], [ -122.645757000041044, 45.365247000448434 ], [ -122.645693000466935, 45.365225000072982 ], [ -122.64561500064913, 45.365164999808783 ], [ -122.645577999940897, 45.365128000266317 ], [ -122.645432000351008, 45.364944999768241 ], [ -122.645598999857285, 45.364899000563938 ], [ -122.645849999927407, 45.364850999954804 ], [ -122.646049999943983, 45.364829000056474 ], [ -122.64626599985408, 45.364838999953953 ], [ -122.646707999719951, 45.364925999744671 ], [ -122.646998000148159, 45.36497299992417 ], [ -122.647347000127596, 45.365052000379677 ], [ -122.64750300066153, 45.36508299968137 ], [ -122.647755000556629, 45.365133000188813 ], [ -122.648169000833391, 45.365232000078606 ], [ -122.647992000383098, 45.36578899982451 ] ] ] } },
{ "type": "Feature", "properties": { "census lot building footprint": 0.29532599610453714, "POP20": 22.0, "infrastructure cost adjusted for footprint ($)": 499601.65260022337 }, "geometry": { "type": "Polygon", "coordinates": [ [ [ -122.647357000173358, 45.36221399965185 ], [ -122.647123999646553, 45.362384000477022 ], [ -122.646835999766452, 45.362501000562531 ], [ -122.646810999652089, 45.362512000018626 ], [ -122.646667000610364, 45.362544999636576 ], [ -122.64646900024367, 45.362906000301038 ], [ -122.646161000272073, 45.36333800023472 ], [ -122.645937999791002, 45.363333999917401 ], [ -122.645854000125411, 45.363276000333038 ], [ -122.645754999492937, 45.363200000483019 ], [ -122.645757999865936, 45.363088999820981 ], [ -122.645673000375453, 45.362971000550097 ], [ -122.645689000268973, 45.362967999977059 ], [ -122.645745000345485, 45.362926999913881 ], [ -122.645816999417178, 45.362824000055078 ], [ -122.645909999303598, 45.362676000033829 ], [ -122.646074000233455, 45.362377999899657 ], [ -122.646198000081995, 45.362279000064767 ], [ -122.646712999742789, 45.36204099958713 ], [ -122.646750999377659, 45.362015000078962 ], [ -122.646774999667116, 45.361977000582023 ], [ -122.646777000215224, 45.361967000178687 ], [ -122.646817000398215, 45.361981999520722 ], [ -122.646919000505463, 45.362044999995923 ], [ -122.647233000324803, 45.362165999920421 ], [ -122.647357000173358, 45.36221399965185 ] ] ] } },
{ "type": "Feature", "properties": { "census lot building footprint": 0.21603157476167115, "POP20": 83.0, "infrastructure cost adjusted for footprint ($)": 1317944.6207709473 }, "geometry": { "type": "Polygon", "coordinates": [ [ [ -122.643500999782589, 45.36281999970133 ], [ -122.643177000815797, 45.363010000411201 ], [ -122.642889000037357, 45.363189999664641 ], [ -122.642781000082351, 45.363405999906277 ], [ -122.642648000012969, 45.363624999861642 ], [ -122.642592999761391, 45.363653000670908 ], [ -122.642536999684879, 45.363660999997947 ], [ -122.642448999821355, 45.363653000670901 ], [ -122.641821000182617, 45.363473000365943 ], [ -122.641719000075369, 45.363419000604608 ], [ -122.64164399973231, 45.363352999844473 ], [ -122.641601000074601, 45.363286999638504 ], [ -122.641561999716515, 45.36321500012933 ], [ -122.641546999647943, 45.363164000053374 ], [ -122.641565000089599, 45.363032999523725 ], [ -122.641631000211817, 45.362885999820925 ], [ -122.641827000030403, 45.362589999715674 ], [ -122.641886000479971, 45.36253299977772 ], [ -122.641949000229161, 45.362484999685734 ], [ -122.642090999621061, 45.362427999642009 ], [ -122.642198000649486, 45.362390999571822 ], [ -122.642304999881262, 45.362361000469498 ], [ -122.642504999897852, 45.36235499988971 ], [ -122.642696999518478, 45.362363000031422 ], [ -122.642875999618596, 45.362400000119948 ], [ -122.643036000350492, 45.362465999467197 ], [ -122.643150999978246, 45.362534000186834 ], [ -122.643289999895416, 45.362633000206678 ], [ -122.643500999782589, 45.36281999970133 ] ] ] } },
{ "type": "Feature", "properties": { "census lot building footprint": 0.23108511764121903, "POP20": 27.0, "infrastructure cost adjusted for footprint ($)": 396485.09229260247 }, "geometry": { "type": "Polygon", "coordinates": [ [ [ -122.642063000031953, 45.366377999962261 ], [ -122.642053999811139, 45.366459000397313 ], [ -122.642011000153417, 45.366558000491032 ], [ -122.641940999833238, 45.366691000471718 ], [ -122.641827000030403, 45.366906000267853 ], [ -122.641624999465733, 45.366813000259675 ], [ -122.641286000430341, 45.366651000287341 ], [ -122.640764000198487, 45.366416000289917 ], [ -122.640318000134698, 45.36638400011536 ], [ -122.640308000088936, 45.366304000546492 ], [ -122.640315999586591, 45.366141999747633 ], [ -122.640348000271899, 45.366039999778039 ], [ -122.640446000181228, 45.365974000182327 ], [ -122.640628999580983, 45.365885999760089 ], [ -122.640739999909073, 45.365812000331779 ], [ -122.640802999658248, 45.365756000205458 ], [ -122.64087200015355, 45.365670000151397 ], [ -122.641242000049374, 45.365806999838171 ], [ -122.641552000569106, 45.365961000071188 ], [ -122.641859999642364, 45.366093999562075 ], [ -122.642018999651029, 45.366204000295184 ], [ -122.642066000405038, 45.36628500034827 ], [ -122.642063000031953, 45.366377999962261 ] ] ] } },
{ "type": "Feature", "properties": { "census lot building footprint": 0.1657816871623097, "POP20": 67.0, "infrastructure cost adjusted for footprint ($)": 1736835.5896881972 }, "geometry": { "type": "Polygon", "coordinates": [ [ [ -122.643151999803109, 45.365348000226298 ], [ -122.643060999566529, 45.365541000456368 ], [ -122.642671999404101, 45.366357000368147 ], [ -122.642405000338769, 45.36691700012981 ], [ -122.642194000451539, 45.367359999504075 ], [ -122.642042999940472, 45.367340999660534 ], [ -122.641822999832456, 45.367305999666321 ], [ -122.641614000493419, 45.367247999736385 ], [ -122.641805000289111, 45.366947000602984 ], [ -122.641827000030403, 45.366906000267853 ], [ -122.641940999833238, 45.366691000471718 ], [ -122.642011000153417, 45.366558000491032 ], [ -122.642053999811139, 45.366459000397313 ], [ -122.642063000031953, 45.366377999962261 ], [ -122.642066000405038, 45.36628500034827 ], [ -122.642018999651029, 45.366204000295184 ], [ -122.641859999642364, 45.366093999562075 ], [ -122.641552000569106, 45.365961000071188 ], [ -122.641242000049374, 45.365806999838171 ], [ -122.64087200015355, 45.365670000151397 ], [ -122.640939000100715, 45.365582000518536 ], [ -122.641478000050938, 45.364750999659478 ], [ -122.642850999504248, 45.36523999981349 ], [ -122.643077000358375, 45.365320999984675 ], [ -122.643151999803109, 45.365348000226298 ] ] ] } },
{ "type": "Feature", "properties": { "census lot building footprint": 0.20006655668458223, "POP20": 25.0, "infrastructure cost adjusted for footprint ($)": 523373.7038847917 }, "geometry": { "type": "Polygon", "coordinates": [ [ [ -122.642182000755966, 45.367385999711466 ], [ -122.641979000366362, 45.367808999828746 ], [ -122.641739000166851, 45.367768000118438 ], [ -122.640903999940605, 45.367641000165314 ], [ -122.640852000062068, 45.367632999507713 ], [ -122.640831999970572, 45.366760999937306 ], [ -122.640272999928854, 45.366675000148931 ], [ -122.640278999776612, 45.366657000411479 ], [ -122.640319999784481, 45.366501999840956 ], [ -122.640318000134698, 45.36638400011536 ], [ -122.640764000198487, 45.366416000289917 ], [ -122.641286000430341, 45.366651000287341 ], [ -122.641624999465733, 45.366813000259675 ], [ -122.641827000030403, 45.366906000267853 ], [ -122.641805000289111, 45.366947000602984 ], [ -122.641614000493419, 45.367247999736385 ], [ -122.641822999832456, 45.367305999666321 ], [ -122.642042999940472, 45.367340999660534 ], [ -122.642194000451539, 45.367359999504075 ], [ -122.642182000755966, 45.367385999711466 ] ] ] } },
{ "type": "Feature", "properties": { "census lot building footprint": 0.14706814140430771, "POP20": 236.0, "infrastructure cost adjusted for footprint ($)": 5495155.522887744 }, "geometry": { "type": "Polygon", "coordinates": [ [ [ -122.6472259997538, 45.367518999638691 ], [ -122.647124999471458, 45.367928999733657 ], [ -122.646857000581164, 45.368630999756505 ], [ -122.646602000313052, 45.369293999982581 ], [ -122.64561699940063, 45.368917000633893 ], [ -122.644979999541093, 45.368672999772947 ], [ -122.644909000294291, 45.368646999526014 ], [ -122.644710999927568, 45.368573999594176 ], [ -122.643192999811006, 45.368018000445382 ], [ -122.642588000636835, 45.367912999761032 ], [ -122.642739000249549, 45.367444000131023 ], [ -122.642773999511377, 45.367335000240104 ], [ -122.64285800007525, 45.367145000171242 ], [ -122.642982999748725, 45.367045000144394 ], [ -122.643116000716418, 45.3669789998279 ], [ -122.643267000329203, 45.366917000129817 ], [ -122.643390000352838, 45.366777999938698 ], [ -122.643401000223449, 45.36665600007526 ], [ -122.643372000809464, 45.366562999656054 ], [ -122.643279000024719, 45.366436000153115 ], [ -122.64325000061072, 45.366348999529002 ], [ -122.643261999407983, 45.366273000020428 ], [ -122.643291000618618, 45.36617499977266 ], [ -122.643470000718764, 45.365849999777367 ], [ -122.643640000598097, 45.365521000276708 ], [ -122.643718000415888, 45.365548999516406 ], [ -122.643783999639808, 45.365540000100388 ], [ -122.643849999762026, 45.36552999969571 ], [ -122.643950000219462, 45.365515999757335 ], [ -122.644365000321145, 45.365448000728563 ], [ -122.644507999537979, 45.365414999648259 ], [ -122.64455900048992, 45.365403000398182 ], [ -122.644739999341567, 45.365337000059263 ], [ -122.644772000026961, 45.365325999890125 ], [ -122.645002000180725, 45.365200999596269 ], [ -122.645300999931479, 45.365014000398062 ], [ -122.645432000351008, 45.364944999768241 ], [ -122.645577999940897, 45.365128000266317 ], [ -122.64561500064913, 45.365164999808783 ], [ -122.645693000466935, 45.365225000072982 ], [ -122.645757000041044, 45.365247000448434 ], [ -122.646198000081966, 45.36533700005927 ], [ -122.646299999290918, 45.36535399985749 ], [ -122.646076999708185, 45.365877000397681 ], [ -122.645897999608025, 45.366206000352435 ], [ -122.645685999895946, 45.366713000277045 ], [ -122.645688000444082, 45.366752000083011 ], [ -122.645700999964532, 45.36679200019595 ], [ -122.645716000033147, 45.366815999366494 ], [ -122.645742999797321, 45.366839999789171 ], [ -122.64593199994323, 45.366940999878494 ], [ -122.646241999564651, 45.367137000074592 ], [ -122.646372000159246, 45.367199000162707 ], [ -122.646651999643424, 45.367259000162946 ], [ -122.646928999652886, 45.367320999486154 ], [ -122.647260000088991, 45.367379000603506 ], [ -122.6472259997538, 45.367518999638691 ] ] ] } },
{ "type": "Feature", "properties": { "census lot building footprint": 0.28935378149680957, "POP20": 121.0, "infrastructure cost adjusted for footprint ($)": 1160669.8409555249 }, "geometry": { "type": "Polygon", "coordinates": [ [ [ -122.647363000021159, 45.365744999486637 ], [ -122.647327000036128, 45.365853000197554 ], [ -122.647289000401301, 45.365995999635338 ], [ -122.647266999761669, 45.366109000334454 ], [ -122.647214000058227, 45.366250999412848 ], [ -122.646901000063778, 45.366649999951044 ], [ -122.646857000581164, 45.366734000370109 ], [ -122.646737000032246, 45.367056999677338 ], [ -122.646651999643424, 45.367259000162946 ], [ -122.646372000159246, 45.367199000162707 ], [ -122.646241999564651, 45.367137000074592 ], [ -122.64593199994323, 45.366940999878494 ], [ -122.645742999797321, 45.366839999789171 ], [ -122.645716000033147, 45.366815999366494 ], [ -122.645700999964532, 45.36679200019595 ], [ -122.645688000444082, 45.366752000083011 ], [ -122.645685999895946, 45.366713000277045 ], [ -122.645897999608025, 45.366206000352435 ], [ -122.646076999708185, 45.365877000397681 ], [ -122.646299999290918, 45.36535399985749 ], [ -122.646521999947097, 45.36539700014103 ], [ -122.646769999644221, 45.365435999592073 ], [ -122.647061999722268, 45.365490999678407 ], [ -122.647265999936778, 45.365546000342356 ], [ -122.647316000165461, 45.365563000077778 ], [ -122.64734900067576, 45.365593999730628 ], [ -122.647368000044054, 45.365648999663328 ], [ -122.647363000021159, 45.365744999486637 ] ] ] } },
{ "type": "Feature", "properties": { "census lot building footprint": 0.024109673700291906, "POP20": 187.0, "infrastructure cost adjusted for footprint ($)": 6456211.018822615 }, "geometry": { "type": "Polygon", "coordinates": [ [ [ -122.651421000078273, 45.363709000354447 ], [ -122.649323999828482, 45.362885999820939 ], [ -122.649234000315133, 45.362865999964939 ], [ -122.649190999759099, 45.362855999718754 ], [ -122.649052999666836, 45.362824999827851 ], [ -122.649020000054875, 45.362712000142849 ], [ -122.649398999273245, 45.362643999637108 ], [ -122.649649000416815, 45.362568999977746 ], [ -122.649670000333217, 45.362562000273797 ], [ -122.650316999340191, 45.362341000427918 ], [ -122.650451999957724, 45.362321000379275 ], [ -122.650572999433237, 45.36230899984178 ], [ -122.650705000576025, 45.362308999841773 ], [ -122.650795000089403, 45.362325000137133 ], [ -122.650895000546811, 45.362347999528097 ], [ -122.650993000456097, 45.362375999707091 ], [ -122.651400000161928, 45.362599000232144 ], [ -122.652111999466186, 45.362817999524381 ], [ -122.651421000078273, 45.363709000354447 ] ] ] } },
{ "type": "Feature", "properties": { "census lot building footprint": 0.064675723859539541, "POP20": 0.0, "infrastructure cost adjusted for footprint ($)": 52941.343890968215 }, "geometry": { "type": "Polygon", "coordinates": [ [ [ -122.660478999650636, 45.3590840002934 ], [ -122.659971999487468, 45.359194999976246 ], [ -122.659912999936225, 45.359285000378058 ], [ -122.65981599985183, 45.35943199996904 ], [ -122.659500999309245, 45.359962000368974 ], [ -122.658923999724152, 45.360329999822454 ], [ -122.658826999639786, 45.360392000427822 ], [ -122.658654000285694, 45.360669000480421 ], [ -122.658414999911116, 45.360667000227423 ], [ -122.658144999574361, 45.361032000100479 ], [ -122.657545000423085, 45.361065999754359 ], [ -122.656151000155063, 45.361144999985036 ], [ -122.656159000550957, 45.360357000552547 ], [ -122.656162000025716, 45.359930999523584 ], [ -122.656167000048612, 45.359422999579984 ], [ -122.658778999959196, 45.359183000038072 ], [ -122.659630999903911, 45.359105000062485 ], [ -122.659925000530066, 45.359078999836285 ], [ -122.660210000037139, 45.359052999598198 ], [ -122.660461999932195, 45.359030000130161 ], [ -122.660478999650636, 45.3590840002934 ] ] ] } },
{ "type": "Feature", "properties": { "census lot building footprint": 0.13728138230937634, "POP20": 247.0, "infrastructure cost adjusted for footprint ($)": 9299845.4439557474 }, "geometry": { "type": "Polygon", "coordinates": [ [ [ -122.661282999914775, 45.358967000085009 ], [ -122.661257999800398, 45.359034999960464 ], [ -122.66120299954882, 45.359066000034368 ], [ -122.661101999266478, 45.359092999474001 ], [ -122.660937000308351, 45.359154999541317 ], [ -122.660889999554371, 45.359189999528922 ], [ -122.660849999371408, 45.359241000031147 ], [ -122.66082300050553, 45.359322000585898 ], [ -122.660800000041021, 45.359492000001516 ], [ -122.660060000249288, 45.359481999790113 ], [ -122.659998000325018, 45.359486999580433 ], [ -122.659912999936196, 45.359507999831102 ], [ -122.659842999616018, 45.359542999600336 ], [ -122.659812000552165, 45.359566999952655 ], [ -122.65975699940229, 45.35964599975155 ], [ -122.659726000338452, 45.359948000315093 ], [ -122.659902999890406, 45.360681999914092 ], [ -122.658654000285694, 45.360669000480421 ], [ -122.658826999639786, 45.360392000427822 ], [ -122.658923999724152, 45.360329999822454 ], [ -122.659500999309245, 45.359962000368974 ], [ -122.65981599985183, 45.35943199996904 ], [ -122.659912999936225, 45.359285000378058 ], [ -122.659971999487468, 45.359194999976246 ], [ -122.660478999650636, 45.3590840002934 ], [ -122.660461999932195, 45.359030000130161 ], [ -122.660210000037139, 45.359052999598198 ], [ -122.659925000530066, 45.359078999836285 ], [ -122.659630999903911, 45.359105000062485 ], [ -122.658778999959196, 45.359183000038072 ], [ -122.656167000048612, 45.359422999579984 ], [ -122.656162000025716, 45.359930999523584 ], [ -122.656159000550957, 45.360357000552547 ], [ -122.65589299951391, 45.360384999823331 ], [ -122.655108000414671, 45.361080999335215 ], [ -122.654523000433656, 45.360929999753914 ], [ -122.653184999343821, 45.361906999614945 ], [ -122.652885000666501, 45.361980999733042 ], [ -122.652908999159294, 45.361959999769049 ], [ -122.653240000493739, 45.361769999951129 ], [ -122.654474999854756, 45.360917000377285 ], [ -122.654601000251446, 45.360830999910071 ], [ -122.654751999864189, 45.360540999925107 ], [ -122.654937000710419, 45.360185999498036 ], [ -122.65496299975139, 45.359832999650976 ], [ -122.654981000193047, 45.359586999712405 ], [ -122.654982000017952, 45.359532000198264 ], [ -122.654994000611836, 45.35921800000839 ], [ -122.65499500043677, 45.359179999895368 ], [ -122.654878000260894, 45.358967000085002 ], [ -122.654790000397384, 45.358856999797872 ], [ -122.654725999924935, 45.358776000471096 ], [ -122.654591000205713, 45.358646999573928 ], [ -122.654555000220711, 45.358611999881653 ], [ -122.654423999801139, 45.358484000353762 ], [ -122.654313000371374, 45.35839299945799 ], [ -122.654102999410782, 45.358236999746033 ], [ -122.653901000642705, 45.358112000200585 ], [ -122.653710999773622, 45.357995000507152 ], [ -122.65396699986664, 45.357795999981946 ], [ -122.654299000127665, 45.357547000426251 ], [ -122.654458999961221, 45.357449000211872 ], [ -122.654849999773489, 45.357752999602056 ], [ -122.655122999584961, 45.357978000391292 ], [ -122.655237000286093, 45.358089000350098 ], [ -122.655319000301844, 45.35815599953176 ], [ -122.655541999884619, 45.358484000353748 ], [ -122.655635000669335, 45.35864599972728 ], [ -122.655661999535212, 45.358778999372831 ], [ -122.655678999253624, 45.359253999792905 ], [ -122.655692000570767, 45.359359999972341 ], [ -122.655706999741057, 45.359382000103786 ], [ -122.655803999825423, 45.359435999931101 ], [ -122.656105000124313, 45.359405999893163 ], [ -122.656249999889269, 45.359381000270133 ], [ -122.656400999502026, 45.359333000028883 ], [ -122.656521999875821, 45.359268999854208 ], [ -122.656592000196042, 45.359215999704084 ], [ -122.656669000188941, 45.359128000131221 ], [ -122.65670900037189, 45.359035999800206 ], [ -122.656701999800887, 45.358993999571943 ], [ -122.6566310005541, 45.358831999932292 ], [ -122.656577999952347, 45.358739000537426 ], [ -122.656550000363239, 45.358638000322401 ], [ -122.656551000188188, 45.358506999412512 ], [ -122.656567000081694, 45.358451999479712 ], [ -122.65659999969364, 45.358370999573189 ], [ -122.656668000364022, 45.358272999523514 ], [ -122.656762000075318, 45.358068000203993 ], [ -122.656849999938899, 45.357839000329164 ], [ -122.656916999886008, 45.357402999962552 ], [ -122.656919000434186, 45.35729699927311 ], [ -122.656909999315033, 45.357207999999886 ], [ -122.65685800033485, 45.357108000082036 ], [ -122.656793999862401, 45.357012000120925 ], [ -122.656639000051698, 45.356854999879552 ], [ -122.656594999670773, 45.356805000262071 ], [ -122.656562999883718, 45.356746000416699 ], [ -122.656541999967303, 45.35667499940859 ], [ -122.656551000188159, 45.356606999853128 ], [ -122.656608999914482, 45.35653400016519 ], [ -122.656685000082462, 45.356490000204047 ], [ -122.656754999504344, 45.356455000440036 ], [ -122.656863000357689, 45.356444999691909 ], [ -122.657006999399385, 45.356445999577446 ], [ -122.657433000270075, 45.356468000210633 ], [ -122.657854000219601, 45.356468000210626 ], [ -122.657979999717952, 45.356477000438531 ], [ -122.658083999475011, 45.356491000088759 ], [ -122.658264000298402, 45.356533000281225 ], [ -122.658481000033362, 45.356711999429372 ], [ -122.658618000300706, 45.356835999663978 ], [ -122.65876099951754, 45.356981000184149 ], [ -122.658857999601921, 45.357093999953193 ], [ -122.658927999922099, 45.357203999880326 ], [ -122.658979999800636, 45.357313000354637 ], [ -122.659167000296705, 45.357656000239828 ], [ -122.659204000106655, 45.357699000062205 ], [ -122.659247999589283, 45.357736999907452 ], [ -122.659291000145288, 45.357763000119014 ], [ -122.659380000732028, 45.357813000152525 ], [ -122.659492999811647, 45.357841000050946 ], [ -122.659601999591573, 45.357850999921112 ], [ -122.65972099941726, 45.357842000542988 ], [ -122.659792000460698, 45.357827999964556 ], [ -122.660276999984276, 45.357641000382195 ], [ -122.660394000160125, 45.357601000111153 ], [ -122.660595999826484, 45.35754800029229 ], [ -122.660810999911661, 45.357511999422329 ], [ -122.661030000194756, 45.357494999792614 ], [ -122.66127799989188, 45.357495999659569 ], [ -122.661298999808295, 45.358752000414512 ], [ -122.661282999914775, 45.358967000085009 ] ] ] } },
{ "type": "Feature", "properties": { "census lot building footprint": 0.11894368098856468, "POP20": 37.0, "infrastructure cost adjusted for footprint ($)": 1177672.3697536371 }, "geometry": { "type": "Polygon", "coordinates": [ [ [ -122.662744000129905, 45.35563500013518 ], [ -122.661959999957276, 45.355957999687583 ], [ -122.66188099941624, 45.355984999979029 ], [ -122.661805999971492, 45.356001000169037 ], [ -122.661728000153673, 45.356009000577949 ], [ -122.661284999564586, 45.356021999819774 ], [ -122.661275999343772, 45.355465999765649 ], [ -122.661319999724668, 45.35460500049858 ], [ -122.661326000470751, 45.354342999902158 ], [ -122.661383000372183, 45.354314999535404 ], [ -122.661450999245943, 45.354293000590147 ], [ -122.661523000114272, 45.354282000167437 ], [ -122.661590999886329, 45.354282000167423 ], [ -122.661664000579563, 45.354292000666568 ], [ -122.661726999430471, 45.354310000550576 ], [ -122.661789000253052, 45.354338999580065 ], [ -122.661840000306654, 45.354376999787839 ], [ -122.661884999614216, 45.354429000130452 ], [ -122.662214999327077, 45.354972000161894 ], [ -122.662744000129905, 45.35563500013518 ] ] ] } },
{ "type": "Feature", "properties": { "census lot building footprint": 0.078533039186977655, "POP20": 473.0, "infrastructure cost adjusted for footprint ($)": 16347481.056788089 }, "geometry": { "type": "Polygon", "coordinates": [ [ [ -122.668245999785469, 45.360547999879159 ], [ -122.668183000036279, 45.360573999430272 ], [ -122.667964000651466, 45.360669000480428 ], [ -122.667895000156179, 45.360703000352423 ], [ -122.667377000122329, 45.360698000038411 ], [ -122.667347999810005, 45.360718000029571 ], [ -122.66726799944405, 45.360777999960668 ], [ -122.667163000760368, 45.360865999492134 ], [ -122.667037000363692, 45.360982000386763 ], [ -122.666977999914138, 45.360940000340626 ], [ -122.666672000490721, 45.360694999976012 ], [ -122.666446999461499, 45.360694999976005 ], [ -122.664735000074472, 45.360701000100654 ], [ -122.664088999994135, 45.360693999534334 ], [ -122.661977000574041, 45.360692999723888 ], [ -122.66113899997471, 45.360688000040106 ], [ -122.659902999890406, 45.360681999914092 ], [ -122.659726000338452, 45.359948000315093 ], [ -122.65975699940229, 45.35964599975155 ], [ -122.659812000552165, 45.359566999952655 ], [ -122.659842999616018, 45.359542999600336 ], [ -122.659912999936196, 45.359507999831102 ], [ -122.659998000325018, 45.359486999580433 ], [ -122.660060000249288, 45.359481999790113 ], [ -122.660800000041021, 45.359492000001516 ], [ -122.66082300050553, 45.359322000585898 ], [ -122.660849999371408, 45.359241000031147 ], [ -122.660889999554371, 45.359189999528922 ], [ -122.660937000308351, 45.359154999541317 ], [ -122.661101999266478, 45.359092999474001 ], [ -122.66120299954882, 45.359066000034368 ], [ -122.661257999800398, 45.359034999960464 ], [ -122.661282999914775, 45.358967000085009 ], [ -122.661298999808295, 45.358752000414512 ], [ -122.66127799989188, 45.357495999659569 ], [ -122.661275999343744, 45.356435000204499 ], [ -122.661284999564586, 45.356021999819774 ], [ -122.661728000153673, 45.356009000577949 ], [ -122.661805999971492, 45.356001000169037 ], [ -122.66188099941624, 45.355984999979029 ], [ -122.661959999957276, 45.355957999687583 ], [ -122.662744000129905, 45.35563500013518 ], [ -122.662214999327077, 45.354972000161894 ], [ -122.661884999614216, 45.354429000130452 ], [ -122.661840000306654, 45.354376999787839 ], [ -122.661789000253052, 45.354338999580065 ], [ -122.661726999430471, 45.354310000550576 ], [ -122.661664000579563, 45.354292000666568 ], [ -122.661590999886329, 45.354282000167423 ], [ -122.661523000114272, 45.354282000167437 ], [ -122.661450999245943, 45.354293000590147 ], [ -122.661383000372183, 45.354314999535404 ], [ -122.661326000470751, 45.354342999902158 ], [ -122.661330000668755, 45.354202999823485 ], [ -122.661267999846146, 45.354088000108426 ], [ -122.661217999617449, 45.354019000672295 ], [ -122.661158999167895, 45.353953000309502 ], [ -122.661092999943975, 45.353892000154481 ], [ -122.660971999570151, 45.353802000012578 ], [ -122.660833999477902, 45.353726000061869 ], [ -122.660722000223231, 45.353677000139179 ], [ -122.660435000168022, 45.353574999790489 ], [ -122.659866000080541, 45.353368999924392 ], [ -122.659812999478774, 45.353348999860671 ], [ -122.659675000284835, 45.353285999803184 ], [ -122.659545999515089, 45.353213000250065 ], [ -122.659447999605803, 45.353144999690926 ], [ -122.659374999810879, 45.353086999762134 ], [ -122.659040000075109, 45.352676999419437 ], [ -122.658739999601138, 45.352421999694307 ], [ -122.65857399991981, 45.352255999708916 ], [ -122.658538999759685, 45.352103000009883 ], [ -122.658541000307807, 45.351970000455374 ], [ -122.658824000165041, 45.351943000142192 ], [ -122.659004000090079, 45.351926000102026 ], [ -122.659383999133397, 45.351905000193931 ], [ -122.659547000238305, 45.351886000210243 ], [ -122.660595999826484, 45.351804999743038 ], [ -122.661316999351641, 45.352483999495561 ], [ -122.662579000273496, 45.353994999860632 ], [ -122.66359400042478, 45.355424000674986 ], [ -122.665323000428543, 45.357596000154132 ], [ -122.665624000727433, 45.357963999846504 ], [ -122.666769000575101, 45.359151999397099 ], [ -122.66687699963181, 45.359264000044632 ], [ -122.667685000093897, 45.360028999857668 ], [ -122.668253000356472, 45.360499999996662 ], [ -122.668245999785469, 45.360547999879159 ] ] ] } },
{ "type": "Feature", "properties": { "census lot building footprint": 0.019749270994146983, "POP20": 35.0, "infrastructure cost adjusted for footprint ($)": 8394776.9172197003 }, "geometry": { "type": "Polygon", "coordinates": [ [ [ -122.66873500040532, 45.357630999843671 ], [ -122.668663000435316, 45.357632999572779 ], [ -122.668643000343792, 45.357980999335339 ], [ -122.668598999962882, 45.358170000029098 ], [ -122.668522999794888, 45.358549999850602 ], [ -122.668467000616715, 45.358930000276253 ], [ -122.668437999406066, 45.359204000401547 ], [ -122.668436999581161, 45.35931199971327 ], [ -122.668437999406066, 45.359331999563146 ], [ -122.668392000273641, 45.359623999722778 ], [ -122.668338999671889, 45.359968000571364 ], [ -122.668070000058378, 45.359743000120822 ], [ -122.667136000097884, 45.35881400022425 ], [ -122.666241000495503, 45.357924999663126 ], [ -122.6661360000152, 45.357786999963857 ], [ -122.6657079994947, 45.357260999505954 ], [ -122.665129000259796, 45.356563999832161 ], [ -122.664629000667603, 45.355919000015405 ], [ -122.663442999913741, 45.354319999782241 ], [ -122.663073999842794, 45.353806000372636 ], [ -122.662693999901251, 45.353297000419502 ], [ -122.662578000448576, 45.353153999816065 ], [ -122.662388999404385, 45.352947000364026 ], [ -122.661830000260949, 45.352310999982372 ], [ -122.661672000077203, 45.352148000187121 ], [ -122.661277999891851, 45.351740999892016 ], [ -122.66167600027515, 45.351731000204666 ], [ -122.662141999532153, 45.35170499974673 ], [ -122.663150000010774, 45.352994999709665 ], [ -122.663411999951634, 45.353334000123851 ], [ -122.663878000106905, 45.35378500053082 ], [ -122.66419500029933, 45.353957999957117 ], [ -122.664956000007436, 45.354526000605532 ], [ -122.665340000146998, 45.354747000045158 ], [ -122.665471999493164, 45.354801999791505 ], [ -122.665580000346509, 45.354828000089192 ], [ -122.666531000025415, 45.355194999568795 ], [ -122.666779999547444, 45.355317000160461 ], [ -122.667343999612058, 45.355649999893352 ], [ -122.667815999615144, 45.355892000323664 ], [ -122.667955000430624, 45.355983000191699 ], [ -122.668047999418746, 45.35606100005225 ], [ -122.668121999936901, 45.356154000061068 ], [ -122.668176000363587, 45.356256000180082 ], [ -122.668270000074912, 45.356468000210619 ], [ -122.668410000715326, 45.356750999817542 ], [ -122.668505000251542, 45.356942000585761 ], [ -122.668621000602499, 45.357191000278796 ], [ -122.668675999955767, 45.357342999608591 ], [ -122.668707999742793, 45.357473999426013 ], [ -122.66873500040532, 45.357630999843671 ] ] ] } },
{ "type": "Feature", "properties": { "census lot building footprint": 0.1027149434449638, "POP20": 104.0, "infrastructure cost adjusted for footprint ($)": 5730090.8980916087 }, "geometry": { "type": "Polygon", "coordinates": [ [ [ -122.664354000307966, 45.390685999902857 ], [ -122.664353000483075, 45.390761000130986 ], [ -122.664353000483075, 45.390790000032688 ], [ -122.664353000483104, 45.390915000548205 ], [ -122.664352000658184, 45.391039999525532 ], [ -122.664352000658184, 45.391157999537882 ], [ -122.664352000658184, 45.391171999437482 ], [ -122.664350999934967, 45.391357999937135 ], [ -122.664350999934939, 45.391455000178709 ], [ -122.664350000110005, 45.391543999824691 ], [ -122.664350000110019, 45.391609999861465 ], [ -122.664349000285128, 45.391775999823615 ], [ -122.664348000460208, 45.391981999889104 ], [ -122.664346999736949, 45.39216400007566 ], [ -122.664174000382928, 45.392195000288162 ], [ -122.663975000191314, 45.392228999504553 ], [ -122.663922000487858, 45.392239000235001 ], [ -122.663712000425576, 45.392276000335819 ], [ -122.663507000386147, 45.392311999899192 ], [ -122.663331999585665, 45.392342999399695 ], [ -122.663081000413797, 45.392386999862168 ], [ -122.662839999491069, 45.392428000018512 ], [ -122.662833000716674, 45.392209999815108 ], [ -122.662415000241964, 45.392350999715717 ], [ -122.661612999627636, 45.392620999939602 ], [ -122.661470000410816, 45.392670000197093 ], [ -122.661263999648199, 45.392706000140279 ], [ -122.661239999358742, 45.392710000272785 ], [ -122.661222999640302, 45.392714999649392 ], [ -122.661209000294932, 45.392718999781259 ], [ -122.661190999853261, 45.392725000293858 ], [ -122.661087999921108, 45.392755999567818 ], [ -122.660516999285477, 45.392926999306866 ], [ -122.660381999566241, 45.392975999929888 ], [ -122.659732000186239, 45.393213000322277 ], [ -122.659532000169676, 45.393286999855214 ], [ -122.659165000646908, 45.393423000278624 ], [ -122.658974999777769, 45.393491000367597 ], [ -122.659296999993046, 45.393721000229171 ], [ -122.659056999793535, 45.393875000150828 ], [ -122.658876999868468, 45.394005999897246 ], [ -122.658812000469467, 45.393849999991374 ], [ -122.658028000296824, 45.394114000259165 ], [ -122.658029000121743, 45.394065999843434 ], [ -122.658014000053143, 45.394013999977872 ], [ -122.658008000205356, 45.393991000216168 ], [ -122.657935000410419, 45.393917000343379 ], [ -122.657886999831504, 45.393890999717165 ], [ -122.657806999465578, 45.393857000239009 ], [ -122.657514999387558, 45.393786999616133 ], [ -122.657406000505915, 45.393746999671912 ], [ -122.657294000352934, 45.393696999859486 ], [ -122.65723499990338, 45.393655000134281 ], [ -122.657188999872631, 45.39360500024047 ], [ -122.657157999910453, 45.393550000369252 ], [ -122.657142000016947, 45.393416999840099 ], [ -122.657150000412869, 45.393355000738666 ], [ -122.657184999674655, 45.393302999588059 ], [ -122.657232000428635, 45.393256000241664 ], [ -122.657589999730604, 45.393041000317368 ], [ -122.658455000094122, 45.392515000267167 ], [ -122.658970000653241, 45.392213999982673 ], [ -122.659054999245427, 45.392153999962751 ], [ -122.659134999611354, 45.39207799980408 ], [ -122.65923500006879, 45.392127999787149 ], [ -122.659395999727266, 45.392200000341198 ], [ -122.659495000359769, 45.392221000432947 ], [ -122.659601999591573, 45.392232999670753 ], [ -122.659692000003233, 45.392236999836697 ], [ -122.659817999501641, 45.39222400071575 ], [ -122.65990700008841, 45.392204999762939 ], [ -122.660003000347885, 45.392163000190621 ], [ -122.660106999206633, 45.392093999879123 ], [ -122.660222000631009, 45.392003000061862 ], [ -122.66049300079267, 45.391768999949086 ], [ -122.660668000694841, 45.391661999415611 ], [ -122.660843000597026, 45.391571000164447 ], [ -122.661485000479445, 45.391470999799289 ], [ -122.662102000247486, 45.391389999859584 ], [ -122.662879999674047, 45.391261000159894 ], [ -122.663107000353065, 45.39121799998432 ], [ -122.663293999950795, 45.391154999829318 ], [ -122.663449999586433, 45.39110400034334 ], [ -122.66373900018975, 45.3909530001606 ], [ -122.663983000587208, 45.390802999483462 ], [ -122.664078000123482, 45.390740000127643 ], [ -122.664184999355271, 45.390677000070703 ], [ -122.664279999789812, 45.390613999943518 ], [ -122.6643550001329, 45.390539000151158 ], [ -122.664354000307966, 45.390685999902857 ] ] ] } },
{ "type": "Feature", "properties": { "census lot building footprint": 0.19629801547953168, "POP20": 46.0, "infrastructure cost adjusted for footprint ($)": 941550.26038561028 }, "geometry": { "type": "Polygon", "coordinates": [ [ [ -122.660843000597026, 45.391571000164447 ], [ -122.660668000694841, 45.391661999415611 ], [ -122.66049300079267, 45.391768999949086 ], [ -122.660222000631009, 45.392003000061862 ], [ -122.660106999206633, 45.392093999879123 ], [ -122.660003000347885, 45.392163000190621 ], [ -122.65990700008841, 45.392204999762939 ], [ -122.659817999501641, 45.39222400071575 ], [ -122.659692000003233, 45.392236999836697 ], [ -122.659601999591573, 45.392232999670753 ], [ -122.659495000359769, 45.392221000432947 ], [ -122.659395999727266, 45.392200000341198 ], [ -122.65923500006879, 45.392127999787149 ], [ -122.659134999611354, 45.39207799980408 ], [ -122.65923500006879, 45.391930000629401 ], [ -122.659329999605021, 45.391746999796972 ], [ -122.659349999696502, 45.391614999966272 ], [ -122.65932500048045, 45.391403000434074 ], [ -122.659277999726498, 45.391239999711495 ], [ -122.659207000479697, 45.391089000522904 ], [ -122.659134999611354, 45.390997999718302 ], [ -122.659053999420451, 45.390916000455334 ], [ -122.658973999952863, 45.390855000410994 ], [ -122.658857999601921, 45.390782999405225 ], [ -122.658806999548275, 45.390750999769878 ], [ -122.65945099997883, 45.390183999993994 ], [ -122.659468999522176, 45.390193000535554 ], [ -122.65957500072571, 45.390244000212668 ], [ -122.659671000086874, 45.390298999516055 ], [ -122.659763000148374, 45.390357999695681 ], [ -122.659848000537195, 45.390430999896857 ], [ -122.659911999212966, 45.390510999404114 ], [ -122.660095000409427, 45.390809000199582 ], [ -122.660164999831252, 45.39094299983342 ], [ -122.660398999284681, 45.391194999715566 ], [ -122.660466000130157, 45.391245000479863 ], [ -122.660528999879347, 45.391284000401797 ], [ -122.66071199927913, 45.391372999686205 ], [ -122.66075800020819, 45.391412000150659 ], [ -122.660784999972364, 45.39147199969657 ], [ -122.660843000597026, 45.391571000164447 ] ] ] } },
{ "type": "Feature", "properties": { "census lot building footprint": 0.12870870942623516, "POP20": 170.0, "infrastructure cost adjusted for footprint ($)": 7660627.332951488 }, "geometry": { "type": "Polygon", "coordinates": [ [ [ -122.664487000377406, 45.390257999707778 ], [ -122.664482000354511, 45.390308999957149 ], [ -122.664478999981455, 45.390345000142567 ], [ -122.664452000217238, 45.390413999434948 ], [ -122.664387999744875, 45.39050700037771 ], [ -122.6643550001329, 45.390539000151158 ], [ -122.664279999789812, 45.390613999943518 ], [ -122.664184999355271, 45.390677000070703 ], [ -122.664078000123482, 45.390740000127643 ], [ -122.663983000587208, 45.390802999483462 ], [ -122.66373900018975, 45.3909530001606 ], [ -122.663449999586433, 45.39110400034334 ], [ -122.663293999950795, 45.391154999829318 ], [ -122.662862999955607, 45.390517000151185 ], [ -122.662631999976895, 45.390154000491648 ], [ -122.662445000379151, 45.389939000122297 ], [ -122.662241000164656, 45.389685000460169 ], [ -122.66088599935641, 45.38862099986725 ], [ -122.660831000003157, 45.388592000114414 ], [ -122.660753000185338, 45.388577000258195 ], [ -122.660668000694841, 45.38860600001869 ], [ -122.660600000024459, 45.388653000077589 ], [ -122.660254000418064, 45.388949999371476 ], [ -122.66014400081319, 45.389139000059565 ], [ -122.660059000424397, 45.389342999772659 ], [ -122.660057999701152, 45.389398999886716 ], [ -122.660047999655376, 45.389476999727826 ], [ -122.660007000545846, 45.389578999697328 ], [ -122.659933999852569, 45.389700999950961 ], [ -122.659849000362087, 45.38980899970759 ], [ -122.659774000019027, 45.38989099994577 ], [ -122.65945099997883, 45.390183999993994 ], [ -122.658806999548275, 45.390750999769878 ], [ -122.658533999736818, 45.390646999568261 ], [ -122.658257999552291, 45.390601000449266 ], [ -122.657922999816549, 45.39057500019009 ], [ -122.657492999646266, 45.390551999659692 ], [ -122.656982000183376, 45.390512999863454 ], [ -122.656182000117212, 45.390242999662838 ], [ -122.656044000024949, 45.390191000064881 ], [ -122.657853000394653, 45.389055000112201 ], [ -122.659352000244681, 45.38805999992023 ], [ -122.660262999740567, 45.387520999996283 ], [ -122.660559000016562, 45.387349999673305 ], [ -122.660709999629319, 45.387251000644532 ], [ -122.660815000109608, 45.387191000403178 ], [ -122.660861000140372, 45.387179000094896 ], [ -122.660928999912429, 45.387169000361794 ], [ -122.661009000278383, 45.38717399959765 ], [ -122.661059000507123, 45.387188000484066 ], [ -122.661725999605551, 45.387701999442477 ], [ -122.662421000089722, 45.388262000465005 ], [ -122.662616000083375, 45.388420000556664 ], [ -122.663117000398827, 45.388812999595856 ], [ -122.663185999995804, 45.388928999326154 ], [ -122.663195000216618, 45.388993999951971 ], [ -122.663228999653498, 45.389066999391282 ], [ -122.663273999859342, 45.389136000243901 ], [ -122.663338000331734, 45.389205999687853 ], [ -122.66421100019285, 45.389879000210676 ], [ -122.66435699978274, 45.3899970001235 ], [ -122.664427000102918, 45.390054000142818 ], [ -122.66448300017943, 45.390160999935347 ], [ -122.664487000377406, 45.390257999707778 ] ] ] } },
{ "type": "Feature", "properties": { "census lot building footprint": 0.18375538834677826, "POP20": 111.0, "infrastructure cost adjusted for footprint ($)": 2196312.6098951236 }, "geometry": { "type": "Polygon", "coordinates": [ [ [ -122.663107000353065, 45.39121799998432 ], [ -122.662879999674047, 45.391261000159894 ], [ -122.662102000247486, 45.391389999859584 ], [ -122.661485000479445, 45.391470999799289 ], [ -122.660843000597026, 45.391571000164447 ], [ -122.660784999972364, 45.39147199969657 ], [ -122.66075800020819, 45.391412000150659 ], [ -122.66071199927913, 45.391372999686205 ], [ -122.660528999879347, 45.391284000401797 ], [ -122.660466000130157, 45.391245000479863 ], [ -122.660398999284681, 45.391194999715566 ], [ -122.660164999831252, 45.39094299983342 ], [ -122.660095000409427, 45.390809000199582 ], [ -122.659911999212966, 45.390510999404114 ], [ -122.659848000537195, 45.390430999896857 ], [ -122.659763000148374, 45.390357999695681 ], [ -122.659671000086874, 45.390298999516055 ], [ -122.65957500072571, 45.390244000212668 ], [ -122.659468999522176, 45.390193000535554 ], [ -122.65945099997883, 45.390183999993994 ], [ -122.659774000019027, 45.38989099994577 ], [ -122.659849000362087, 45.38980899970759 ], [ -122.659933999852569, 45.389700999950961 ], [ -122.660007000545846, 45.389578999697328 ], [ -122.660047999655376, 45.389476999727826 ], [ -122.660057999701152, 45.389398999886716 ], [ -122.660059000424397, 45.389342999772659 ], [ -122.66014400081319, 45.389139000059565 ], [ -122.660254000418064, 45.388949999371476 ], [ -122.660600000024459, 45.388653000077589 ], [ -122.660668000694841, 45.38860600001869 ], [ -122.660753000185338, 45.388577000258195 ], [ -122.660831000003157, 45.388592000114414 ], [ -122.66088599935641, 45.38862099986725 ], [ -122.662241000164656, 45.389685000460169 ], [ -122.662445000379151, 45.389939000122297 ], [ -122.662631999976895, 45.390154000491648 ], [ -122.662862999955607, 45.390517000151185 ], [ -122.663293999950795, 45.391154999829318 ], [ -122.663107000353065, 45.39121799998432 ] ] ] } },
{ "type": "Feature", "properties": { "census lot building footprint": 0.12297994504165533, "POP20": 18.0, "infrastructure cost adjusted for footprint ($)": 1053485.5401000164 }, "geometry": { "type": "Polygon", "coordinates": [ [ [ -122.663671000417679, 45.388401999538338 ], [ -122.663625000386943, 45.388471999891301 ], [ -122.663117000398827, 45.388812999595856 ], [ -122.662616000083375, 45.388420000556664 ], [ -122.662421000089722, 45.388262000465005 ], [ -122.661725999605551, 45.387701999442477 ], [ -122.662165999821596, 45.387420000067308 ], [ -122.662245000362631, 45.387391999667734 ], [ -122.662301000439143, 45.387381999972305 ], [ -122.663010000268685, 45.38737800009369 ], [ -122.663213999584869, 45.387396000176338 ], [ -122.663314000042348, 45.387424000573866 ], [ -122.663407999753645, 45.387457000168432 ], [ -122.663468000028146, 45.387500000050885 ], [ -122.663590000226833, 45.387610000158865 ], [ -122.663634999534395, 45.387666000097219 ], [ -122.663668999869586, 45.387743999806219 ], [ -122.663671000417679, 45.388401999538338 ] ] ] } },
{ "type": "Feature", "properties": { "census lot building footprint": 0.11420120096982633, "POP20": 228.0, "infrastructure cost adjusted for footprint ($)": 13555528.336313028 }, "geometry": { "type": "Polygon", "coordinates": [ [ [ -122.664366999828474, 45.387461000041512 ], [ -122.664365000178634, 45.38784599974862 ], [ -122.664363999455418, 45.388113999499424 ], [ -122.66436299963047, 45.388378000064328 ], [ -122.664361999805607, 45.388701999989976 ], [ -122.664360999980687, 45.388969999467527 ], [ -122.664360000155767, 45.389143999752122 ], [ -122.664358999432551, 45.389463999972087 ], [ -122.664357999607631, 45.389607000275241 ], [ -122.664356999782711, 45.38989099994577 ], [ -122.66435699978274, 45.3899970001235 ], [ -122.66421100019285, 45.389879000210676 ], [ -122.663338000331734, 45.389205999687853 ], [ -122.663273999859342, 45.389136000243901 ], [ -122.663228999653498, 45.389066999391282 ], [ -122.663195000216618, 45.388993999951971 ], [ -122.663185999995804, 45.388928999326154 ], [ -122.663117000398827, 45.388812999595856 ], [ -122.663625000386943, 45.388471999891301 ], [ -122.663671000417679, 45.388401999538338 ], [ -122.663668999869586, 45.387743999806219 ], [ -122.663634999534395, 45.387666000097219 ], [ -122.663590000226833, 45.387610000158865 ], [ -122.663468000028146, 45.387500000050885 ], [ -122.663407999753645, 45.387457000168432 ], [ -122.663314000042348, 45.387424000573866 ], [ -122.663213999584869, 45.387396000176338 ], [ -122.663010000268685, 45.38737800009369 ], [ -122.662301000439143, 45.387381999972305 ], [ -122.662245000362631, 45.387391999667734 ], [ -122.662165999821596, 45.387420000067308 ], [ -122.661725999605551, 45.387701999442477 ], [ -122.661059000507123, 45.387188000484066 ], [ -122.661009000278383, 45.38717399959765 ], [ -122.660928999912429, 45.387169000361794 ], [ -122.660861000140372, 45.387179000094896 ], [ -122.660815000109608, 45.387191000403178 ], [ -122.660709999629319, 45.387251000644532 ], [ -122.660559000016562, 45.387349999673305 ], [ -122.660262999740567, 45.387520999996283 ], [ -122.659805999806082, 45.387176999517521 ], [ -122.659760999600223, 45.387126000227511 ], [ -122.659715000467799, 45.387056999444873 ], [ -122.659677999759552, 45.386887999567726 ], [ -122.659676000109741, 45.386832000120457 ], [ -122.659177000342467, 45.386817000428053 ], [ -122.65890100015794, 45.38681700042806 ], [ -122.657895000227455, 45.386817000428053 ], [ -122.657809999838648, 45.386813999858191 ], [ -122.656449999905817, 45.386760000298885 ], [ -122.656456000651943, 45.386486000525004 ], [ -122.656453000278873, 45.386100999756728 ], [ -122.656459999951551, 45.385433000328568 ], [ -122.65645700047682, 45.384940999951944 ], [ -122.656456000651929, 45.384786000277451 ], [ -122.656454999928684, 45.384620999363158 ], [ -122.656454000103793, 45.384298000045071 ], [ -122.656454000103793, 45.384254999619692 ], [ -122.656454000103793, 45.384202000165459 ], [ -122.656453000278844, 45.383959999692955 ], [ -122.656442999334814, 45.383838999699144 ], [ -122.656452000453953, 45.383677999947189 ], [ -122.656452000453953, 45.383457999987669 ], [ -122.656450999730708, 45.383292999613893 ], [ -122.656450999730708, 45.383175999630652 ], [ -122.65645700047682, 45.382965000041054 ], [ -122.656470999822218, 45.382248999794719 ], [ -122.657803000165913, 45.382226999722853 ], [ -122.657922999816535, 45.382224999601227 ], [ -122.658091999870933, 45.382227999783694 ], [ -122.65817899990958, 45.382219000497685 ], [ -122.658250000054679, 45.382198000475526 ], [ -122.658409999888249, 45.382116000434365 ], [ -122.658467999614572, 45.382073000242166 ], [ -122.658511000170606, 45.382032000145827 ], [ -122.658604999881916, 45.38192799967576 ], [ -122.658627999448129, 45.381882000401781 ], [ -122.658629000171373, 45.382287000185492 ], [ -122.658662999608239, 45.382285000065934 ], [ -122.658845999906362, 45.382286000125724 ], [ -122.659430999887348, 45.382290000364698 ], [ -122.659427999514293, 45.383025999767057 ], [ -122.660469000503241, 45.383032000046903 ], [ -122.660449000411717, 45.386850999725084 ], [ -122.664371000026421, 45.386958000533824 ], [ -122.664366999828474, 45.387461000041512 ] ], [ [ -122.659194000060864, 45.383008000185754 ], [ -122.659032999504106, 45.383007000138754 ], [ -122.65887100002071, 45.383006000091697 ], [ -122.658256999727399, 45.383005000044641 ], [ -122.657898000600497, 45.383003999997555 ], [ -122.657898000600497, 45.383232000175958 ], [ -122.657898000600497, 45.383444000070199 ], [ -122.657898000600525, 45.383671999735967 ], [ -122.657898000600497, 45.383825999908595 ], [ -122.658845000081442, 45.383829000006131 ], [ -122.659189999862917, 45.383830000038621 ], [ -122.659190999687837, 45.383586999829717 ], [ -122.659192999337677, 45.383232000175958 ], [ -122.659194000060893, 45.383094000377071 ], [ -122.659194000060864, 45.383008000185754 ] ] ] } },
{ "type": "Feature", "properties": { "census lot building footprint": 0.12413366271692799, "POP20": 45.0, "infrastructure cost adjusted for footprint ($)": 2117257.9657495311 }, "geometry": { "type": "Polygon", "coordinates": [ [ [ -122.660262999740567, 45.387520999996283 ], [ -122.659352000244681, 45.38805999992023 ], [ -122.658676999851949, 45.387514000225636 ], [ -122.657075999894701, 45.387409999745948 ], [ -122.655915999978433, 45.387418000129358 ], [ -122.656052999347452, 45.387390999698276 ], [ -122.656169999523328, 45.3873489997031 ], [ -122.65627099980567, 45.387288000225389 ], [ -122.656348999623447, 45.387213999777686 ], [ -122.656393000004414, 45.387149000259399 ], [ -122.656420999593522, 45.38707300031048 ], [ -122.656449999905817, 45.386760000298885 ], [ -122.657809999838648, 45.386813999858191 ], [ -122.657895000227455, 45.386817000428053 ], [ -122.65890100015794, 45.38681700042806 ], [ -122.659177000342467, 45.386817000428053 ], [ -122.659676000109741, 45.386832000120457 ], [ -122.659677999759552, 45.386887999567726 ], [ -122.659715000467799, 45.387056999444873 ], [ -122.659760999600223, 45.387126000227511 ], [ -122.659805999806082, 45.387176999517521 ], [ -122.660262999740567, 45.387520999996283 ] ] ] } },
{ "type": "Feature", "properties": { "census lot building footprint": 0.11157747434447415, "POP20": 25.0, "infrastructure cost adjusted for footprint ($)": 1068295.2073555512 }, "geometry": { "type": "Polygon", "coordinates": [ [ [ -122.656456000651929, 45.384786000277451 ], [ -122.655526999816018, 45.384778999537197 ], [ -122.655525999991099, 45.384880999782361 ], [ -122.655525999991099, 45.385103000533405 ], [ -122.655524999267882, 45.385351999937768 ], [ -122.655534000387007, 45.385435000336699 ], [ -122.655060999660662, 45.385436000340768 ], [ -122.655016999279738, 45.385421999651378 ], [ -122.654994000611836, 45.385395000159683 ], [ -122.654992999888606, 45.385039999871744 ], [ -122.655014000703318, 45.384965000254347 ], [ -122.655105999866507, 45.384855999430044 ], [ -122.655222000217492, 45.384752000369311 ], [ -122.655325999974551, 45.384649999891387 ], [ -122.655361000134604, 45.384589000024839 ], [ -122.655384000599213, 45.384502999583987 ], [ -122.655402000142502, 45.384182000275196 ], [ -122.655436000477721, 45.384085000170664 ], [ -122.655493000379138, 45.384003999741175 ], [ -122.655593999763155, 45.3839290000112 ], [ -122.655722999634577, 45.383867999997605 ], [ -122.655874999970592, 45.383841999795955 ], [ -122.656087999507548, 45.383831000071076 ], [ -122.656442999334814, 45.383838999699144 ], [ -122.656453000278844, 45.383959999692955 ], [ -122.656454000103793, 45.384202000165459 ], [ -122.656454000103793, 45.384254999619692 ], [ -122.656454000103793, 45.384298000045071 ], [ -122.656454999928684, 45.384620999363158 ], [ -122.656456000651929, 45.384786000277451 ] ] ] } },
{ "type": "Feature", "properties": { "census lot building footprint": 0.16501137389297402, "POP20": 5.0, "infrastructure cost adjusted for footprint ($)": 477499.01039198361 }, "geometry": { "type": "Polygon", "coordinates": [ [ [ -122.656459999951551, 45.385433000328568 ], [ -122.65568199962668, 45.385435000336699 ], [ -122.655534000387007, 45.385435000336699 ], [ -122.655524999267882, 45.385351999937768 ], [ -122.655525999991099, 45.385103000533405 ], [ -122.655525999991099, 45.384880999782361 ], [ -122.655526999816018, 45.384778999537197 ], [ -122.656456000651929, 45.384786000277451 ], [ -122.65645700047682, 45.384940999951944 ], [ -122.656459999951551, 45.385433000328568 ] ] ] } },
{ "type": "Feature", "properties": { "census lot building footprint": 0.14551608675564059, "POP20": 30.0, "infrastructure cost adjusted for footprint ($)": 1754190.7612940287 }, "geometry": { "type": "Polygon", "coordinates": [ [ [ -122.656420999593522, 45.38707300031048 ], [ -122.656393000004414, 45.387149000259399 ], [ -122.656348999623447, 45.387213999777686 ], [ -122.65627099980567, 45.387288000225389 ], [ -122.656169999523328, 45.3873489997031 ], [ -122.656052999347452, 45.387390999698276 ], [ -122.655915999978433, 45.387418000129358 ], [ -122.653192999739744, 45.387387999789794 ], [ -122.652736999630179, 45.387477000161823 ], [ -122.652516000595554, 45.38668599979087 ], [ -122.654746999841322, 45.386715999872109 ], [ -122.656449999905817, 45.386760000298885 ], [ -122.656420999593522, 45.38707300031048 ] ] ] } },
{ "type": "Feature", "properties": { "census lot building footprint": 0.10138732236871048, "POP20": 59.0, "infrastructure cost adjusted for footprint ($)": 2461793.8167959247 }, "geometry": { "type": "Polygon", "coordinates": [ [ [ -122.657853000394653, 45.389055000112201 ], [ -122.656044000024949, 45.390191000064881 ], [ -122.655203999775836, 45.389907000009181 ], [ -122.655095999820773, 45.389884000468641 ], [ -122.654992000063714, 45.38988100006155 ], [ -122.654904000200148, 45.389890000020529 ], [ -122.654813999788487, 45.389914000114317 ], [ -122.654544000350043, 45.390038000121045 ], [ -122.654374999397348, 45.390104000023911 ], [ -122.654202000043284, 45.390163999696668 ], [ -122.653971999889507, 45.390223000017194 ], [ -122.653696999529885, 45.390259999545258 ], [ -122.653866999409203, 45.389907999934088 ], [ -122.65386599958434, 45.389865999916502 ], [ -122.65373199969001, 45.389656999920902 ], [ -122.653420999345386, 45.389235000387373 ], [ -122.653180000219265, 45.388919999845044 ], [ -122.653139000211368, 45.388848000159534 ], [ -122.65311400009702, 45.38876700024602 ], [ -122.653104999876177, 45.388682999745775 ], [ -122.653115999746859, 45.38853299998398 ], [ -122.657315000269307, 45.388608999862576 ], [ -122.657853000394653, 45.389055000112201 ] ] ] } },
{ "type": "Feature", "properties": { "census lot building footprint": 0.11705975212796581, "POP20": 91.0, "infrastructure cost adjusted for footprint ($)": 4594048.1162678832 }, "geometry": { "type": "Polygon", "coordinates": [ [ [ -122.659352000244681, 45.38805999992023 ], [ -122.657853000394653, 45.389055000112201 ], [ -122.657315000269307, 45.388608999862576 ], [ -122.653115999746859, 45.38853299998398 ], [ -122.65311400009702, 45.388184000209037 ], [ -122.653095999655363, 45.388144000084552 ], [ -122.653017000012639, 45.388084000160134 ], [ -122.652698999995366, 45.38791300027858 ], [ -122.652201999877875, 45.387618000513989 ], [ -122.652736999630179, 45.387477000161823 ], [ -122.653192999739744, 45.387387999789794 ], [ -122.655915999978433, 45.387418000129358 ], [ -122.657075999894701, 45.387409999745948 ], [ -122.658676999851949, 45.387514000225636 ], [ -122.659352000244681, 45.38805999992023 ] ] ] } },
{ "type": "Feature", "properties": { "census lot building footprint": 0.080758452243305634, "POP20": 262.0, "infrastructure cost adjusted for footprint ($)": 17905810.870576635 }, "geometry": { "type": "Polygon", "coordinates": [ [ [ -122.659329999605021, 45.391746999796972 ], [ -122.65923500006879, 45.391930000629401 ], [ -122.659134999611354, 45.39207799980408 ], [ -122.659054999245427, 45.392153999962751 ], [ -122.658970000653241, 45.392213999982673 ], [ -122.658455000094122, 45.392515000267167 ], [ -122.657589999730604, 45.393041000317368 ], [ -122.657232000428635, 45.393256000241664 ], [ -122.657184999674655, 45.393302999588059 ], [ -122.657150000412869, 45.393355000738666 ], [ -122.657142000016947, 45.393416999840099 ], [ -122.657157999910453, 45.393550000369252 ], [ -122.657188999872631, 45.39360500024047 ], [ -122.65723499990338, 45.393655000134281 ], [ -122.657294000352934, 45.393696999859486 ], [ -122.657406000505915, 45.393746999671912 ], [ -122.657514999387558, 45.393786999616133 ], [ -122.657806999465578, 45.393857000239009 ], [ -122.657886999831504, 45.393890999717165 ], [ -122.657935000410419, 45.393917000343379 ], [ -122.658008000205356, 45.393991000216168 ], [ -122.658014000053143, 45.394013999977872 ], [ -122.658029000121743, 45.394065999843434 ], [ -122.658028000296824, 45.394114000259165 ], [ -122.657912999770787, 45.394162999853002 ], [ -122.657721999975067, 45.394241000058578 ], [ -122.657541000225109, 45.394308000577865 ], [ -122.657343999683334, 45.394380000247061 ], [ -122.657008999947536, 45.39443599978614 ], [ -122.656741000158945, 45.394489999582042 ], [ -122.656469000172365, 45.39457400028337 ], [ -122.656341000125863, 45.394631999943833 ], [ -122.656194999637663, 45.39471099997288 ], [ -122.655900000084912, 45.394922999712598 ], [ -122.655319000301844, 45.394464000481108 ], [ -122.655252999281302, 45.394397000146768 ], [ -122.655225000590548, 45.39435099966412 ], [ -122.654155000187629, 45.394912000251523 ], [ -122.653952999622931, 45.394769000123503 ], [ -122.653905999767261, 45.394736000382302 ], [ -122.653761000002305, 45.394624999792207 ], [ -122.653286999451083, 45.39419300038152 ], [ -122.651212000739221, 45.392273999938858 ], [ -122.650800000112227, 45.391898999640688 ], [ -122.649117000139228, 45.390768000130365 ], [ -122.64881100071581, 45.390524000180804 ], [ -122.649595999815077, 45.390271000542647 ], [ -122.650263999636735, 45.389985999703654 ], [ -122.650318000063422, 45.389954000247975 ], [ -122.65039200058159, 45.389898000052902 ], [ -122.65044299973691, 45.38981300004513 ], [ -122.650503999836232, 45.389688000246785 ], [ -122.650607999593333, 45.389535999503785 ], [ -122.650655000347285, 45.389484999818684 ], [ -122.650686999236029, 45.389469000266736 ], [ -122.65072000064464, 45.389460999542734 ], [ -122.650763000302348, 45.38945599987828 ], [ -122.650828999526254, 45.389474000560938 ], [ -122.650851999990806, 45.389489000179132 ], [ -122.650909999717129, 45.389588000335195 ], [ -122.65093999985433, 45.389656999920874 ], [ -122.650991999732895, 45.389732999549935 ], [ -122.651054000555447, 45.389789999835493 ], [ -122.651165999810175, 45.389838000097768 ], [ -122.651821999936274, 45.390157000253353 ], [ -122.651945999784829, 45.390238999986622 ], [ -122.652067000158652, 45.390404000274181 ], [ -122.652185999984354, 45.390635999905776 ], [ -122.652226000167332, 45.390699000008411 ], [ -122.652274999672827, 45.390754000130748 ], [ -122.652344999993019, 45.390795000210097 ], [ -122.652420000336051, 45.390817000101833 ], [ -122.652499999803737, 45.390823999463471 ], [ -122.652579999271325, 45.390815000284121 ], [ -122.652654000687804, 45.390790000032716 ], [ -122.652712000414127, 45.390755000040706 ], [ -122.653015000362828, 45.390508000292066 ], [ -122.653174000371493, 45.390411999602975 ], [ -122.653313000288662, 45.390358999612644 ], [ -122.653467000274418, 45.39031399954618 ], [ -122.653696999529885, 45.390259999545258 ], [ -122.653971999889507, 45.390223000017194 ], [ -122.654202000043284, 45.390163999696668 ], [ -122.654374999397348, 45.390104000023911 ], [ -122.654544000350043, 45.390038000121045 ], [ -122.654813999788487, 45.389914000114317 ], [ -122.654904000200148, 45.389890000020529 ], [ -122.654992000063714, 45.38988100006155 ], [ -122.655095999820773, 45.389884000468641 ], [ -122.655203999775836, 45.389907000009181 ], [ -122.656044000024949, 45.390191000064881 ], [ -122.656182000117212, 45.390242999662838 ], [ -122.656982000183376, 45.390512999863454 ], [ -122.657492999646266, 45.390551999659692 ], [ -122.657922999816549, 45.39057500019009 ], [ -122.658257999552291, 45.390601000449266 ], [ -122.658533999736818, 45.390646999568261 ], [ -122.658806999548275, 45.390750999769878 ], [ -122.658857999601921, 45.390782999405225 ], [ -122.658973999952863, 45.390855000410994 ], [ -122.659053999420451, 45.390916000455334 ], [ -122.659134999611354, 45.390997999718302 ], [ -122.659207000479697, 45.391089000522904 ], [ -122.659277999726498, 45.391239999711495 ], [ -122.65932500048045, 45.391403000434074 ], [ -122.659349999696502, 45.391614999966272 ], [ -122.659329999605021, 45.391746999796972 ] ] ] } },
{ "type": "Feature", "properties": { "census lot building footprint": 0.14668685718269012, "POP20": 18.0, "infrastructure cost adjusted for footprint ($)": 556792.85034029942 }, "geometry": { "type": "Polygon", "coordinates": [ [ [ -122.655042000292426, 45.395753000241776 ], [ -122.654381999968322, 45.396112999819628 ], [ -122.653613999689213, 45.395205000133387 ], [ -122.654125000050385, 45.39492800015509 ], [ -122.654155000187629, 45.394912000251523 ], [ -122.654202999868161, 45.394954000304182 ], [ -122.654425000524355, 45.395148000262445 ], [ -122.654760000260083, 45.395481999384707 ], [ -122.655042000292426, 45.395753000241776 ] ] ] } },
{ "type": "Feature", "properties": { "census lot building footprint": 0.095220234820839703, "POP20": 16.0, "infrastructure cost adjusted for footprint ($)": 187235.17380251584 }, "geometry": { "type": "Polygon", "coordinates": [ [ [ -122.655440000675696, 45.397726999520124 ], [ -122.654260999594527, 45.39659200071867 ], [ -122.654043999859567, 45.396298000646794 ], [ -122.654381999968322, 45.396112999819628 ], [ -122.655440000675696, 45.397726999520124 ] ] ] } },
{ "type": "Feature", "properties": { "census lot building footprint": 0.075478140634754276, "POP20": 60.0, "infrastructure cost adjusted for footprint ($)": 4480379.3223830769 }, "geometry": { "type": "Polygon", "coordinates": [ [ [ -122.657302999675437, 45.394442999961157 ], [ -122.657002000274858, 45.394901999994076 ], [ -122.656747000006732, 45.395184000519635 ], [ -122.656649999922351, 45.395402000605721 ], [ -122.65664599972439, 45.395446999775125 ], [ -122.656716000044597, 45.395626999879227 ], [ -122.656790999489345, 45.395960000137336 ], [ -122.657071999696726, 45.396627000249801 ], [ -122.65688200062425, 45.397579000000235 ], [ -122.656141999934263, 45.397653999911917 ], [ -122.655440000675696, 45.397726999520124 ], [ -122.654381999968322, 45.396112999819628 ], [ -122.655042000292426, 45.395753000241776 ], [ -122.654760000260083, 45.395481999384707 ], [ -122.654425000524355, 45.395148000262445 ], [ -122.654202999868161, 45.394954000304182 ], [ -122.654155000187629, 45.394912000251523 ], [ -122.655225000590548, 45.39435099966412 ], [ -122.655252999281302, 45.394397000146768 ], [ -122.655319000301844, 45.394464000481108 ], [ -122.655900000084912, 45.394922999712598 ], [ -122.656194999637663, 45.39471099997288 ], [ -122.656341000125863, 45.394631999943833 ], [ -122.656469000172365, 45.39457400028337 ], [ -122.656741000158945, 45.394489999582042 ], [ -122.657008999947536, 45.39443599978614 ], [ -122.657343999683334, 45.394380000247061 ], [ -122.657302999675437, 45.394442999961157 ] ] ] } },
{ "type": "Feature", "properties": { "census lot building footprint": 0.32100739672424128, "POP20": 9.0, "infrastructure cost adjusted for footprint ($)": 231098.55751513373 }, "geometry": { "type": "Polygon", "coordinates": [ [ [ -122.654043999859567, 45.396298000646794 ], [ -122.653299000044981, 45.395376000031966 ], [ -122.653613999689213, 45.395205000133387 ], [ -122.654381999968322, 45.396112999819628 ], [ -122.654043999859567, 45.396298000646794 ] ] ] } },
{ "type": "Feature", "properties": { "census lot building footprint": 0.038296100255532553, "POP20": 32.0, "infrastructure cost adjusted for footprint ($)": 2611262.713010584 }, "geometry": { "type": "Polygon", "coordinates": [ [ [ -122.654125000050385, 45.39492800015509 ], [ -122.653613999689213, 45.395205000133387 ], [ -122.6532110001814, 45.394930000458139 ], [ -122.653187999716891, 45.394914000555083 ], [ -122.653040000477219, 45.394785000067628 ], [ -122.652801000102599, 45.394934000433182 ], [ -122.652603999560768, 45.395029000545868 ], [ -122.652323000251698, 45.395164000099257 ], [ -122.651653999706809, 45.395446999775132 ], [ -122.651002999603548, 45.395590999904279 ], [ -122.65067200006574, 45.395642999580353 ], [ -122.650497000163568, 45.3954810001892 ], [ -122.651934999914204, 45.39489899985341 ], [ -122.653286999451083, 45.39419300038152 ], [ -122.653761000002305, 45.394624999792207 ], [ -122.653905999767261, 45.394736000382302 ], [ -122.653952999622931, 45.394769000123503 ], [ -122.654155000187629, 45.394912000251523 ], [ -122.654125000050385, 45.39492800015509 ] ] ] } },
{ "type": "Feature", "properties": { "census lot building footprint": 0.20634291363519208, "POP20": 16.0, "infrastructure cost adjusted for footprint ($)": 101542.75584887745 }, "geometry": { "type": "Polygon", "coordinates": [ [ [ -122.653299000044981, 45.395376000031966 ], [ -122.653078000112018, 45.395252999581643 ], [ -122.652181999786379, 45.395375000203771 ], [ -122.651653999706809, 45.395446999775132 ], [ -122.652323000251698, 45.395164000099257 ], [ -122.652603999560768, 45.395029000545868 ], [ -122.652801000102599, 45.394934000433182 ], [ -122.653040000477219, 45.394785000067628 ], [ -122.653187999716891, 45.394914000555083 ], [ -122.6532110001814, 45.394930000458139 ], [ -122.653613999689213, 45.395205000133387 ], [ -122.653299000044981, 45.395376000031966 ] ] ] } },
{ "type": "Feature", "properties": { "census lot building footprint": 0.099433745827150047, "POP20": 79.0, "infrastructure cost adjusted for footprint ($)": 7669449.5681847939 }, "geometry": { "type": "Polygon", "coordinates": [ [ [ -122.651934999914204, 45.39489899985341 ], [ -122.650497000163568, 45.3954810001892 ], [ -122.649615000081639, 45.394714000123571 ], [ -122.648346999311997, 45.393609999537915 ], [ -122.648096999965077, 45.393365999871996 ], [ -122.649476999989361, 45.392625999954952 ], [ -122.650800000112227, 45.391898999640688 ], [ -122.651212000739221, 45.392273999938858 ], [ -122.653286999451083, 45.39419300038152 ], [ -122.651934999914204, 45.39489899985341 ] ] ] } },
{ "type": "Feature", "properties": { "census lot building footprint": 0.14450546892760588, "POP20": 73.0, "infrastructure cost adjusted for footprint ($)": 2121434.0812966055 }, "geometry": { "type": "Polygon", "coordinates": [ [ [ -122.649476999989361, 45.392625999954952 ], [ -122.648096999965077, 45.393365999871996 ], [ -122.64742999996831, 45.39271599952469 ], [ -122.646359999565377, 45.391722999850707 ], [ -122.647150000484118, 45.391317000266213 ], [ -122.647721999148004, 45.391002999877195 ], [ -122.649354999790646, 45.392507999853294 ], [ -122.649476999989361, 45.392625999954952 ] ] ] } },
{ "type": "Feature", "properties": { "census lot building footprint": 0.14796917061538742, "POP20": 30.0, "infrastructure cost adjusted for footprint ($)": 1416164.9538570228 }, "geometry": { "type": "Polygon", "coordinates": [ [ [ -122.648667999702383, 45.395824999962343 ], [ -122.64670899954487, 45.39617900019784 ], [ -122.646588000069357, 45.396184999712297 ], [ -122.646520000297272, 45.396182000270585 ], [ -122.646488000510217, 45.396180000011825 ], [ -122.646416999466794, 45.396163000648478 ], [ -122.646390000600945, 45.396133999718941 ], [ -122.646374000707397, 45.39609899988244 ], [ -122.646376999283817, 45.396060000129104 ], [ -122.646395999550393, 45.396019999901334 ], [ -122.646742999880033, 45.395477000252818 ], [ -122.646920000330354, 45.395222000415735 ], [ -122.646937000048808, 45.395142999839429 ], [ -122.64692100015526, 45.395007000401179 ], [ -122.64688299962215, 45.394933000597149 ], [ -122.646842000512564, 45.394891000528872 ], [ -122.646794999758583, 45.394875000614825 ], [ -122.646689999278294, 45.394876999658081 ], [ -122.646541000213674, 45.394895999712595 ], [ -122.646746999179683, 45.394244000234202 ], [ -122.646760000496826, 45.394183999846177 ], [ -122.646731000184474, 45.3941030000098 ], [ -122.646819999872932, 45.394109000375494 ], [ -122.646858000406084, 45.394132000089137 ], [ -122.646900000238887, 45.394172000391748 ], [ -122.648667999702383, 45.395824999962343 ] ] ] } },
{ "type": "Feature", "properties": { "census lot building footprint": 0.16132837694535915, "POP20": 68.0, "infrastructure cost adjusted for footprint ($)": 5273507.6256689969 }, "geometry": { "type": "Polygon", "coordinates": [ [ [ -122.650336999431687, 45.395559999662169 ], [ -122.649313999782748, 45.395722000088512 ], [ -122.648667999702383, 45.395824999962343 ], [ -122.646900000238887, 45.394172000391748 ], [ -122.646858000406084, 45.394132000089137 ], [ -122.646819999872932, 45.394109000375494 ], [ -122.646731000184474, 45.3941030000098 ], [ -122.646705000245205, 45.394071000361734 ], [ -122.646030999677393, 45.393450000351606 ], [ -122.64742999996831, 45.39271599952469 ], [ -122.648096999965077, 45.393365999871996 ], [ -122.648346999311997, 45.393609999537915 ], [ -122.649615000081639, 45.394714000123571 ], [ -122.650497000163568, 45.3954810001892 ], [ -122.650336999431687, 45.395559999662169 ] ] ] } },
{ "type": "Feature", "properties": { "census lot building footprint": 0.34197945797449703, "POP20": 19.0, "infrastructure cost adjusted for footprint ($)": 13154.391930078347 }, "geometry": { "type": "Polygon", "coordinates": [ [ [ -122.650349999850476, 45.395983000359266 ], [ -122.650178999247913, 45.396060000129104 ], [ -122.650019000312696, 45.396100000328595 ], [ -122.649733999907298, 45.396138000239603 ], [ -122.649242999637664, 45.396213999984838 ], [ -122.647552000167039, 45.396298000646809 ], [ -122.650116000397063, 45.395787000471692 ], [ -122.65067200006574, 45.395642999580353 ], [ -122.650349999850476, 45.395983000359266 ] ] ] } },
{ "type": "Feature", "properties": { "census lot building footprint": 0.099515055389591503, "POP20": 22.0, "infrastructure cost adjusted for footprint ($)": 1354826.1311873461 }, "geometry": { "type": "Polygon", "coordinates": [ [ [ -122.644161000106664, 45.397718000178344 ], [ -122.643590999295952, 45.39806099979932 ], [ -122.643654999768387, 45.398228000144769 ], [ -122.643499999957669, 45.398837999414532 ], [ -122.643413999743942, 45.398881000100026 ], [ -122.64322299994825, 45.398816999889327 ], [ -122.642901000631255, 45.398460000458982 ], [ -122.642612000027967, 45.397947000084613 ], [ -122.641552000569106, 45.396456999530301 ], [ -122.641490999571431, 45.39636399954734 ], [ -122.643758000598837, 45.397208999820087 ], [ -122.64386599965556, 45.397248999837032 ], [ -122.644161000106664, 45.397718000178344 ] ] ] } },
{ "type": "Feature", "properties": { "census lot building footprint": 0.089163330193604382, "POP20": 311.0, "infrastructure cost adjusted for footprint ($)": 27656791.82085127 }, "geometry": { "type": "Polygon", "coordinates": [ [ [ -122.65067200006574, 45.395642999580353 ], [ -122.650116000397063, 45.395787000471692 ], [ -122.647552000167039, 45.396298000646809 ], [ -122.646210999602488, 45.39636399954734 ], [ -122.646051999593823, 45.396517999836185 ], [ -122.645835999683783, 45.396671999705291 ], [ -122.645551000176738, 45.396826000416397 ], [ -122.645509000343921, 45.396843000211113 ], [ -122.645164000562417, 45.396980000076944 ], [ -122.64386599965556, 45.397248999837032 ], [ -122.643758000598837, 45.397208999820087 ], [ -122.641490999571431, 45.39636399954734 ], [ -122.641444999540667, 45.396294999949397 ], [ -122.641146000688252, 45.395842000058195 ], [ -122.640664999566013, 45.395085999905973 ], [ -122.639513999870559, 45.393267999890604 ], [ -122.639558000251483, 45.392877000030666 ], [ -122.639661000183651, 45.391980000112596 ], [ -122.639830000238049, 45.390496000057148 ], [ -122.641282000232366, 45.390217999789272 ], [ -122.641386999814344, 45.390185999834124 ], [ -122.641485999548593, 45.39013300026275 ], [ -122.642676999426968, 45.391217999984306 ], [ -122.643675999684774, 45.390937000393329 ], [ -122.645064999929915, 45.390548999918934 ], [ -122.645652000459052, 45.391101999904912 ], [ -122.646359999565377, 45.391722999850707 ], [ -122.64742999996831, 45.39271599952469 ], [ -122.646030999677393, 45.393450000351606 ], [ -122.646705000245205, 45.394071000361734 ], [ -122.646731000184474, 45.3941030000098 ], [ -122.646760000496826, 45.394183999846177 ], [ -122.646746999179683, 45.394244000234202 ], [ -122.646541000213674, 45.394895999712595 ], [ -122.646689999278294, 45.394876999658081 ], [ -122.646794999758583, 45.394875000614825 ], [ -122.646842000512564, 45.394891000528872 ], [ -122.64688299962215, 45.394933000597149 ], [ -122.64692100015526, 45.395007000401179 ], [ -122.646937000048808, 45.395142999839429 ], [ -122.646920000330354, 45.395222000415735 ], [ -122.646742999880033, 45.395477000252818 ], [ -122.646395999550393, 45.396019999901334 ], [ -122.646376999283817, 45.396060000129104 ], [ -122.646374000707397, 45.39609899988244 ], [ -122.646390000600945, 45.396133999718941 ], [ -122.646416999466794, 45.396163000648478 ], [ -122.646488000510217, 45.396180000011825 ], [ -122.646520000297272, 45.396182000270585 ], [ -122.646588000069357, 45.396184999712297 ], [ -122.64670899954487, 45.39617900019784 ], [ -122.648667999702383, 45.395824999962343 ], [ -122.649313999782748, 45.395722000088512 ], [ -122.650336999431687, 45.395559999662169 ], [ -122.650497000163568, 45.3954810001892 ], [ -122.65067200006574, 45.395642999580353 ] ] ] } },
{ "type": "Feature", "properties": { "census lot building footprint": 0.17413107729400726, "POP20": 14.0, "infrastructure cost adjusted for footprint ($)": 2264686.4015539545 }, "geometry": { "type": "Polygon", "coordinates": [ [ [ -122.645064999929915, 45.390548999918934 ], [ -122.643675999684774, 45.390937000393329 ], [ -122.642676999426968, 45.391217999984306 ], [ -122.641485999548593, 45.39013300026275 ], [ -122.64155000002097, 45.390080999932692 ], [ -122.64159800059987, 45.390021999463933 ], [ -122.64162700001387, 45.389962999564403 ], [ -122.641656999252788, 45.389862000213661 ], [ -122.641676000417661, 45.389831999909525 ], [ -122.641699999808793, 45.389795000101294 ], [ -122.641768000479189, 45.389732999549928 ], [ -122.641815999261439, 45.389704000367615 ], [ -122.641863000015405, 45.389682000042605 ], [ -122.643824999647691, 45.389354000317681 ], [ -122.644157999733608, 45.389674999908692 ], [ -122.645064999929915, 45.390548999918934 ] ] ] } },
{ "type": "Feature", "properties": { "census lot building footprint": 0.090920867404748681, "POP20": 100.0, "infrastructure cost adjusted for footprint ($)": 4929420.2233200977 }, "geometry": { "type": "Polygon", "coordinates": [ [ [ -122.643824999647691, 45.389354000317681 ], [ -122.641863000015405, 45.389682000042605 ], [ -122.641815999261439, 45.389704000367615 ], [ -122.641768000479189, 45.389732999549928 ], [ -122.641699999808793, 45.389795000101294 ], [ -122.641676000417661, 45.389831999909525 ], [ -122.641656999252788, 45.389862000213661 ], [ -122.64162700001387, 45.389962999564403 ], [ -122.64159800059987, 45.390021999463933 ], [ -122.64155000002097, 45.390080999932692 ], [ -122.641485999548593, 45.39013300026275 ], [ -122.641386999814344, 45.390185999834124 ], [ -122.641282000232366, 45.390217999789272 ], [ -122.639830000238049, 45.390496000057148 ], [ -122.639918999926508, 45.389896000202626 ], [ -122.639932000345297, 45.389809999634295 ], [ -122.63994199949272, 45.38970000002233 ], [ -122.639948000238817, 45.389534999572255 ], [ -122.639921999401238, 45.389425000056029 ], [ -122.639895000535375, 45.389181000617398 ], [ -122.639876000268771, 45.388982999967759 ], [ -122.639554999878428, 45.387234999829317 ], [ -122.641059999576214, 45.387214999750277 ], [ -122.641209999364023, 45.387201000132364 ], [ -122.641365999897957, 45.387153000154242 ], [ -122.642206000147098, 45.387816000267094 ], [ -122.642355999934921, 45.387933999439703 ], [ -122.642955000159674, 45.388513000364199 ], [ -122.643824999647691, 45.389354000317681 ] ] ] } },
{ "type": "Feature", "properties": { "census lot building footprint": 0.12468311477340155, "POP20": 36.0, "infrastructure cost adjusted for footprint ($)": 1999648.1523883156 }, "geometry": { "type": "Polygon", "coordinates": [ [ [ -122.644503000413422, 45.388602999543828 ], [ -122.644489999994633, 45.388743000296067 ], [ -122.644445999613708, 45.388880000241386 ], [ -122.644371999993851, 45.389009999638397 ], [ -122.644269999886617, 45.38912999998108 ], [ -122.644212999985157, 45.389182000555145 ], [ -122.644160000281758, 45.389221000638869 ], [ -122.644089999961579, 45.389260999370336 ], [ -122.644024999664225, 45.389290999977575 ], [ -122.643945000196595, 45.389318999436433 ], [ -122.643824999647691, 45.389354000317681 ], [ -122.642955000159674, 45.388513000364199 ], [ -122.642355999934921, 45.387933999439703 ], [ -122.642646000363158, 45.387824999923971 ], [ -122.642745999922269, 45.38779099995098 ], [ -122.642870999595743, 45.38775999984648 ], [ -122.643021000281863, 45.387735000136473 ], [ -122.643175000267661, 45.387722999943698 ], [ -122.643330000078365, 45.387723999907301 ], [ -122.643504999980536, 45.387741999879772 ], [ -122.643653999943481, 45.387772000031404 ], [ -122.64381600032516, 45.387820999445758 ], [ -122.643949000394556, 45.387876999805989 ], [ -122.643970000310958, 45.387888999966073 ], [ -122.644088000311726, 45.387953999264312 ], [ -122.644195999368449, 45.388031999837693 ], [ -122.644289999978085, 45.388118999913473 ], [ -122.644377000016732, 45.388226999538439 ], [ -122.644443000138963, 45.388343000471338 ], [ -122.644484000146861, 45.388460000485864 ], [ -122.64449700056565, 45.388525999707824 ], [ -122.644503000413422, 45.388602999543828 ] ] ] } },
{ "type": "Feature", "properties": { "census lot building footprint": 0.13110364294915522, "POP20": 49.0, "infrastructure cost adjusted for footprint ($)": 1795405.6150674212 }, "geometry": { "type": "Polygon", "coordinates": [ [ [ -122.649476999989361, 45.392625999954952 ], [ -122.649354999790646, 45.392507999853294 ], [ -122.647721999148004, 45.391002999877195 ], [ -122.648231999684299, 45.390740000127636 ], [ -122.64881100071581, 45.390524000180804 ], [ -122.649117000139228, 45.390768000130365 ], [ -122.650800000112227, 45.391898999640688 ], [ -122.649476999989361, 45.392625999954952 ] ] ] } },
{ "type": "Feature", "properties": { "census lot building footprint": 0.12193653105451054, "POP20": 22.0, "infrastructure cost adjusted for footprint ($)": 1341488.5283457779 }, "geometry": { "type": "Polygon", "coordinates": [ [ [ -122.648231999684299, 45.390740000127636 ], [ -122.647721999148004, 45.391002999877195 ], [ -122.647429000143376, 45.390724999579703 ], [ -122.646933999675753, 45.390279999808641 ], [ -122.6468459998122, 45.390207999962911 ], [ -122.646777000215224, 45.39011999939612 ], [ -122.646749999552711, 45.390060999598916 ], [ -122.646742000055141, 45.389982999301992 ], [ -122.646753999750686, 45.389901000459048 ], [ -122.646792000283853, 45.389828999499713 ], [ -122.646860000055881, 45.389782000418677 ], [ -122.646915000307487, 45.38975599978275 ], [ -122.646993999950183, 45.389736999892797 ], [ -122.647105000278273, 45.38972800054038 ], [ -122.647205999662305, 45.389740000307505 ], [ -122.647312999792433, 45.389779999933403 ], [ -122.64881100071581, 45.390524000180804 ], [ -122.648231999684299, 45.390740000127636 ] ] ] } },
{ "type": "Feature", "properties": { "census lot building footprint": 0.13417748265086493, "POP20": 76.0, "infrastructure cost adjusted for footprint ($)": 5256180.6244951924 }, "geometry": { "type": "Polygon", "coordinates": [ [ [ -122.649595999815077, 45.390271000542647 ], [ -122.64881100071581, 45.390524000180804 ], [ -122.647312999792433, 45.389779999933403 ], [ -122.647205999662305, 45.389740000307505 ], [ -122.647105000278273, 45.38972800054038 ], [ -122.646993999950183, 45.389736999892797 ], [ -122.646915000307487, 45.38975599978275 ], [ -122.646860000055881, 45.389782000418677 ], [ -122.646792000283853, 45.389828999499713 ], [ -122.646753999750686, 45.389901000459048 ], [ -122.646742000055141, 45.389982999301992 ], [ -122.646749999552711, 45.390060999598916 ], [ -122.646777000215224, 45.39011999939612 ], [ -122.6468459998122, 45.390207999962911 ], [ -122.646933999675753, 45.390279999808641 ], [ -122.647429000143376, 45.390724999579703 ], [ -122.647721999148004, 45.391002999877195 ], [ -122.647150000484118, 45.391317000266213 ], [ -122.646066999662423, 45.390322000149389 ], [ -122.645985000544982, 45.390254000663518 ], [ -122.645905000178999, 45.390160999935318 ], [ -122.645849000102544, 45.390059999676637 ], [ -122.645822000338384, 45.389974999912504 ], [ -122.645813000117514, 45.389887999539063 ], [ -122.645848000277624, 45.38909899998005 ], [ -122.645864000171144, 45.388978000261027 ], [ -122.645881999714518, 45.388913999559328 ], [ -122.645929999395051, 45.38885299987782 ], [ -122.645977999973951, 45.388812999595842 ], [ -122.646038000248424, 45.388804000096314 ], [ -122.648414000157487, 45.389752999999743 ], [ -122.648844000327784, 45.389936000349003 ], [ -122.649595999815077, 45.390271000542647 ] ] ] } },
{ "type": "Feature", "properties": { "census lot building footprint": 0.10133020269492916, "POP20": 677.0, "infrastructure cost adjusted for footprint ($)": 38237787.749216124 }, "geometry": { "type": "Polygon", "coordinates": [ [ [ -122.65645700047682, 45.382965000041054 ], [ -122.656450999730708, 45.383175999630652 ], [ -122.656450999730708, 45.383292999613893 ], [ -122.656452000453953, 45.383457999987669 ], [ -122.656452000453953, 45.383677999947189 ], [ -122.656442999334814, 45.383838999699144 ], [ -122.656087999507548, 45.383831000071076 ], [ -122.655874999970592, 45.383841999795955 ], [ -122.655722999634577, 45.383867999997605 ], [ -122.655593999763155, 45.3839290000112 ], [ -122.655493000379138, 45.384003999741175 ], [ -122.655436000477721, 45.384085000170664 ], [ -122.655402000142502, 45.384182000275196 ], [ -122.655384000599213, 45.384502999583987 ], [ -122.655361000134604, 45.384589000024839 ], [ -122.655325999974551, 45.384649999891387 ], [ -122.655222000217492, 45.384752000369311 ], [ -122.655105999866507, 45.384855999430044 ], [ -122.655014000703318, 45.384965000254347 ], [ -122.654992999888606, 45.385039999871744 ], [ -122.654994000611836, 45.385395000159683 ], [ -122.655016999279738, 45.385421999651378 ], [ -122.655060999660662, 45.385436000340768 ], [ -122.655534000387007, 45.385435000336699 ], [ -122.65568199962668, 45.385435000336699 ], [ -122.656459999951551, 45.385433000328568 ], [ -122.656453000278873, 45.386100999756728 ], [ -122.656456000651943, 45.386486000525004 ], [ -122.656449999905817, 45.386760000298885 ], [ -122.654746999841322, 45.386715999872109 ], [ -122.652516000595554, 45.38668599979087 ], [ -122.652736999630179, 45.387477000161823 ], [ -122.652201999877875, 45.387618000513989 ], [ -122.652698999995366, 45.38791300027858 ], [ -122.653017000012639, 45.388084000160134 ], [ -122.653095999655363, 45.388144000084552 ], [ -122.65311400009702, 45.388184000209037 ], [ -122.653115999746859, 45.38853299998398 ], [ -122.653104999876177, 45.388682999745775 ], [ -122.65311400009702, 45.38876700024602 ], [ -122.653139000211368, 45.388848000159534 ], [ -122.653180000219265, 45.388919999845044 ], [ -122.653420999345386, 45.389235000387373 ], [ -122.65373199969001, 45.389656999920902 ], [ -122.65386599958434, 45.389865999916502 ], [ -122.653866999409203, 45.389907999934088 ], [ -122.653696999529885, 45.390259999545258 ], [ -122.653467000274418, 45.39031399954618 ], [ -122.653313000288662, 45.390358999612644 ], [ -122.653174000371493, 45.390411999602975 ], [ -122.653015000362828, 45.390508000292066 ], [ -122.652712000414127, 45.390755000040706 ], [ -122.652654000687804, 45.390790000032716 ], [ -122.652579999271325, 45.390815000284121 ], [ -122.652499999803737, 45.390823999463471 ], [ -122.652420000336051, 45.390817000101833 ], [ -122.652344999993019, 45.390795000210097 ], [ -122.652274999672827, 45.390754000130748 ], [ -122.652226000167332, 45.390699000008411 ], [ -122.652185999984354, 45.390635999905776 ], [ -122.652067000158652, 45.390404000274181 ], [ -122.651945999784829, 45.390238999986622 ], [ -122.651821999936274, 45.390157000253353 ], [ -122.651165999810175, 45.389838000097768 ], [ -122.651054000555447, 45.389789999835493 ], [ -122.650991999732895, 45.389732999549935 ], [ -122.65093999985433, 45.389656999920874 ], [ -122.650909999717129, 45.389588000335195 ], [ -122.650851999990806, 45.389489000179132 ], [ -122.650828999526254, 45.389474000560938 ], [ -122.650763000302348, 45.38945599987828 ], [ -122.65072000064464, 45.389460999542734 ], [ -122.650686999236029, 45.389469000266736 ], [ -122.650655000347285, 45.389484999818684 ], [ -122.650607999593333, 45.389535999503785 ], [ -122.650503999836232, 45.389688000246785 ], [ -122.65044299973691, 45.38981300004513 ], [ -122.65039200058159, 45.389898000052902 ], [ -122.650318000063422, 45.389954000247975 ], [ -122.650263999636735, 45.389985999703654 ], [ -122.649595999815077, 45.390271000542647 ], [ -122.648844000327784, 45.389936000349003 ], [ -122.648414000157487, 45.389752999999743 ], [ -122.646038000248424, 45.388804000096314 ], [ -122.645977999973951, 45.388812999595842 ], [ -122.645929999395051, 45.38885299987782 ], [ -122.645881999714518, 45.388913999559328 ], [ -122.645864000171144, 45.388978000261027 ], [ -122.645848000277624, 45.38909899998005 ], [ -122.645813000117514, 45.389887999539063 ], [ -122.645822000338384, 45.389974999912504 ], [ -122.645849000102544, 45.390059999676637 ], [ -122.645905000178999, 45.390160999935318 ], [ -122.645985000544982, 45.390254000663518 ], [ -122.646066999662423, 45.390322000149389 ], [ -122.647150000484118, 45.391317000266213 ], [ -122.646359999565377, 45.391722999850707 ], [ -122.645652000459052, 45.391101999904912 ], [ -122.645064999929915, 45.390548999918934 ], [ -122.644157999733608, 45.389674999908692 ], [ -122.643824999647691, 45.389354000317681 ], [ -122.643945000196595, 45.389318999436433 ], [ -122.644024999664225, 45.389290999977575 ], [ -122.644089999961579, 45.389260999370336 ], [ -122.644160000281758, 45.389221000638869 ], [ -122.644212999985157, 45.389182000555145 ], [ -122.644269999886617, 45.38912999998108 ], [ -122.644371999993851, 45.389009999638397 ], [ -122.644445999613708, 45.388880000241386 ], [ -122.644489999994633, 45.388743000296067 ], [ -122.644503000413422, 45.388602999543828 ], [ -122.64449700056565, 45.388525999707824 ], [ -122.644484000146861, 45.388460000485864 ], [ -122.644443000138963, 45.388343000471338 ], [ -122.644377000016732, 45.388226999538439 ], [ -122.644289999978085, 45.388118999913473 ], [ -122.644195999368449, 45.388031999837693 ], [ -122.644088000311726, 45.387953999264312 ], [ -122.643970000310958, 45.387888999966073 ], [ -122.643949000394556, 45.387876999805989 ], [ -122.64381600032516, 45.387820999445758 ], [ -122.643653999943481, 45.387772000031404 ], [ -122.643504999980536, 45.387741999879772 ], [ -122.643330000078365, 45.387723999907301 ], [ -122.643175000267661, 45.387722999943698 ], [ -122.643021000281863, 45.387735000136473 ], [ -122.642870999595743, 45.38775999984648 ], [ -122.642745999922269, 45.38779099995098 ], [ -122.642646000363158, 45.387824999923971 ], [ -122.642355999934921, 45.387933999439703 ], [ -122.642206000147098, 45.387816000267094 ], [ -122.642325999797706, 45.387626999571481 ], [ -122.6426700006526, 45.387275999937707 ], [ -122.643081999482916, 45.386954999971451 ], [ -122.643456999401636, 45.38669500025852 ], [ -122.643506000703766, 45.386666000148537 ], [ -122.643571000102767, 45.386696000240335 ], [ -122.64364100042296, 45.386721000409828 ], [ -122.643747999654792, 45.386745999937382 ], [ -122.643858999982854, 45.386757000356901 ], [ -122.6444469994386, 45.386756000376216 ], [ -122.644512999560874, 45.386748999879934 ], [ -122.644575000383455, 45.386734000165553 ], [ -122.644633000109778, 45.386711999946293 ], [ -122.644689000186247, 45.386679999898888 ], [ -122.644731999843984, 45.386645000516381 ], [ -122.644765000354255, 45.386605000564622 ], [ -122.644787999920467, 45.386561000017146 ], [ -122.644799999616026, 45.386520000021115 ], [ -122.644851000567968, 45.385843000525973 ], [ -122.644857999342364, 45.385757000100106 ], [ -122.644869000111314, 45.385703000161982 ], [ -122.644863000263499, 45.38563599953612 ], [ -122.644828999928365, 45.385555999438175 ], [ -122.644767000004094, 45.385484999887296 ], [ -122.644448999986736, 45.385244999874601 ], [ -122.644392999910252, 45.38520899959552 ], [ -122.644299000198927, 45.385174999941782 ], [ -122.644084000113779, 45.385125999495664 ], [ -122.64397799980857, 45.385124000107474 ], [ -122.643778000690347, 45.38512699950514 ], [ -122.6436489999206, 45.385138000239742 ], [ -122.643531999744738, 45.385131999552563 ], [ -122.643451999378783, 45.38512000006903 ], [ -122.643374999385884, 45.385101000513487 ], [ -122.643300999766041, 45.385074999617075 ], [ -122.643232999993984, 45.385043000535759 ], [ -122.643130000061788, 45.384975999758595 ], [ -122.642797999800791, 45.384691999999141 ], [ -122.642529000187324, 45.38434599929279 ], [ -122.641777999626612, 45.384365999756007 ], [ -122.641764000281199, 45.383984999810586 ], [ -122.641760000083252, 45.383587999866478 ], [ -122.641739000166822, 45.383034000140029 ], [ -122.641712000402691, 45.382934999862002 ], [ -122.641703000181849, 45.382833999941475 ], [ -122.641745999839557, 45.382667000164261 ], [ -122.641781999824559, 45.382596999563098 ], [ -122.641823999657362, 45.382546999981962 ], [ -122.641970999970439, 45.382409000403932 ], [ -122.642172999636827, 45.382239999881101 ], [ -122.642202999774042, 45.38217000001319 ], [ -122.642222000040618, 45.382103999679721 ], [ -122.642219000565888, 45.382015999746201 ], [ -122.642183000580886, 45.381927999675732 ], [ -122.642124000131332, 45.381830999489587 ], [ -122.64206800005482, 45.381781999930681 ], [ -122.641811000136912, 45.381489999940385 ], [ -122.641748000387665, 45.381402999757597 ], [ -122.641695000684237, 45.381312999840965 ], [ -122.64164399973231, 45.38111399994439 ], [ -122.641635000409792, 45.38101400000776 ], [ -122.641683000090367, 45.380842000106895 ], [ -122.641739999991771, 45.380751999928229 ], [ -122.64180299974096, 45.38068499974424 ], [ -122.642206000147098, 45.380362000022373 ], [ -122.642248999804806, 45.380626999652733 ], [ -122.642264999698341, 45.380764999794593 ], [ -122.642288999987755, 45.380854000498452 ], [ -122.64234399934108, 45.38092400010283 ], [ -122.642415000384474, 45.380986000220958 ], [ -122.642497999326821, 45.381040000248085 ], [ -122.642605000355232, 45.381088000369061 ], [ -122.642765000188845, 45.381128999888041 ], [ -122.642868999945904, 45.381139000058624 ], [ -122.643116000716418, 45.38118100025094 ], [ -122.643325999880417, 45.381226999464275 ], [ -122.64342500051292, 45.381266999435638 ], [ -122.64350400015563, 45.381311999763938 ], [ -122.643560000232114, 45.381361000361146 ], [ -122.643663000164253, 45.381485999644852 ], [ -122.643730999936338, 45.381557999874019 ], [ -122.643821999274664, 45.381633000225627 ], [ -122.643910999861404, 45.381693000687598 ], [ -122.644012000143746, 45.381744999900796 ], [ -122.644128000494689, 45.381792999423247 ], [ -122.644266000586953, 45.381832999625196 ], [ -122.644629999736722, 45.381917000209384 ], [ -122.644735000217011, 45.38195700032351 ], [ -122.644835999601042, 45.382020000004282 ], [ -122.644897999525313, 45.382084999741501 ], [ -122.644928000560867, 45.382138000549439 ], [ -122.64495000030216, 45.382288000245246 ], [ -122.644949000477268, 45.382297999579833 ], [ -122.644941000081346, 45.382350000129421 ], [ -122.64487100065945, 45.382592999976772 ], [ -122.644673000292769, 45.382996000251374 ], [ -122.644661999523777, 45.383120999705845 ], [ -122.644679999965462, 45.383314999901877 ], [ -122.64478600027067, 45.383532999711527 ], [ -122.644892000575865, 45.383722999618364 ], [ -122.64513900044804, 45.384046000328887 ], [ -122.64520300002215, 45.384153999533595 ], [ -122.645295000083692, 45.38427800018875 ], [ -122.645369999528427, 45.38436500036395 ], [ -122.645430999627806, 45.384414000207869 ], [ -122.645531999910133, 45.384465999442142 ], [ -122.645620999598577, 45.384505999645626 ], [ -122.645709000360455, 45.384536000252787 ], [ -122.645791999302801, 45.384548999880082 ], [ -122.645885000087546, 45.384554999998215 ], [ -122.646102999647425, 45.384543999781158 ], [ -122.64622800021921, 45.384518000521332 ], [ -122.646416999466794, 45.384470000157762 ], [ -122.646644000145841, 45.384396999829072 ], [ -122.646757000123742, 45.384352000063458 ], [ -122.647046999653654, 45.384211999792505 ], [ -122.647289000401287, 45.384118999849008 ], [ -122.647375999541609, 45.384097999901627 ], [ -122.647468000501448, 45.384092999762771 ], [ -122.647566999337357, 45.384106000122863 ], [ -122.647650000076339, 45.384134999653405 ], [ -122.647784999795533, 45.384228999595976 ], [ -122.64781999995563, 45.384302000141695 ], [ -122.647835000024244, 45.384389999671583 ], [ -122.647794000016376, 45.384627000104587 ], [ -122.647778000122841, 45.384770000026322 ], [ -122.647782999247397, 45.384892999316655 ], [ -122.647796000564497, 45.384969999685119 ], [ -122.647819999955658, 45.38502300031206 ], [ -122.647871999834166, 45.385084000341259 ], [ -122.647955999499757, 45.385147999701211 ], [ -122.648033999317548, 45.385200000153056 ], [ -122.648222000536876, 45.385250999918874 ], [ -122.64843599989878, 45.38526600002676 ], [ -122.648533999808052, 45.385255999955262 ], [ -122.648641999763115, 45.385230999768737 ], [ -122.648696000189801, 45.385206999579317 ], [ -122.648864000419266, 45.385162000458465 ], [ -122.64904899946886, 45.385153999755758 ], [ -122.649130999484655, 45.385156999782808 ], [ -122.649207999477525, 45.385174999941789 ], [ -122.649275000323001, 45.385200000153063 ], [ -122.649292999866347, 45.385215000274528 ], [ -122.649320000528874, 45.385238000453015 ], [ -122.649370999684166, 45.385295000224147 ], [ -122.649418999364727, 45.385394000154896 ], [ -122.649437000704694, 45.38544399974176 ], [ -122.649523000020125, 45.385554000696075 ], [ -122.649589999967262, 45.385594999500071 ], [ -122.649672999807933, 45.3856200001565 ], [ -122.649766000592692, 45.385633999535095 ], [ -122.649865000326884, 45.385637999537124 ], [ -122.650039000404163, 45.385627000161655 ], [ -122.65017999997113, 45.385596999502525 ], [ -122.650315000588662, 45.385555999438161 ], [ -122.6504229996454, 45.38550399994471 ], [ -122.650481000270034, 45.385460999805758 ], [ -122.650544000019224, 45.385398000173971 ], [ -122.650601999745547, 45.385323999775693 ], [ -122.650647999776282, 45.385238000452979 ], [ -122.650680000461662, 45.385083000330987 ], [ -122.650708999875633, 45.382733999892316 ], [ -122.651847000050637, 45.382730999736665 ], [ -122.651892000256481, 45.384551999939234 ], [ -122.651909999799827, 45.384602999658682 ], [ -122.651939999937042, 45.38465099990934 ], [ -122.651986999792697, 45.384698999488251 ], [ -122.652040000394493, 45.384735999477634 ], [ -122.652101000493872, 45.384765999962823 ], [ -122.652168999367632, 45.384788000308532 ], [ -122.652241000235932, 45.38480199989305 ], [ -122.652323000251698, 45.384805999954025 ], [ -122.652390000198835, 45.384801999893064 ], [ -122.65244799992513, 45.384792000370425 ], [ -122.652509999849428, 45.384773000073707 ], [ -122.652560999903088, 45.384752000369289 ], [ -122.652623999652278, 45.384714000373592 ], [ -122.652817999821025, 45.384564999562805 ], [ -122.653047999974774, 45.38413799973457 ], [ -122.653095999655363, 45.384027000412416 ], [ -122.653131999640422, 45.383895000218601 ], [ -122.653143999335938, 45.383760000246518 ], [ -122.653131999640394, 45.383616000257454 ], [ -122.653104999876206, 45.382716000217989 ], [ -122.653142000584438, 45.382683000379622 ], [ -122.653168999450315, 45.382648000415244 ], [ -122.653204999435317, 45.382551000202476 ], [ -122.653229999549666, 45.382507000285258 ], [ -122.653263999884842, 45.382465999872686 ], [ -122.653300999694778, 45.382433000519342 ], [ -122.653369000365146, 45.382392000053088 ], [ -122.653440999436867, 45.382362999628427 ], [ -122.653525999825661, 45.382343999777277 ], [ -122.653622000085164, 45.382335000509677 ], [ -122.655511999747361, 45.382334000450818 ], [ -122.655849999856201, 45.382312000412021 ], [ -122.656079000185059, 45.382292999912728 ], [ -122.656470999822218, 45.382248999794719 ], [ -122.65645700047682, 45.382965000041054 ] ] ] } },
{ "type": "Feature", "properties": { "census lot building footprint": 0.25355870419977278, "POP20": 23.0, "infrastructure cost adjusted for footprint ($)": 1799396.6849930487 }, "geometry": { "type": "Polygon", "coordinates": [ [ [ -122.643456999401636, 45.38669500025852 ], [ -122.643081999482916, 45.386954999971451 ], [ -122.6426700006526, 45.387275999937707 ], [ -122.642325999797706, 45.387626999571481 ], [ -122.642206000147098, 45.387816000267094 ], [ -122.641365999897957, 45.387153000154242 ], [ -122.640058999668597, 45.385895999703507 ], [ -122.640734000061272, 45.385529000010457 ], [ -122.641524000081702, 45.385119000059333 ], [ -122.641581999808025, 45.385081000310308 ], [ -122.641634000584901, 45.385039999871751 ], [ -122.641679999717326, 45.384993999975215 ], [ -122.641727000471292, 45.384932999848886 ], [ -122.642459999692008, 45.385604000141463 ], [ -122.642527000537456, 45.3856510001728 ], [ -122.642683999997971, 45.385734999500599 ], [ -122.642772999686429, 45.385803000006668 ], [ -122.642840000531905, 45.385883000386002 ], [ -122.642891999512145, 45.385966999369074 ], [ -122.642997999817339, 45.386167999831414 ], [ -122.64309700044987, 45.386300999753871 ], [ -122.643399999500232, 45.386595000099049 ], [ -122.643453999926919, 45.386635000057858 ], [ -122.643506000703766, 45.386666000148537 ], [ -122.643456999401636, 45.38669500025852 ] ] ] } },
{ "type": "Feature", "properties": { "census lot building footprint": 0.18830491367764171, "POP20": 86.0, "infrastructure cost adjusted for footprint ($)": 1213204.1703334879 }, "geometry": { "type": "Polygon", "coordinates": [ [ [ -122.644869000111314, 45.385703000161982 ], [ -122.644857999342364, 45.385757000100106 ], [ -122.644851000567968, 45.385843000525973 ], [ -122.644799999616026, 45.386520000021115 ], [ -122.644787999920467, 45.386561000017146 ], [ -122.644765000354255, 45.386605000564622 ], [ -122.644731999843984, 45.386645000516381 ], [ -122.644689000186247, 45.386679999898888 ], [ -122.644633000109778, 45.386711999946293 ], [ -122.644575000383455, 45.386734000165553 ], [ -122.644512999560874, 45.386748999879934 ], [ -122.6444469994386, 45.386756000376216 ], [ -122.643858999982854, 45.386757000356901 ], [ -122.643747999654792, 45.386745999937382 ], [ -122.64364100042296, 45.386721000409828 ], [ -122.643571000102767, 45.386696000240335 ], [ -122.643506000703766, 45.386666000148537 ], [ -122.643453999926919, 45.386635000057858 ], [ -122.643399999500232, 45.386595000099049 ], [ -122.64309700044987, 45.386300999753871 ], [ -122.642997999817339, 45.386167999831414 ], [ -122.642891999512145, 45.385966999369074 ], [ -122.642840000531905, 45.385883000386002 ], [ -122.642772999686429, 45.385803000006668 ], [ -122.642683999997971, 45.385734999500599 ], [ -122.642527000537456, 45.3856510001728 ], [ -122.642459999692008, 45.385604000141463 ], [ -122.641727000471292, 45.384932999848886 ], [ -122.641778999451518, 45.384833999741751 ], [ -122.641801000091121, 45.384734000075639 ], [ -122.641801000091121, 45.384669000229394 ], [ -122.641786999847426, 45.384596000157657 ], [ -122.641777999626612, 45.384365999756007 ], [ -122.642529000187324, 45.38434599929279 ], [ -122.642797999800791, 45.384691999999141 ], [ -122.643130000061788, 45.384975999758595 ], [ -122.643232999993984, 45.385043000535759 ], [ -122.643300999766041, 45.385074999617075 ], [ -122.643374999385884, 45.385101000513487 ], [ -122.643451999378783, 45.38512000006903 ], [ -122.643531999744738, 45.385131999552563 ], [ -122.6436489999206, 45.385138000239742 ], [ -122.643778000690347, 45.38512699950514 ], [ -122.64397799980857, 45.385124000107474 ], [ -122.644084000113779, 45.385125999495664 ], [ -122.644299000198927, 45.385174999941782 ], [ -122.644392999910252, 45.38520899959552 ], [ -122.644448999986736, 45.385244999874601 ], [ -122.644767000004094, 45.385484999887296 ], [ -122.644828999928365, 45.385555999438175 ], [ -122.644863000263499, 45.38563599953612 ], [ -122.644869000111314, 45.385703000161982 ] ] ] } },
{ "type": "Feature", "properties": { "census lot building footprint": 0.13415795868936164, "POP20": 71.0, "infrastructure cost adjusted for footprint ($)": 3856337.301052053 }, "geometry": { "type": "Polygon", "coordinates": [ [ [ -122.646433000258639, 45.383007000138726 ], [ -122.646191000409303, 45.38312099970581 ], [ -122.646070000035479, 45.383173000129368 ], [ -122.645962999905393, 45.383213000616827 ], [ -122.645856999600156, 45.383234000261965 ], [ -122.645673999302062, 45.383247000188639 ], [ -122.64561400082421, 45.383240999931658 ], [ -122.645547999803654, 45.383224999874187 ], [ -122.645495000100198, 45.383206000312725 ], [ -122.645450999719273, 45.383181999894504 ], [ -122.645413999909351, 45.383152000461592 ], [ -122.645382999947245, 45.383117999570779 ], [ -122.645340000289508, 45.382996000251367 ], [ -122.645307999604142, 45.382811000046765 ], [ -122.645281000738294, 45.382747999354592 ], [ -122.645233000159394, 45.382694999749511 ], [ -122.645147000843991, 45.382653999473305 ], [ -122.645042000363702, 45.382623000337283 ], [ -122.644945000279293, 45.382601999834222 ], [ -122.64487100065945, 45.382592999976772 ], [ -122.644941000081346, 45.382350000129421 ], [ -122.644949000477268, 45.382297999579833 ], [ -122.64495000030216, 45.382288000245246 ], [ -122.644928000560867, 45.382138000549439 ], [ -122.644897999525313, 45.382084999741501 ], [ -122.644835999601042, 45.382020000004282 ], [ -122.644735000217011, 45.38195700032351 ], [ -122.644629999736722, 45.381917000209384 ], [ -122.644266000586953, 45.381832999625196 ], [ -122.644128000494689, 45.381792999423247 ], [ -122.644012000143746, 45.381744999900796 ], [ -122.643910999861404, 45.381693000687598 ], [ -122.643821999274664, 45.381633000225627 ], [ -122.643730999936338, 45.381557999874019 ], [ -122.643663000164253, 45.381485999644852 ], [ -122.643560000232114, 45.381361000361146 ], [ -122.64350400015563, 45.381311999763938 ], [ -122.64342500051292, 45.381266999435638 ], [ -122.643325999880417, 45.381226999464275 ], [ -122.643116000716418, 45.38118100025094 ], [ -122.642868999945904, 45.381139000058624 ], [ -122.642765000188845, 45.381128999888041 ], [ -122.642605000355232, 45.381088000369061 ], [ -122.642497999326821, 45.381040000248085 ], [ -122.642415000384474, 45.380986000220958 ], [ -122.64234399934108, 45.38092400010283 ], [ -122.642288999987755, 45.380854000498452 ], [ -122.642264999698341, 45.380764999794593 ], [ -122.642248999804806, 45.380626999652733 ], [ -122.642206000147098, 45.380362000022373 ], [ -122.64380299990637, 45.379470999647602 ], [ -122.644213999810106, 45.379802999714641 ], [ -122.644352999727275, 45.379932000324722 ], [ -122.644267000411872, 45.379979999493443 ], [ -122.644178999649995, 45.38001400037853 ], [ -122.644089000136631, 45.380034000481359 ], [ -122.643925999930033, 45.380056999612847 ], [ -122.643872000401657, 45.380076999700421 ], [ -122.643809999579105, 45.380106000035767 ], [ -122.643725999913471, 45.380251999692 ], [ -122.643709000195045, 45.380323000136215 ], [ -122.643726999738391, 45.380364000209944 ], [ -122.643783999639794, 45.380416000014492 ], [ -122.644469000078232, 45.380622999927098 ], [ -122.644583999705958, 45.380628999830932 ], [ -122.64474699991257, 45.380614000385535 ], [ -122.644855999692524, 45.380600000394814 ], [ -122.644892000575865, 45.380902000146428 ], [ -122.64488700055297, 45.380967000538043 ], [ -122.644912000667347, 45.38104100032988 ], [ -122.644960000347922, 45.381117000185782 ], [ -122.645007000203591, 45.381166999769619 ], [ -122.645071999602592, 45.381218000018904 ], [ -122.645448000244542, 45.381442999604403 ], [ -122.646218999998382, 45.381895000008356 ], [ -122.646168999769671, 45.382014999681623 ], [ -122.646131000134858, 45.382160000655908 ], [ -122.646116000066215, 45.382349000070768 ], [ -122.646177000165594, 45.382679000168473 ], [ -122.646241999564623, 45.382801000171909 ], [ -122.646317000805993, 45.382891999661744 ], [ -122.646433000258639, 45.383007000138726 ] ] ] } },
{ "type": "Feature", "properties": { "census lot building footprint": 0.064797294172994513, "POP20": 97.0, "infrastructure cost adjusted for footprint ($)": 7059515.9244498005 }, "geometry": { "type": "Polygon", "coordinates": [ [ [ -122.64819699952416, 45.376611000113883 ], [ -122.64818999985151, 45.376779999793904 ], [ -122.648189999851482, 45.377150999463232 ], [ -122.6465290005181, 45.377147000122704 ], [ -122.646371000334369, 45.377157999886009 ], [ -122.646268000402202, 45.377172999617216 ], [ -122.646100000172694, 45.377223000164712 ], [ -122.645932999768135, 45.37729500014354 ], [ -122.645799999698724, 45.377368999693203 ], [ -122.645485999879412, 45.377598999534179 ], [ -122.645090999869169, 45.377909000637992 ], [ -122.64495699997488, 45.378043000564567 ], [ -122.644901999723288, 45.378119000033344 ], [ -122.644742999714651, 45.378381999822786 ], [ -122.644558000665029, 45.378338000447016 ], [ -122.644445000687128, 45.378319000505257 ], [ -122.644347000777827, 45.378297000166178 ], [ -122.64432899943786, 45.378293000275676 ], [ -122.64423099952856, 45.378280999340568 ], [ -122.64415200078416, 45.378292000145279 ], [ -122.644103000380341, 45.378308999835937 ], [ -122.644047000303829, 45.378339000576609 ], [ -122.644004999572729, 45.378378999436194 ], [ -122.643979999458381, 45.378436000443891 ], [ -122.643959999366885, 45.378552000645605 ], [ -122.643965000288091, 45.378635999794525 ], [ -122.643988999679252, 45.37868600031036 ], [ -122.644051000501804, 45.378744000500014 ], [ -122.644238000099563, 45.378830999726524 ], [ -122.644550000269135, 45.378915999842363 ], [ -122.644469999903151, 45.379041000745595 ], [ -122.644385000412655, 45.379115000534298 ], [ -122.644258000191087, 45.37921000010391 ], [ -122.644146000038049, 45.379277999624847 ], [ -122.644055000699751, 45.379333000133215 ], [ -122.64380299990637, 45.379470999647602 ], [ -122.642206000147098, 45.380362000022373 ], [ -122.64180299974096, 45.38068499974424 ], [ -122.641739999991771, 45.380751999928229 ], [ -122.641683000090367, 45.380842000106895 ], [ -122.641635000409792, 45.38101400000776 ], [ -122.64164399973231, 45.38111399994439 ], [ -122.641695000684237, 45.381312999840965 ], [ -122.641748000387665, 45.381402999757597 ], [ -122.641811000136912, 45.381489999940385 ], [ -122.64206800005482, 45.381781999930681 ], [ -122.642124000131332, 45.381830999489587 ], [ -122.642183000580886, 45.381927999675732 ], [ -122.642219000565888, 45.382015999746201 ], [ -122.642222000040618, 45.382103999679721 ], [ -122.642202999774042, 45.38217000001319 ], [ -122.642172999636827, 45.382239999881101 ], [ -122.641970999970439, 45.382409000403932 ], [ -122.641823999657362, 45.382546999981962 ], [ -122.641781999824559, 45.382596999563098 ], [ -122.641745999839557, 45.382667000164261 ], [ -122.641703000181849, 45.382833999941475 ], [ -122.641594000401895, 45.382820000500452 ], [ -122.64143900059122, 45.382785000620885 ], [ -122.641350999829342, 45.382755999766871 ], [ -122.64069800007627, 45.382861000025315 ], [ -122.639469000563054, 45.382856000408012 ], [ -122.639255000302768, 45.382882999850487 ], [ -122.639117000210533, 45.382923999329655 ], [ -122.638847000772117, 45.383021999580187 ], [ -122.638584999932931, 45.383142000016115 ], [ -122.638311000296596, 45.382812000097246 ], [ -122.638186999549703, 45.382691999591792 ], [ -122.638064000424365, 45.382545999926805 ], [ -122.63819099974765, 45.382263000008095 ], [ -122.63863399943844, 45.38199599971356 ], [ -122.639678999726982, 45.381015999541312 ], [ -122.640311999388587, 45.380520000111026 ], [ -122.641181999774943, 45.380141999778523 ], [ -122.642280999591861, 45.379116000019117 ], [ -122.642395000293007, 45.379004999670805 ], [ -122.642829999587846, 45.378661999866374 ], [ -122.643761000073582, 45.378093999845753 ], [ -122.644493000367689, 45.377601999962167 ], [ -122.644627000261977, 45.377559999635267 ], [ -122.644896999700421, 45.377476000149898 ], [ -122.645324999322582, 45.377377000235619 ], [ -122.646552999909247, 45.376945000245023 ], [ -122.647948999827065, 45.376640000333829 ], [ -122.648194000049457, 45.376564000139226 ], [ -122.64819699952416, 45.376611000113883 ] ] ] } },
{ "type": "Feature", "properties": { "census lot building footprint": 0.067433434769108028, "POP20": 19.0, "infrastructure cost adjusted for footprint ($)": 547236.41018218047 }, "geometry": { "type": "Polygon", "coordinates": [ [ [ -122.644685999813191, 45.378543000143459 ], [ -122.644621999340799, 45.378782000091604 ], [ -122.644550000269135, 45.378915999842363 ], [ -122.644238000099563, 45.378830999726524 ], [ -122.644051000501804, 45.378744000500014 ], [ -122.643988999679252, 45.37868600031036 ], [ -122.643965000288091, 45.378635999794525 ], [ -122.643959999366885, 45.378552000645605 ], [ -122.643979999458381, 45.378436000443891 ], [ -122.644004999572729, 45.378378999436194 ], [ -122.644047000303829, 45.378339000576609 ], [ -122.644103000380341, 45.378308999835937 ], [ -122.64415200078416, 45.378292000145279 ], [ -122.64423099952856, 45.378280999340568 ], [ -122.64432899943786, 45.378293000275676 ], [ -122.644347000777827, 45.378297000166178 ], [ -122.644445000687128, 45.378319000505257 ], [ -122.644558000665029, 45.378338000447016 ], [ -122.644742999714651, 45.378381999822786 ], [ -122.644685999813191, 45.378543000143459 ] ] ] } },
{ "type": "Feature", "properties": { "census lot building footprint": 0.53090695783343278, "POP20": 18.0, "infrastructure cost adjusted for footprint ($)": 36400.584186769454 }, "geometry": { "type": "Polygon", "coordinates": [ [ [ -122.644855999692524, 45.380600000394814 ], [ -122.64474699991257, 45.380614000385535 ], [ -122.644583999705958, 45.380628999830932 ], [ -122.644469000078232, 45.380622999927098 ], [ -122.643783999639794, 45.380416000014492 ], [ -122.643726999738391, 45.380364000209944 ], [ -122.643709000195045, 45.380323000136215 ], [ -122.643725999913471, 45.380251999692 ], [ -122.643809999579105, 45.380106000035767 ], [ -122.643872000401657, 45.380076999700421 ], [ -122.643925999930033, 45.380056999612847 ], [ -122.644089000136631, 45.380034000481359 ], [ -122.644178999649995, 45.38001400037853 ], [ -122.644267000411872, 45.379979999493443 ], [ -122.644352999727275, 45.379932000324722 ], [ -122.64454799972097, 45.380112000625438 ], [ -122.644624999713855, 45.380191000127859 ], [ -122.644707999554512, 45.380289000698923 ], [ -122.644762999806119, 45.380372999791284 ], [ -122.644837999250896, 45.38054499985698 ], [ -122.644855999692524, 45.380600000394814 ] ] ] } },
{ "type": "Feature", "properties": { "census lot building footprint": 0.14188180900112757, "POP20": 85.0, "infrastructure cost adjusted for footprint ($)": 2031014.1294418436 }, "geometry": { "type": "Polygon", "coordinates": [ [ [ -122.646850000010147, 45.380517000468863 ], [ -122.646843999264064, 45.381026000362866 ], [ -122.646842000512564, 45.381166999769626 ], [ -122.646829000093717, 45.381275000057471 ], [ -122.646793999933664, 45.381360000284992 ], [ -122.646758999773553, 45.381432000043681 ], [ -122.646711999917898, 45.381487999792633 ], [ -122.646578000023595, 45.381604000042579 ], [ -122.646262999481024, 45.381851999648056 ], [ -122.646218999998382, 45.381895000008356 ], [ -122.645448000244542, 45.381442999604403 ], [ -122.645720000231108, 45.381224000490569 ], [ -122.645798999873833, 45.381108000722925 ], [ -122.645831999485807, 45.381040000248078 ], [ -122.645855999775236, 45.380970000156289 ], [ -122.645875000041841, 45.380873000219374 ], [ -122.645870999843865, 45.380277999651739 ], [ -122.645847000452733, 45.380213999826417 ], [ -122.645810999569377, 45.38015299959023 ], [ -122.645765000436981, 45.380094999583953 ], [ -122.645709000360455, 45.380042000015735 ], [ -122.645654000108877, 45.379999999608273 ], [ -122.645582999963736, 45.379957000330641 ], [ -122.645516000016599, 45.379924999614389 ], [ -122.645158999641225, 45.379798000457868 ], [ -122.645092999518994, 45.379780000479862 ], [ -122.645015999526095, 45.379765999651632 ], [ -122.644916999791903, 45.379754000291108 ], [ -122.644796999242971, 45.379758000078183 ], [ -122.644689000186247, 45.379780000479855 ], [ -122.644454999834522, 45.379876000296598 ], [ -122.644352999727275, 45.379932000324722 ], [ -122.644213999810106, 45.379802999714641 ], [ -122.64380299990637, 45.379470999647602 ], [ -122.644055000699751, 45.379333000133215 ], [ -122.644146000038049, 45.379277999624847 ], [ -122.64468400016338, 45.379359999996154 ], [ -122.645316999824956, 45.379524000382048 ], [ -122.646514999376095, 45.380019999716076 ], [ -122.646855000033042, 45.380070000270017 ], [ -122.646850000010147, 45.380517000468863 ] ] ] } },
{ "type": "Feature", "properties": { "census lot building footprint": 0.20000864479701916, "POP20": 30.0, "infrastructure cost adjusted for footprint ($)": 1402350.4725802029 }, "geometry": { "type": "Polygon", "coordinates": [ [ [ -122.645875000041841, 45.380873000219374 ], [ -122.645855999775236, 45.380970000156289 ], [ -122.645831999485807, 45.381040000248078 ], [ -122.645798999873833, 45.381108000722925 ], [ -122.645720000231108, 45.381224000490569 ], [ -122.645448000244542, 45.381442999604403 ], [ -122.645071999602592, 45.381218000018904 ], [ -122.645007000203591, 45.381166999769619 ], [ -122.644960000347922, 45.381117000185782 ], [ -122.644912000667347, 45.38104100032988 ], [ -122.64488700055297, 45.380967000538043 ], [ -122.644892000575865, 45.380902000146428 ], [ -122.644855999692524, 45.380600000394814 ], [ -122.644837999250896, 45.38054499985698 ], [ -122.644762999806119, 45.380372999791284 ], [ -122.644707999554512, 45.380289000698923 ], [ -122.644624999713855, 45.380191000127859 ], [ -122.64454799972097, 45.380112000625438 ], [ -122.644352999727275, 45.379932000324722 ], [ -122.644454999834522, 45.379876000296598 ], [ -122.644689000186247, 45.379780000479855 ], [ -122.644796999242971, 45.379758000078183 ], [ -122.644916999791903, 45.379754000291108 ], [ -122.645015999526095, 45.379765999651632 ], [ -122.645092999518994, 45.379780000479862 ], [ -122.645158999641225, 45.379798000457868 ], [ -122.645516000016599, 45.379924999614389 ], [ -122.645582999963736, 45.379957000330641 ], [ -122.645654000108877, 45.379999999608273 ], [ -122.645709000360455, 45.380042000015735 ], [ -122.645765000436981, 45.380094999583953 ], [ -122.645810999569377, 45.38015299959023 ], [ -122.645847000452733, 45.380213999826417 ], [ -122.645870999843865, 45.380277999651739 ], [ -122.645875000041841, 45.380873000219374 ] ] ] } },
{ "type": "Feature", "properties": { "census lot building footprint": 0.21232427419631211, "POP20": 47.0, "infrastructure cost adjusted for footprint ($)": 851538.7243094669 }, "geometry": { "type": "Polygon", "coordinates": [ [ [ -122.646855000033042, 45.380070000270017 ], [ -122.646514999376095, 45.380019999716076 ], [ -122.645316999824956, 45.379524000382048 ], [ -122.64468400016338, 45.379359999996154 ], [ -122.644146000038049, 45.379277999624847 ], [ -122.644258000191087, 45.37921000010391 ], [ -122.644385000412655, 45.379115000534298 ], [ -122.644469999903151, 45.379041000745595 ], [ -122.644550000269135, 45.378915999842363 ], [ -122.644621999340799, 45.378782000091604 ], [ -122.644685999813191, 45.378543000143459 ], [ -122.644742999714651, 45.378381999822786 ], [ -122.644901999723288, 45.378119000033344 ], [ -122.64495699997488, 45.378043000564567 ], [ -122.645090999869169, 45.377909000637992 ], [ -122.645485999879412, 45.377598999534179 ], [ -122.645996000415636, 45.377956999631031 ], [ -122.645590000534767, 45.37826599990327 ], [ -122.645521999864386, 45.378325000022599 ], [ -122.645464999962996, 45.37840699988304 ], [ -122.645403999863618, 45.378531000523381 ], [ -122.645391000343139, 45.378631999297014 ], [ -122.645415000632596, 45.37882400014184 ], [ -122.645468000336038, 45.378930999738159 ], [ -122.64554199995591, 45.379009999628622 ], [ -122.645676999675089, 45.379109999954693 ], [ -122.645927000818659, 45.379228000263453 ], [ -122.646216000523651, 45.379353999326611 ], [ -122.646359999565348, 45.379411999462057 ], [ -122.646453999276716, 45.379437999808069 ], [ -122.646563999779914, 45.379463000032409 ], [ -122.64686200060406, 45.379475999564178 ], [ -122.646855000033042, 45.380070000270017 ] ] ] } },
{ "type": "Feature", "properties": { "census lot building footprint": 0.1779904274935947, "POP20": 31.0, "infrastructure cost adjusted for footprint ($)": 1597674.3342291508 }, "geometry": { "type": "Polygon", "coordinates": [ [ [ -122.64686200060406, 45.379475999564178 ], [ -122.646563999779914, 45.379463000032409 ], [ -122.646453999276716, 45.379437999808069 ], [ -122.646359999565348, 45.379411999462057 ], [ -122.646216000523651, 45.379353999326611 ], [ -122.645927000818659, 45.379228000263453 ], [ -122.645676999675089, 45.379109999954693 ], [ -122.64554199995591, 45.379009999628622 ], [ -122.645468000336038, 45.378930999738159 ], [ -122.645415000632596, 45.37882400014184 ], [ -122.645391000343139, 45.378631999297014 ], [ -122.645403999863618, 45.378531000523381 ], [ -122.645464999962996, 45.37840699988304 ], [ -122.645521999864386, 45.378325000022599 ], [ -122.645590000534767, 45.37826599990327 ], [ -122.645996000415636, 45.377956999631031 ], [ -122.646593000092224, 45.378343999962375 ], [ -122.646660999864238, 45.378399999614885 ], [ -122.646740000405288, 45.378478999616235 ], [ -122.646803999979397, 45.378577999494091 ], [ -122.646824999895827, 45.378650000271556 ], [ -122.646834999941532, 45.378685000186969 ], [ -122.646824999895799, 45.378870000010807 ], [ -122.646824000070851, 45.378881000069946 ], [ -122.64686200060406, 45.379475999564178 ] ] ] } },
{ "type": "Feature", "properties": { "census lot building footprint": 0.1640928004545805, "POP20": 100.0, "infrastructure cost adjusted for footprint ($)": 4864919.8156168507 }, "geometry": { "type": "Polygon", "coordinates": [ [ [ -122.650835000272323, 45.377837999686463 ], [ -122.650816000005804, 45.377914999567857 ], [ -122.65076900015012, 45.378000999934244 ], [ -122.650705999502605, 45.378080999996229 ], [ -122.650631000057871, 45.378146999977965 ], [ -122.650210000108359, 45.377930999866038 ], [ -122.649934999748794, 45.377807000433883 ], [ -122.64969499954924, 45.377743999844753 ], [ -122.649451000050121, 45.377707000327398 ], [ -122.649295000414511, 45.377695999408857 ], [ -122.649120000512312, 45.377711000259346 ], [ -122.649000999788299, 45.377734000335735 ], [ -122.648873999566689, 45.377769000187115 ], [ -122.648788000251287, 45.377812999374591 ], [ -122.648669000425599, 45.377917999979068 ], [ -122.648622999496567, 45.377995999887212 ], [ -122.648600999755217, 45.378068999647098 ], [ -122.648594999907402, 45.378146999977965 ], [ -122.648596000630661, 45.378207999854311 ], [ -122.64860699960299, 45.378261000510626 ], [ -122.648691999991811, 45.378514999763965 ], [ -122.648742000220494, 45.378623000069645 ], [ -122.648800999771765, 45.378871999620173 ], [ -122.648799999946846, 45.378986999440286 ], [ -122.648758999938963, 45.37920199982085 ], [ -122.648700999314329, 45.379403000358771 ], [ -122.648616000722143, 45.379615000098511 ], [ -122.648349999685038, 45.37955700017131 ], [ -122.648173999957947, 45.379528999662966 ], [ -122.647909000542427, 45.379495999857355 ], [ -122.647729999543941, 45.379480000002005 ], [ -122.647517999831848, 45.379468000580779 ], [ -122.647032000483335, 45.379469000690342 ], [ -122.64686200060406, 45.379475999564178 ], [ -122.646824000070851, 45.378881000069946 ], [ -122.646824999895799, 45.378870000010807 ], [ -122.646834999941532, 45.378685000186969 ], [ -122.646824999895827, 45.378650000271556 ], [ -122.646803999979397, 45.378577999494091 ], [ -122.646740000405288, 45.378478999616235 ], [ -122.646660999864238, 45.378399999614885 ], [ -122.646593000092224, 45.378343999962375 ], [ -122.645996000415636, 45.377956999631031 ], [ -122.645485999879412, 45.377598999534179 ], [ -122.645799999698724, 45.377368999693203 ], [ -122.645932999768135, 45.37729500014354 ], [ -122.646100000172694, 45.377223000164712 ], [ -122.646268000402202, 45.377172999617216 ], [ -122.646371000334369, 45.377157999886009 ], [ -122.6465290005181, 45.377147000122704 ], [ -122.648189999851482, 45.377150999463232 ], [ -122.648700999314357, 45.377159000036471 ], [ -122.650190000016906, 45.377195999912388 ], [ -122.650389000208534, 45.377195999912431 ], [ -122.650838000645408, 45.377194999762587 ], [ -122.650835000272323, 45.377837999686463 ] ] ] } },
{ "type": "Feature", "properties": { "census lot building footprint": 0.16927043869600958, "POP20": 11.0, "infrastructure cost adjusted for footprint ($)": 251962.38720454628 }, "geometry": { "type": "Polygon", "coordinates": [ [ [ -122.648532999983161, 45.379886000057795 ], [ -122.648481000104624, 45.379943999647502 ], [ -122.648369999776548, 45.380054000577104 ], [ -122.648320000446148, 45.380122999812023 ], [ -122.647918999689821, 45.380138000018619 ], [ -122.64720900003536, 45.380122999811995 ], [ -122.646855000033042, 45.380070000270017 ], [ -122.64686200060406, 45.379475999564178 ], [ -122.647032000483335, 45.379469000690342 ], [ -122.647517999831848, 45.379468000580779 ], [ -122.647729999543941, 45.379480000002005 ], [ -122.647909000542427, 45.379495999857355 ], [ -122.648173999957947, 45.379528999662966 ], [ -122.648349999685038, 45.37955700017131 ], [ -122.648616000722143, 45.379615000098511 ], [ -122.648532999983161, 45.379886000057795 ] ] ] } },
{ "type": "Feature", "properties": { "census lot building footprint": 0.29367570305357038, "POP20": 31.0, "infrastructure cost adjusted for footprint ($)": 424282.93657699903 }, "geometry": { "type": "Polygon", "coordinates": [ [ [ -122.649687000051671, 45.379993000168341 ], [ -122.649507000126604, 45.380147000266852 ], [ -122.649354999790646, 45.38031899975811 ], [ -122.64928799984348, 45.380427999865525 ], [ -122.64923800051308, 45.380543999766381 ], [ -122.649197000505211, 45.3807649997946 ], [ -122.649195999781966, 45.38087599984263 ], [ -122.649211999675501, 45.381158000314727 ], [ -122.648184999828615, 45.381147000698583 ], [ -122.648194999874349, 45.380488999804975 ], [ -122.6482180003389, 45.38036500030374 ], [ -122.648287000834173, 45.380168000419864 ], [ -122.648320000446148, 45.380122999812023 ], [ -122.648720999405811, 45.380116999854401 ], [ -122.648772000357752, 45.380101999642271 ], [ -122.64890799990188, 45.380084999859726 ], [ -122.649506000301685, 45.380013000278588 ], [ -122.649745000676305, 45.379961999573318 ], [ -122.649687000051671, 45.379993000168341 ] ] ] } },
{ "type": "Feature", "properties": { "census lot building footprint": 0.15650616467616646, "POP20": 114.0, "infrastructure cost adjusted for footprint ($)": 3344827.1459445441 }, "geometry": { "type": "Polygon", "coordinates": [ [ [ -122.649223000444479, 45.381874999932869 ], [ -122.649194999957075, 45.382724000003854 ], [ -122.648996999590324, 45.382785999409919 ], [ -122.648568000143271, 45.382921000445975 ], [ -122.648354999707934, 45.382987999873045 ], [ -122.647468999428028, 45.383237999802915 ], [ -122.647366000394157, 45.383254999899307 ], [ -122.64725100076646, 45.383269000494501 ], [ -122.64709899953219, 45.383275999528927 ], [ -122.646972000208891, 45.383263000239879 ], [ -122.646863000428965, 45.383245000103003 ], [ -122.646736000207369, 45.383213000616799 ], [ -122.646651999643396, 45.383175999630637 ], [ -122.646517999749122, 45.383086000012646 ], [ -122.646433000258639, 45.383007000138726 ], [ -122.646317000805993, 45.382891999661744 ], [ -122.646241999564623, 45.382801000171909 ], [ -122.646177000165594, 45.382679000168473 ], [ -122.646116000066215, 45.382349000070768 ], [ -122.646131000134858, 45.382160000655908 ], [ -122.646168999769671, 45.382014999681623 ], [ -122.646218999998382, 45.381895000008356 ], [ -122.646262999481024, 45.381851999648056 ], [ -122.646578000023595, 45.381604000042579 ], [ -122.646711999917898, 45.381487999792633 ], [ -122.646758999773553, 45.381432000043681 ], [ -122.646793999933664, 45.381360000284992 ], [ -122.646829000093717, 45.381275000057471 ], [ -122.646842000512564, 45.381166999769626 ], [ -122.646843999264064, 45.381026000362866 ], [ -122.646850000010147, 45.380517000468863 ], [ -122.646855000033042, 45.380070000270017 ], [ -122.64720900003536, 45.380122999811995 ], [ -122.647918999689821, 45.380138000018619 ], [ -122.648320000446148, 45.380122999812023 ], [ -122.648287000834173, 45.380168000419864 ], [ -122.6482180003389, 45.38036500030374 ], [ -122.648194999874349, 45.380488999804975 ], [ -122.648184999828615, 45.381147000698583 ], [ -122.649211999675501, 45.381158000314727 ], [ -122.649223000444479, 45.381874999932869 ] ] ] } },
{ "type": "Feature", "properties": { "census lot building footprint": 0.12003462119793867, "POP20": 121.0, "infrastructure cost adjusted for footprint ($)": 7526213.755597489 }, "geometry": { "type": "Polygon", "coordinates": [ [ [ -122.650680000461662, 45.385083000330987 ], [ -122.650647999776282, 45.385238000452979 ], [ -122.650601999745547, 45.385323999775693 ], [ -122.650544000019224, 45.385398000173971 ], [ -122.650481000270034, 45.385460999805758 ], [ -122.6504229996454, 45.38550399994471 ], [ -122.650315000588662, 45.385555999438161 ], [ -122.65017999997113, 45.385596999502525 ], [ -122.650039000404163, 45.385627000161655 ], [ -122.649865000326884, 45.385637999537124 ], [ -122.649766000592692, 45.385633999535095 ], [ -122.649672999807933, 45.3856200001565 ], [ -122.649589999967262, 45.385594999500071 ], [ -122.649523000020125, 45.385554000696075 ], [ -122.649437000704694, 45.38544399974176 ], [ -122.649418999364727, 45.385394000154896 ], [ -122.649370999684166, 45.385295000224147 ], [ -122.649320000528874, 45.385238000453015 ], [ -122.649292999866347, 45.385215000274528 ], [ -122.649275000323001, 45.385200000153063 ], [ -122.649207999477525, 45.385174999941789 ], [ -122.649130999484655, 45.385156999782808 ], [ -122.64904899946886, 45.385153999755758 ], [ -122.648864000419266, 45.385162000458465 ], [ -122.648696000189801, 45.385206999579317 ], [ -122.648641999763115, 45.385230999768737 ], [ -122.648533999808052, 45.385255999955262 ], [ -122.64843599989878, 45.38526600002676 ], [ -122.648222000536876, 45.385250999918874 ], [ -122.648033999317548, 45.385200000153056 ], [ -122.647955999499757, 45.385147999701211 ], [ -122.647871999834166, 45.385084000341259 ], [ -122.647819999955658, 45.38502300031206 ], [ -122.647796000564497, 45.384969999685119 ], [ -122.647782999247397, 45.384892999316655 ], [ -122.647778000122841, 45.384770000026322 ], [ -122.647794000016376, 45.384627000104587 ], [ -122.647835000024244, 45.384389999671583 ], [ -122.64781999995563, 45.384302000141695 ], [ -122.647784999795533, 45.384228999595976 ], [ -122.647650000076339, 45.384134999653405 ], [ -122.647566999337357, 45.384106000122863 ], [ -122.647468000501448, 45.384092999762771 ], [ -122.647375999541609, 45.384097999901627 ], [ -122.647289000401287, 45.384118999849008 ], [ -122.647046999653654, 45.384211999792505 ], [ -122.646757000123742, 45.384352000063458 ], [ -122.646644000145841, 45.384396999829072 ], [ -122.646416999466794, 45.384470000157762 ], [ -122.64622800021921, 45.384518000521332 ], [ -122.646102999647425, 45.384543999781158 ], [ -122.645885000087546, 45.384554999998215 ], [ -122.645791999302801, 45.384548999880082 ], [ -122.645709000360455, 45.384536000252787 ], [ -122.645620999598577, 45.384505999645626 ], [ -122.645531999910133, 45.384465999442142 ], [ -122.645430999627806, 45.384414000207869 ], [ -122.645369999528427, 45.38436500036395 ], [ -122.645295000083692, 45.38427800018875 ], [ -122.64520300002215, 45.384153999533595 ], [ -122.64513900044804, 45.384046000328887 ], [ -122.644892000575865, 45.383722999618364 ], [ -122.64478600027067, 45.383532999711527 ], [ -122.644679999965462, 45.383314999901877 ], [ -122.644661999523777, 45.383120999705845 ], [ -122.644673000292769, 45.382996000251374 ], [ -122.64487100065945, 45.382592999976772 ], [ -122.644945000279293, 45.382601999834222 ], [ -122.645042000363702, 45.382623000337283 ], [ -122.645147000843991, 45.382653999473305 ], [ -122.645233000159394, 45.382694999749511 ], [ -122.645281000738294, 45.382747999354592 ], [ -122.645307999604142, 45.382811000046765 ], [ -122.645340000289508, 45.382996000251367 ], [ -122.645382999947245, 45.383117999570779 ], [ -122.645413999909351, 45.383152000461592 ], [ -122.645450999719273, 45.383181999894504 ], [ -122.645495000100198, 45.383206000312725 ], [ -122.645547999803654, 45.383224999874187 ], [ -122.64561400082421, 45.383240999931658 ], [ -122.645673999302062, 45.383247000188639 ], [ -122.645856999600156, 45.383234000261965 ], [ -122.645962999905393, 45.383213000616827 ], [ -122.646070000035479, 45.383173000129368 ], [ -122.646191000409303, 45.38312099970581 ], [ -122.646433000258639, 45.383007000138726 ], [ -122.646517999749122, 45.383086000012646 ], [ -122.646651999643396, 45.383175999630637 ], [ -122.646736000207369, 45.383213000616799 ], [ -122.646863000428965, 45.383245000103003 ], [ -122.646972000208891, 45.383263000239879 ], [ -122.64709899953219, 45.383275999528927 ], [ -122.64725100076646, 45.383269000494501 ], [ -122.647366000394157, 45.383254999899307 ], [ -122.647468999428028, 45.383237999802915 ], [ -122.648354999707934, 45.382987999873045 ], [ -122.648568000143271, 45.382921000445975 ], [ -122.648996999590324, 45.382785999409919 ], [ -122.649194999957075, 45.382724000003854 ], [ -122.650708999875633, 45.382733999892316 ], [ -122.650680000461662, 45.385083000330987 ] ] ] } },
{ "type": "Feature", "properties": { "census lot building footprint": 0.17209284605951647, "POP20": 222.0, "infrastructure cost adjusted for footprint ($)": 8500679.8075847607 }, "geometry": { "type": "Polygon", "coordinates": [ [ [ -122.656470999822218, 45.382248999794719 ], [ -122.656079000185059, 45.382292999912728 ], [ -122.655849999856201, 45.382312000412021 ], [ -122.655511999747361, 45.382334000450818 ], [ -122.653622000085164, 45.382335000509677 ], [ -122.653525999825661, 45.382343999777277 ], [ -122.653440999436867, 45.382362999628427 ], [ -122.653369000365146, 45.382392000053088 ], [ -122.653300999694778, 45.382433000519342 ], [ -122.653263999884842, 45.382465999872686 ], [ -122.653229999549666, 45.382507000285258 ], [ -122.653204999435317, 45.382551000202476 ], [ -122.653168999450315, 45.382648000415244 ], [ -122.653142000584438, 45.382683000379622 ], [ -122.653104999876206, 45.382716000217989 ], [ -122.65304799997476, 45.382744000409922 ], [ -122.652991999898276, 45.382765999649656 ], [ -122.65292600067437, 45.382781000416934 ], [ -122.652863000026869, 45.382785000620899 ], [ -122.652765999942474, 45.382776000161627 ], [ -122.652627999850225, 45.382731999788575 ], [ -122.652534999963791, 45.382718000322306 ], [ -122.652475000587657, 45.382718000322321 ], [ -122.652416999963023, 45.38272600010788 ], [ -122.651847000050637, 45.382730999736665 ], [ -122.650708999875633, 45.382733999892316 ], [ -122.649194999957075, 45.382724000003854 ], [ -122.649223000444479, 45.381874999932869 ], [ -122.649211999675501, 45.381158000314727 ], [ -122.649195999781966, 45.38087599984263 ], [ -122.649197000505211, 45.3807649997946 ], [ -122.64923800051308, 45.380543999766381 ], [ -122.64928799984348, 45.380427999865525 ], [ -122.649354999790646, 45.38031899975811 ], [ -122.649507000126604, 45.380147000266852 ], [ -122.649687000051671, 45.379993000168341 ], [ -122.649745000676305, 45.379961999573318 ], [ -122.649784000136009, 45.379940999974792 ], [ -122.649886000243285, 45.379897000550258 ], [ -122.650003999345742, 45.379852000357658 ], [ -122.650177000496441, 45.379806999498314 ], [ -122.650328999934075, 45.379781000583968 ], [ -122.650482000094939, 45.379770000068923 ], [ -122.650693999807075, 45.379755000395683 ], [ -122.650869999534152, 45.379762999338482 ], [ -122.650995999930842, 45.379776000063252 ], [ -122.651128000175319, 45.379800000665448 ], [ -122.651545999751747, 45.379887000160039 ], [ -122.65171600052939, 45.379899000754307 ], [ -122.652578999446433, 45.379901999798264 ], [ -122.652809000498493, 45.37989800065229 ], [ -122.652889999791057, 45.379888999733417 ], [ -122.652992999723196, 45.37987099978433 ], [ -122.653123000317862, 45.379838000178253 ], [ -122.653241999245239, 45.379792999938758 ], [ -122.653355000121479, 45.379770000068923 ], [ -122.653474999772072, 45.379753000186547 ], [ -122.653677000336742, 45.379746999558719 ], [ -122.653929000231813, 45.379772999750656 ], [ -122.654125999875305, 45.379784999738192 ], [ -122.654118999304302, 45.380043000115208 ], [ -122.654108000331959, 45.38011799995256 ], [ -122.654086999517247, 45.380170000614321 ], [ -122.654056000453437, 45.380219999773644 ], [ -122.654016000270431, 45.380267000495373 ], [ -122.65396600004172, 45.380308999442505 ], [ -122.653894000071716, 45.380353999902304 ], [ -122.653820000451859, 45.380386999838159 ], [ -122.652996000096252, 45.380678000389061 ], [ -122.652883999943271, 45.380734000253909 ], [ -122.652826000216947, 45.380784999631778 ], [ -122.652794999356473, 45.380832000514751 ], [ -122.652781000011103, 45.380893999471773 ], [ -122.652775999988236, 45.381058999906465 ], [ -122.652780000186183, 45.381170999456806 ], [ -122.652792999706676, 45.381231999856595 ], [ -122.652811000148347, 45.381266999435645 ], [ -122.652838999737426, 45.381288999881043 ], [ -122.652900999661711, 45.381322999347972 ], [ -122.652967000682253, 45.381343999695204 ], [ -122.653049999624628, 45.381361999806288 ], [ -122.653198000660922, 45.381370999859705 ], [ -122.653427000091511, 45.381366999555731 ], [ -122.653519000152997, 45.38134599984803 ], [ -122.65360500036671, 45.381321000456282 ], [ -122.654084999867436, 45.381158000314734 ], [ -122.654204999518015, 45.381132999577915 ], [ -122.654324000242056, 45.381115000024863 ], [ -122.655385000424076, 45.381005999979976 ], [ -122.655410999465076, 45.381102000238968 ], [ -122.655463000241909, 45.381173999695243 ], [ -122.655530000189046, 45.381230999778175 ], [ -122.655602999983969, 45.381276000135124 ], [ -122.655714000312059, 45.381316000071841 ], [ -122.656055999720522, 45.381398000011323 ], [ -122.656161000200825, 45.38143500026829 ], [ -122.656285000049351, 45.381492000088066 ], [ -122.656351999996517, 45.381570000113634 ], [ -122.656416000468951, 45.381688000336077 ], [ -122.656445999707898, 45.381756000031594 ], [ -122.656477999494896, 45.381864000456247 ], [ -122.656470999822218, 45.382248999794719 ] ] ] } },
{ "type": "Feature", "properties": { "census lot building footprint": 0.18427004714351494, "POP20": 63.0, "infrastructure cost adjusted for footprint ($)": 1216963.1767541603 }, "geometry": { "type": "Polygon", "coordinates": [ [ [ -122.653131999640422, 45.383895000218601 ], [ -122.653095999655363, 45.384027000412416 ], [ -122.653047999974774, 45.38413799973457 ], [ -122.652817999821025, 45.384564999562805 ], [ -122.652623999652278, 45.384714000373592 ], [ -122.652560999903088, 45.384752000369289 ], [ -122.652509999849428, 45.384773000073707 ], [ -122.65244799992513, 45.384792000370425 ], [ -122.652390000198835, 45.384801999893064 ], [ -122.652323000251698, 45.384805999954025 ], [ -122.652241000235932, 45.38480199989305 ], [ -122.652168999367632, 45.384788000308532 ], [ -122.652101000493872, 45.384765999962823 ], [ -122.652040000394493, 45.384735999477634 ], [ -122.651986999792697, 45.384698999488251 ], [ -122.651939999937042, 45.38465099990934 ], [ -122.651909999799827, 45.384602999658682 ], [ -122.651892000256481, 45.384551999939234 ], [ -122.651847000050637, 45.382730999736665 ], [ -122.652416999963023, 45.38272600010788 ], [ -122.652475000587657, 45.382718000322321 ], [ -122.652534999963791, 45.382718000322306 ], [ -122.652627999850225, 45.382731999788575 ], [ -122.652765999942474, 45.382776000161627 ], [ -122.652863000026869, 45.382785000620899 ], [ -122.65292600067437, 45.382781000416934 ], [ -122.652991999898276, 45.382765999649656 ], [ -122.65304799997476, 45.382744000409922 ], [ -122.653104999876206, 45.382716000217989 ], [ -122.653131999640394, 45.383616000257454 ], [ -122.653143999335938, 45.383760000246518 ], [ -122.653131999640422, 45.383895000218601 ] ] ] } },
{ "type": "Feature", "properties": { "census lot building footprint": 0.13416816398177694, "POP20": 48.0, "infrastructure cost adjusted for footprint ($)": 1487058.6816116902 }, "geometry": { "type": "Polygon", "coordinates": [ [ [ -122.658650000087761, 45.381742999762068 ], [ -122.658642999516772, 45.381835999828454 ], [ -122.658627999448129, 45.381882000401781 ], [ -122.658604999881916, 45.38192799967576 ], [ -122.658511000170606, 45.382032000145827 ], [ -122.658467999614572, 45.382073000242166 ], [ -122.658409999888249, 45.382116000434365 ], [ -122.658250000054679, 45.382198000475526 ], [ -122.65817899990958, 45.382219000497685 ], [ -122.658091999870933, 45.382227999783694 ], [ -122.657922999816535, 45.382224999601227 ], [ -122.657803000165913, 45.382226999722853 ], [ -122.656470999822218, 45.382248999794719 ], [ -122.656477999494896, 45.381864000456247 ], [ -122.656445999707898, 45.381756000031594 ], [ -122.656416000468951, 45.381688000336077 ], [ -122.656351999996517, 45.381570000113634 ], [ -122.656285000049351, 45.381492000088066 ], [ -122.656368999714971, 45.381450000126748 ], [ -122.656475000020166, 45.381355999980187 ], [ -122.656521000050901, 45.381269999668973 ], [ -122.656542999792222, 45.381134999738222 ], [ -122.656555000386092, 45.380720999749371 ], [ -122.657559999593374, 45.380715000486262 ], [ -122.657662000598933, 45.380722999924245 ], [ -122.657809999838648, 45.380740999602097 ], [ -122.658029000121743, 45.380791000149429 ], [ -122.65819100050345, 45.380837999765454 ], [ -122.658391999446593, 45.380853000413317 ], [ -122.65863500001916, 45.38084699990231 ], [ -122.658646999714719, 45.381558999946662 ], [ -122.658650000087761, 45.381742999762068 ] ] ] } },
{ "type": "Feature", "properties": { "census lot building footprint": 0.21802836580393808, "POP20": 57.0, "infrastructure cost adjusted for footprint ($)": 1344670.0475652472 }, "geometry": { "type": "Polygon", "coordinates": [ [ [ -122.655412000188292, 45.380835000140216 ], [ -122.655384000599184, 45.380932000142323 ], [ -122.655385000424076, 45.381005999979976 ], [ -122.654324000242056, 45.381115000024863 ], [ -122.654204999518015, 45.381132999577915 ], [ -122.654084999867436, 45.381158000314734 ], [ -122.65360500036671, 45.381321000456282 ], [ -122.653519000152997, 45.38134599984803 ], [ -122.653427000091511, 45.381366999555731 ], [ -122.653198000660922, 45.381370999859705 ], [ -122.653049999624628, 45.381361999806288 ], [ -122.652967000682253, 45.381343999695204 ], [ -122.652900999661711, 45.381322999347972 ], [ -122.652838999737426, 45.381288999881043 ], [ -122.652811000148347, 45.381266999435645 ], [ -122.652792999706676, 45.381231999856595 ], [ -122.652780000186183, 45.381170999456806 ], [ -122.652775999988236, 45.381058999906465 ], [ -122.652781000011103, 45.380893999471773 ], [ -122.652794999356473, 45.380832000514751 ], [ -122.652826000216947, 45.380784999631778 ], [ -122.652883999943271, 45.380734000253909 ], [ -122.652996000096252, 45.380678000389061 ], [ -122.653820000451859, 45.380386999838159 ], [ -122.653894000071716, 45.380353999902304 ], [ -122.65396600004172, 45.380308999442505 ], [ -122.654016000270431, 45.380267000495373 ], [ -122.654056000453437, 45.380219999773644 ], [ -122.654086999517247, 45.380170000614321 ], [ -122.654108000331959, 45.38011799995256 ], [ -122.654118999304302, 45.380043000115208 ], [ -122.654125999875305, 45.379784999738192 ], [ -122.654325999891853, 45.379785999842156 ], [ -122.654510999839786, 45.379761000391632 ], [ -122.654689000114999, 45.379719000406403 ], [ -122.654858000169412, 45.379660000479738 ], [ -122.65508700049827, 45.379918000165148 ], [ -122.65510199966856, 45.379938000301927 ], [ -122.655184000582651, 45.380045999782503 ], [ -122.6552649998752, 45.380179999692565 ], [ -122.655336999845204, 45.380340999941431 ], [ -122.655387999898849, 45.38051700046887 ], [ -122.655412000188292, 45.380690000184494 ], [ -122.655412000188292, 45.380835000140216 ] ] ] } },
{ "type": "Feature", "properties": { "census lot building footprint": 0.23921326096555243, "POP20": 53.0, "infrastructure cost adjusted for footprint ($)": 1047307.1903940254 }, "geometry": { "type": "Polygon", "coordinates": [ [ [ -122.657559999593374, 45.380715000486262 ], [ -122.656555000386092, 45.380720999749371 ], [ -122.656535000294639, 45.380482000425566 ], [ -122.656542999792222, 45.380267000495358 ], [ -122.656551000188159, 45.380186000274406 ], [ -122.656591000371122, 45.380097999879467 ], [ -122.656620999610041, 45.380013000278566 ], [ -122.656639000051698, 45.379916000592758 ], [ -122.656629999830884, 45.379816000430225 ], [ -122.656582000150294, 45.379724999775263 ], [ -122.656553000736295, 45.379678999970871 ], [ -122.656530000271744, 45.379641000351214 ], [ -122.656427000339576, 45.379508000534635 ], [ -122.656401999326945, 45.37944300035857 ], [ -122.656400999502026, 45.379261999707801 ], [ -122.656417000293885, 45.3791099999547 ], [ -122.656469000172393, 45.379036000159502 ], [ -122.656521999875793, 45.378981000624165 ], [ -122.656613000112458, 45.378932999976385 ], [ -122.656887999573712, 45.378852999857806 ], [ -122.657196000443633, 45.379205000163815 ], [ -122.657447000513812, 45.379481000111397 ], [ -122.65750000021724, 45.379573000004861 ], [ -122.657525000331574, 45.379657000160975 ], [ -122.657555999395399, 45.380035999418595 ], [ -122.657559999593374, 45.380715000486262 ] ] ] } },
{ "type": "Feature", "properties": { "census lot building footprint": 0.19267326343204547, "POP20": 274.0, "infrastructure cost adjusted for footprint ($)": 6620359.339944616 }, "geometry": { "type": "Polygon", "coordinates": [ [ [ -122.658668999456026, 45.379992000067986 ], [ -122.658645000064894, 45.380088000155723 ], [ -122.658646999714691, 45.380285000318366 ], [ -122.65863500001916, 45.38084699990231 ], [ -122.658391999446593, 45.380853000413317 ], [ -122.65819100050345, 45.380837999765454 ], [ -122.658029000121743, 45.380791000149429 ], [ -122.657809999838648, 45.380740999602097 ], [ -122.657662000598933, 45.380722999924245 ], [ -122.657559999593374, 45.380715000486262 ], [ -122.657555999395399, 45.380035999418595 ], [ -122.657525000331574, 45.379657000160975 ], [ -122.65750000021724, 45.379573000004861 ], [ -122.657447000513812, 45.379481000111397 ], [ -122.657196000443633, 45.379205000163815 ], [ -122.656887999573712, 45.378852999857806 ], [ -122.656613000112458, 45.378932999976385 ], [ -122.656521999875793, 45.378981000624165 ], [ -122.656469000172393, 45.379036000159502 ], [ -122.656417000293885, 45.3791099999547 ], [ -122.656400999502026, 45.379261999707801 ], [ -122.656401999326945, 45.37944300035857 ], [ -122.656427000339576, 45.379508000534635 ], [ -122.656530000271744, 45.379641000351214 ], [ -122.656553000736295, 45.379678999970871 ], [ -122.656582000150294, 45.379724999775263 ], [ -122.656629999830884, 45.379816000430225 ], [ -122.656639000051698, 45.379916000592758 ], [ -122.656620999610041, 45.380013000278566 ], [ -122.656591000371122, 45.380097999879467 ], [ -122.656551000188159, 45.380186000274406 ], [ -122.656542999792222, 45.380267000495358 ], [ -122.656535000294639, 45.380482000425566 ], [ -122.656555000386092, 45.380720999749371 ], [ -122.656542999792222, 45.381134999738222 ], [ -122.656521000050901, 45.381269999668973 ], [ -122.656475000020166, 45.381355999980187 ], [ -122.656368999714971, 45.381450000126748 ], [ -122.656285000049351, 45.381492000088066 ], [ -122.656161000200825, 45.38143500026829 ], [ -122.656055999720522, 45.381398000011323 ], [ -122.655714000312059, 45.381316000071841 ], [ -122.655602999983969, 45.381276000135124 ], [ -122.655530000189046, 45.381230999778175 ], [ -122.655463000241909, 45.381173999695243 ], [ -122.655410999465076, 45.381102000238968 ], [ -122.655385000424076, 45.381005999979976 ], [ -122.655384000599184, 45.380932000142323 ], [ -122.655412000188292, 45.380835000140216 ], [ -122.655412000188292, 45.380690000184494 ], [ -122.655387999898849, 45.38051700046887 ], [ -122.655336999845204, 45.380340999941431 ], [ -122.6552649998752, 45.380179999692565 ], [ -122.655184000582651, 45.380045999782503 ], [ -122.65510199966856, 45.379938000301927 ], [ -122.65508700049827, 45.379918000165148 ], [ -122.654858000169412, 45.379660000479738 ], [ -122.654788999674111, 45.379529999771506 ], [ -122.654735999970669, 45.379383000032796 ], [ -122.654705000008533, 45.379234000315321 ], [ -122.654697000510907, 45.379096000222546 ], [ -122.65469400013788, 45.379040000628414 ], [ -122.655162999767938, 45.379019000056473 ], [ -122.655375000378342, 45.379003999552978 ], [ -122.65546599971664, 45.37896000003029 ], [ -122.655502999526561, 45.37891599984232 ], [ -122.655510000097593, 45.378882000189911 ], [ -122.655516999770256, 45.378200000060488 ], [ -122.655210000521905, 45.378188999868833 ], [ -122.655156000095246, 45.378192999766675 ], [ -122.655085999775039, 45.378214000014445 ], [ -122.655054000886295, 45.378239000148987 ], [ -122.655031000421786, 45.378294999905442 ], [ -122.655020999477713, 45.378376000311448 ], [ -122.65499500043677, 45.378406999883055 ], [ -122.654956999903604, 45.378426999923313 ], [ -122.654797999894981, 45.37848099987044 ], [ -122.654683999193821, 45.378503000137954 ], [ -122.654571999939151, 45.378509000266753 ], [ -122.654494999946223, 45.378520999891549 ], [ -122.654186999974684, 45.377981000374298 ], [ -122.654165000233391, 45.377920999759041 ], [ -122.654150000164748, 45.377669000013405 ], [ -122.654156000012549, 45.377235000062385 ], [ -122.654122999502249, 45.37710100011406 ], [ -122.654076000544904, 45.37701899962169 ], [ -122.654770000305859, 45.376734000117715 ], [ -122.655795000502906, 45.376322999950936 ], [ -122.656200000558883, 45.376754000118666 ], [ -122.656757999877385, 45.377575000521773 ], [ -122.656939000525668, 45.377890999427557 ], [ -122.65713699999408, 45.378212999882621 ], [ -122.657322999766933, 45.378497999504241 ], [ -122.657542000050029, 45.378806000484694 ], [ -122.6578149998615, 45.37909800045496 ], [ -122.658071999779466, 45.379385000254992 ], [ -122.658373000078328, 45.379633000129104 ], [ -122.658741999250978, 45.37990699967677 ], [ -122.658668999456026, 45.379992000067986 ] ] ] } },
{ "type": "Feature", "properties": { "census lot building footprint": 0.52685334582607002, "POP20": 25.0, "infrastructure cost adjusted for footprint ($)": 186077.83176028461 }, "geometry": { "type": "Polygon", "coordinates": [ [ [ -122.655510000097593, 45.378882000189911 ], [ -122.655502999526561, 45.37891599984232 ], [ -122.65546599971664, 45.37896000003029 ], [ -122.655375000378342, 45.379003999552978 ], [ -122.655162999767938, 45.379019000056473 ], [ -122.65469400013788, 45.379040000628414 ], [ -122.654684999917052, 45.378962000267471 ], [ -122.654663000175745, 45.378871999620152 ], [ -122.654625999467527, 45.378765000543169 ], [ -122.654569999391043, 45.378648000023325 ], [ -122.654494999946223, 45.378520999891549 ], [ -122.654571999939151, 45.378509000266753 ], [ -122.654683999193821, 45.378503000137954 ], [ -122.654797999894981, 45.37848099987044 ], [ -122.654956999903604, 45.378426999923313 ], [ -122.65499500043677, 45.378406999883055 ], [ -122.655020999477713, 45.378376000311448 ], [ -122.655031000421786, 45.378294999905442 ], [ -122.655054000886295, 45.378239000148987 ], [ -122.655085999775039, 45.378214000014445 ], [ -122.655156000095246, 45.378192999766675 ], [ -122.655210000521905, 45.378188999868833 ], [ -122.655516999770256, 45.378200000060488 ], [ -122.655510000097593, 45.378882000189911 ] ] ] } },
{ "type": "Feature", "properties": { "census lot building footprint": 0.14942505566777159, "POP20": 143.0, "infrastructure cost adjusted for footprint ($)": 7272469.1163058076 }, "geometry": { "type": "Polygon", "coordinates": [ [ [ -122.654858000169412, 45.379660000479738 ], [ -122.654689000114999, 45.379719000406403 ], [ -122.654510999839786, 45.379761000391632 ], [ -122.654325999891853, 45.379785999842156 ], [ -122.654125999875305, 45.379784999738192 ], [ -122.653929000231813, 45.379772999750656 ], [ -122.653677000336742, 45.379746999558719 ], [ -122.653474999772072, 45.379753000186547 ], [ -122.653355000121479, 45.379770000068923 ], [ -122.653241999245239, 45.379792999938758 ], [ -122.653123000317862, 45.379838000178253 ], [ -122.652992999723196, 45.37987099978433 ], [ -122.652889999791057, 45.379888999733417 ], [ -122.652809000498493, 45.37989800065229 ], [ -122.652578999446433, 45.379901999798264 ], [ -122.65171600052939, 45.379899000754307 ], [ -122.651545999751747, 45.379887000160039 ], [ -122.651128000175319, 45.379800000665448 ], [ -122.650995999930842, 45.379776000063252 ], [ -122.650869999534152, 45.379762999338482 ], [ -122.650693999807075, 45.379755000395683 ], [ -122.650482000094939, 45.379770000068923 ], [ -122.650328999934075, 45.379781000583968 ], [ -122.650177000496441, 45.379806999498314 ], [ -122.650003999345742, 45.379852000357658 ], [ -122.649934999748766, 45.379761000391625 ], [ -122.649825000143906, 45.379579000020179 ], [ -122.649783000311146, 45.379487000136429 ], [ -122.649769000067408, 45.379421999936326 ], [ -122.649763000219622, 45.379236999394578 ], [ -122.6497759997401, 45.379156000222004 ], [ -122.649836999839465, 45.37890599990962 ], [ -122.649910999459308, 45.378696999774355 ], [ -122.649973000281904, 45.378599999723839 ], [ -122.65007799986391, 45.378485999874606 ], [ -122.650184999994039, 45.378415000278544 ], [ -122.650517000255064, 45.378239000148994 ], [ -122.650631000057871, 45.378146999977965 ], [ -122.650705999502605, 45.378080999996229 ], [ -122.65076900015012, 45.378000999934244 ], [ -122.650816000005804, 45.377914999567857 ], [ -122.650835000272323, 45.377837999686463 ], [ -122.650838000645408, 45.377194999762587 ], [ -122.652248999733544, 45.377203000329636 ], [ -122.652739000178329, 45.377203000329636 ], [ -122.653133000363596, 45.377203000329622 ], [ -122.653399999429013, 45.377182000337399 ], [ -122.653860000634836, 45.377085000211977 ], [ -122.654076000544904, 45.37701899962169 ], [ -122.654122999502249, 45.37710100011406 ], [ -122.654156000012549, 45.377235000062385 ], [ -122.654150000164748, 45.377669000013405 ], [ -122.654165000233391, 45.377920999759041 ], [ -122.654186999974684, 45.377981000374298 ], [ -122.654494999946223, 45.378520999891549 ], [ -122.654569999391043, 45.378648000023325 ], [ -122.654625999467527, 45.378765000543169 ], [ -122.654663000175745, 45.378871999620152 ], [ -122.654684999917052, 45.378962000267471 ], [ -122.65469400013788, 45.379040000628414 ], [ -122.654697000510907, 45.379096000222546 ], [ -122.654705000008533, 45.379234000315321 ], [ -122.654735999970669, 45.379383000032796 ], [ -122.654788999674111, 45.379529999771506 ], [ -122.654858000169412, 45.379660000479738 ] ] ] } },
{ "type": "Feature", "properties": { "census lot building footprint": 0.14728532813511261, "POP20": 70.0, "infrastructure cost adjusted for footprint ($)": 2312321.8330172035 }, "geometry": { "type": "Polygon", "coordinates": [ [ [ -122.650517000255064, 45.378239000148994 ], [ -122.650184999994039, 45.378415000278544 ], [ -122.65007799986391, 45.378485999874606 ], [ -122.649973000281904, 45.378599999723839 ], [ -122.649910999459308, 45.378696999774355 ], [ -122.649836999839465, 45.37890599990962 ], [ -122.6497759997401, 45.379156000222004 ], [ -122.649763000219622, 45.379236999394578 ], [ -122.649769000067408, 45.379421999936326 ], [ -122.649783000311146, 45.379487000136429 ], [ -122.649825000143906, 45.379579000020179 ], [ -122.649934999748766, 45.379761000391625 ], [ -122.650003999345742, 45.379852000357658 ], [ -122.649886000243285, 45.379897000550258 ], [ -122.649784000136009, 45.379940999974792 ], [ -122.649745000676305, 45.379961999573318 ], [ -122.649506000301685, 45.380013000278588 ], [ -122.64890799990188, 45.380084999859726 ], [ -122.648772000357752, 45.380101999642271 ], [ -122.648720999405811, 45.380116999854401 ], [ -122.648320000446148, 45.380122999812023 ], [ -122.648369999776548, 45.380054000577104 ], [ -122.648481000104624, 45.379943999647502 ], [ -122.648532999983161, 45.379886000057795 ], [ -122.648616000722143, 45.379615000098511 ], [ -122.648700999314329, 45.379403000358771 ], [ -122.648758999938963, 45.37920199982085 ], [ -122.648799999946846, 45.378986999440286 ], [ -122.648800999771765, 45.378871999620173 ], [ -122.648742000220494, 45.378623000069645 ], [ -122.648691999991811, 45.378514999763965 ], [ -122.64860699960299, 45.378261000510626 ], [ -122.648596000630661, 45.378207999854311 ], [ -122.648594999907402, 45.378146999977965 ], [ -122.648600999755217, 45.378068999647098 ], [ -122.648622999496567, 45.377995999887212 ], [ -122.648669000425599, 45.377917999979068 ], [ -122.648788000251287, 45.377812999374591 ], [ -122.648873999566689, 45.377769000187115 ], [ -122.649000999788299, 45.377734000335735 ], [ -122.649120000512312, 45.377711000259346 ], [ -122.649295000414511, 45.377695999408857 ], [ -122.649451000050121, 45.377707000327398 ], [ -122.64969499954924, 45.377743999844753 ], [ -122.649934999748794, 45.377807000433883 ], [ -122.650210000108359, 45.377930999866038 ], [ -122.650631000057871, 45.378146999977965 ], [ -122.650517000255064, 45.378239000148994 ] ] ] } },
{ "type": "Feature", "properties": { "census lot building footprint": 0.14781220587297361, "POP20": 132.0, "infrastructure cost adjusted for footprint ($)": 4718346.4229509737 }, "geometry": { "type": "Polygon", "coordinates": [ [ [ -122.652154000197299, 45.373483999698344 ], [ -122.652070999458289, 45.3735560000205 ], [ -122.652000000211473, 45.37363500047887 ], [ -122.651940999761962, 45.373717999779203 ], [ -122.651894000804617, 45.373804999796903 ], [ -122.651859999571116, 45.373893999466269 ], [ -122.65183999947962, 45.373986000246433 ], [ -122.651834000530144, 45.374068999662633 ], [ -122.65044199991199, 45.373944999965268 ], [ -122.6504560001557, 45.374608000373399 ], [ -122.650474999523937, 45.375400999722707 ], [ -122.649640000196001, 45.375382000056121 ], [ -122.649648000591924, 45.375783000266878 ], [ -122.649610000058772, 45.375776000304896 ], [ -122.649418000438146, 45.375750999712423 ], [ -122.649154999774098, 45.375736000235065 ], [ -122.648958999955511, 45.375740000306422 ], [ -122.648228000384634, 45.375931000071574 ], [ -122.648053000482491, 45.375987999760902 ], [ -122.64798199943904, 45.375852999839047 ], [ -122.64790199997141, 45.37571800022598 ], [ -122.647509999435897, 45.375174000332734 ], [ -122.648101999987944, 45.37495599984404 ], [ -122.648805999794661, 45.3746810000899 ], [ -122.64891000045003, 45.374632000645015 ], [ -122.648995999765432, 45.374579999938454 ], [ -122.6490989996976, 45.374498999774204 ], [ -122.649178000238635, 45.374415000159054 ], [ -122.649240000162891, 45.374324999846998 ], [ -122.64928799984348, 45.374217000166887 ], [ -122.649303999737, 45.374155000198918 ], [ -122.649312000132923, 45.374080000024705 ], [ -122.649307999934948, 45.373546999985301 ], [ -122.649307999934948, 45.373172999357166 ], [ -122.649291000216536, 45.373095999960256 ], [ -122.649263999554009, 45.373026000130643 ], [ -122.649084000527282, 45.372821999592183 ], [ -122.649044000344333, 45.372767999920427 ], [ -122.649015999856914, 45.372716000024141 ], [ -122.648979000046978, 45.37257400013668 ], [ -122.648974999849059, 45.372470999541939 ], [ -122.649081999979174, 45.372463000198572 ], [ -122.649190999759071, 45.372441000105411 ], [ -122.649321999280346, 45.372396999893326 ], [ -122.649413000415251, 45.372351000438243 ], [ -122.649559000005127, 45.372258999522529 ], [ -122.649697999922296, 45.372182999750684 ], [ -122.649835000189682, 45.372142999663723 ], [ -122.649926999352843, 45.372127000252064 ], [ -122.650062999795267, 45.372120999446025 ], [ -122.650218999430891, 45.372123999533606 ], [ -122.650318000063422, 45.372134000034634 ], [ -122.650605999943494, 45.372183999989169 ], [ -122.650800999937175, 45.372228000366945 ], [ -122.65097300036463, 45.372275999764746 ], [ -122.651078999771499, 45.372314999521542 ], [ -122.651201999795177, 45.372373999539406 ], [ -122.651425000276234, 45.372536999760833 ], [ -122.651592999607431, 45.372708999682523 ], [ -122.651660999379473, 45.37279200034186 ], [ -122.652095999572651, 45.37325599996656 ], [ -122.65224699918538, 45.373417999953539 ], [ -122.652154000197299, 45.373483999698344 ] ] ] } },
{ "type": "Feature", "properties": { "census lot building footprint": 0.062580665911446121, "POP20": 14.0, "infrastructure cost adjusted for footprint ($)": 2117811.3153941538 }, "geometry": { "type": "Polygon", "coordinates": [ [ [ -122.653084000858129, 45.374147999404379 ], [ -122.653109000074153, 45.374173999646708 ], [ -122.651834000530144, 45.374068999662633 ], [ -122.65183999947962, 45.373986000246433 ], [ -122.651859999571116, 45.373893999466269 ], [ -122.651894000804617, 45.373804999796903 ], [ -122.651940999761962, 45.373717999779203 ], [ -122.652000000211473, 45.37363500047887 ], [ -122.652070999458289, 45.3735560000205 ], [ -122.652154000197299, 45.373483999698344 ], [ -122.65224699918538, 45.373417999953539 ], [ -122.652907000407794, 45.373110000546824 ], [ -122.653863000109581, 45.374146999831723 ], [ -122.653084000858129, 45.374147999404379 ] ] ] } },
{ "type": "Feature", "properties": { "census lot building footprint": 0.050167443473254393, "POP20": 80.0, "infrastructure cost adjusted for footprint ($)": 14087119.133786151 }, "geometry": { "type": "Polygon", "coordinates": [ [ [ -122.655795000502906, 45.376322999950936 ], [ -122.654770000305859, 45.376734000117715 ], [ -122.654076000544904, 45.37701899962169 ], [ -122.653860000634836, 45.377085000211977 ], [ -122.653399999429013, 45.377182000337399 ], [ -122.653133000363596, 45.377203000329622 ], [ -122.652739000178329, 45.377203000329636 ], [ -122.652248999733544, 45.377203000329636 ], [ -122.650838000645408, 45.377194999762587 ], [ -122.650389000208534, 45.377195999912431 ], [ -122.650190000016906, 45.377195999912388 ], [ -122.648700999314357, 45.377159000036471 ], [ -122.648712000083336, 45.377023000233336 ], [ -122.648743999870362, 45.376994999732183 ], [ -122.648787000426395, 45.376971000463442 ], [ -122.648890000358548, 45.376965000171374 ], [ -122.650027999635185, 45.37701300059679 ], [ -122.650077000038962, 45.377001000020982 ], [ -122.650136000488544, 45.376965000171374 ], [ -122.650188000367066, 45.376909999883601 ], [ -122.650227999651733, 45.376817000548826 ], [ -122.650238999522387, 45.376508999461485 ], [ -122.650230000199869, 45.376371999823682 ], [ -122.650226000001922, 45.376312999559623 ], [ -122.650210000108331, 45.376197999980306 ], [ -122.650146999460858, 45.376106000274618 ], [ -122.650022000685723, 45.375983999707081 ], [ -122.649860000303988, 45.375882999358737 ], [ -122.649703999770082, 45.3757930001209 ], [ -122.649648000591924, 45.375783000266878 ], [ -122.649640000196001, 45.375382000056121 ], [ -122.650474999523937, 45.375400999722707 ], [ -122.6504560001557, 45.374608000373399 ], [ -122.65044199991199, 45.373944999965268 ], [ -122.651834000530144, 45.374068999662633 ], [ -122.653109000074153, 45.374173999646708 ], [ -122.653227000074949, 45.374301000707163 ], [ -122.653629000656167, 45.374740999725823 ], [ -122.653786000116682, 45.374910999505389 ], [ -122.654100999760942, 45.374766000133725 ], [ -122.654437000219929, 45.37478400044585 ], [ -122.655294000187496, 45.375748999992666 ], [ -122.655409999640142, 45.37587900055955 ], [ -122.655795000502906, 45.376322999950936 ] ] ] } },
{ "type": "Feature", "properties": { "census lot building footprint": 0.14184748892569177, "POP20": 111.0, "infrastructure cost adjusted for footprint ($)": 4928376.0000999877 }, "geometry": { "type": "Polygon", "coordinates": [ [ [ -122.65224699918538, 45.373417999953539 ], [ -122.652095999572651, 45.37325599996656 ], [ -122.651660999379473, 45.37279200034186 ], [ -122.651592999607431, 45.372708999682523 ], [ -122.651425000276234, 45.372536999760833 ], [ -122.651201999795177, 45.372373999539406 ], [ -122.651078999771499, 45.372314999521542 ], [ -122.65097300036463, 45.372275999764746 ], [ -122.650800999937175, 45.372228000366945 ], [ -122.650605999943494, 45.372183999989169 ], [ -122.650318000063422, 45.372134000034634 ], [ -122.650218999430891, 45.372123999533606 ], [ -122.650062999795267, 45.372120999446025 ], [ -122.649926999352843, 45.372127000252064 ], [ -122.649835000189682, 45.372142999663723 ], [ -122.649697999922296, 45.372182999750684 ], [ -122.649559000005127, 45.372258999522529 ], [ -122.649413000415251, 45.372351000438243 ], [ -122.649321999280346, 45.372396999893326 ], [ -122.649190999759071, 45.372441000105411 ], [ -122.649081999979174, 45.372463000198572 ], [ -122.648974999849059, 45.372470999541939 ], [ -122.648880000312786, 45.372465000034573 ], [ -122.648785999703179, 45.372446000012587 ], [ -122.648702000037574, 45.372423000309674 ], [ -122.648593000257662, 45.372380999922477 ], [ -122.648371999426331, 45.372268999999726 ], [ -122.648260000171689, 45.372200999622862 ], [ -122.648062999629886, 45.372111000204796 ], [ -122.647866999811299, 45.372039000567277 ], [ -122.647611999543173, 45.371965999964694 ], [ -122.647431999618107, 45.371924999481173 ], [ -122.647178999898145, 45.371879000273253 ], [ -122.647244000195457, 45.371689999307279 ], [ -122.647290000226221, 45.371591000622736 ], [ -122.647358999823183, 45.3714890003817 ], [ -122.647515000357117, 45.371331000300948 ], [ -122.647552000167039, 45.371293000119827 ], [ -122.647784999795533, 45.371049999669935 ], [ -122.647833000374419, 45.371016999964574 ], [ -122.647874000382302, 45.370968999498281 ], [ -122.647918999689821, 45.370921000253439 ], [ -122.647963999895666, 45.37087499959781 ], [ -122.64800800027659, 45.370830000429372 ], [ -122.648056999782099, 45.370774999854433 ], [ -122.648129000650428, 45.370710000368192 ], [ -122.648702000037574, 45.37100899978455 ], [ -122.649035999948381, 45.37063599967761 ], [ -122.649056999864811, 45.370616999672301 ], [ -122.649081999979174, 45.370586999883464 ], [ -122.649518999822149, 45.37081399938409 ], [ -122.649543000111635, 45.37082600001073 ], [ -122.649803000402599, 45.370960000313509 ], [ -122.651965999876339, 45.372069000217017 ], [ -122.652907000407794, 45.373110000546824 ], [ -122.65224699918538, 45.373417999953539 ] ] ] } },
{ "type": "Feature", "properties": { "census lot building footprint": 0.16246866317119324, "POP20": 110.0, "infrastructure cost adjusted for footprint ($)": 3761757.6989189214 }, "geometry": { "type": "Polygon", "coordinates": [ [ [ -122.649056999864811, 45.370616999672301 ], [ -122.649035999948381, 45.37063599967761 ], [ -122.648702000037574, 45.37100899978455 ], [ -122.648129000650428, 45.370710000368192 ], [ -122.648056999782099, 45.370774999854433 ], [ -122.64800800027659, 45.370830000429372 ], [ -122.647963999895666, 45.37087499959781 ], [ -122.647918999689821, 45.370921000253439 ], [ -122.647874000382302, 45.370968999498281 ], [ -122.647833000374419, 45.371016999964574 ], [ -122.647784999795533, 45.371049999669935 ], [ -122.647552000167039, 45.371293000119827 ], [ -122.647515000357117, 45.371331000300948 ], [ -122.647358999823183, 45.3714890003817 ], [ -122.647290000226221, 45.371591000622736 ], [ -122.647244000195457, 45.371689999307279 ], [ -122.647178999898145, 45.371879000273253 ], [ -122.646973000033839, 45.37186200054277 ], [ -122.646785000611132, 45.371850999749284 ], [ -122.646084999205769, 45.371851999993538 ], [ -122.645270999794207, 45.371843000318243 ], [ -122.645295999908583, 45.371631999455104 ], [ -122.645326999870719, 45.371440999684879 ], [ -122.645387999970083, 45.371291999865605 ], [ -122.64547400018381, 45.371115000027565 ], [ -122.645577999940912, 45.370962000202596 ], [ -122.645665999804407, 45.37084300005256 ], [ -122.645721999880962, 45.370783000067561 ], [ -122.645827000361223, 45.370669000236298 ], [ -122.646023000179824, 45.370466999937769 ], [ -122.646126999936882, 45.370359000463175 ], [ -122.646230999693969, 45.370186000693892 ], [ -122.646602000313052, 45.369293999982581 ], [ -122.646920000330354, 45.369468999897734 ], [ -122.647318999640234, 45.369675000474352 ], [ -122.648108000734055, 45.370083000167753 ], [ -122.648712000083307, 45.370395000100586 ], [ -122.649081999979174, 45.370586999883464 ], [ -122.649056999864811, 45.370616999672301 ] ] ] } },
{ "type": "Feature", "properties": { "census lot building footprint": 0.17538824454729443, "POP20": 148.0, "infrastructure cost adjusted for footprint ($)": 5634639.7307489393 }, "geometry": { "type": "Polygon", "coordinates": [ [ [ -122.649312000132923, 45.374080000024705 ], [ -122.649303999737, 45.374155000198918 ], [ -122.64928799984348, 45.374217000166887 ], [ -122.649240000162891, 45.374324999846998 ], [ -122.649178000238635, 45.374415000159054 ], [ -122.6490989996976, 45.374498999774204 ], [ -122.648995999765432, 45.374579999938454 ], [ -122.64891000045003, 45.374632000645015 ], [ -122.648805999794661, 45.3746810000899 ], [ -122.648101999987944, 45.37495599984404 ], [ -122.647509999435897, 45.375174000332734 ], [ -122.646599999764916, 45.374052999533738 ], [ -122.645680999873065, 45.372864999878274 ], [ -122.645575000466152, 45.372714999795079 ], [ -122.645490000077359, 45.37257400013668 ], [ -122.645436000548983, 45.372465000034573 ], [ -122.64537700009943, 45.372316999993792 ], [ -122.645342000837644, 45.372204999944287 ], [ -122.645308999429062, 45.372053000153358 ], [ -122.645294000258772, 45.371938000114838 ], [ -122.645270999794207, 45.371843000318243 ], [ -122.646084999205769, 45.371851999993538 ], [ -122.646785000611132, 45.371850999749284 ], [ -122.646973000033839, 45.37186200054277 ], [ -122.647178999898145, 45.371879000273253 ], [ -122.647431999618107, 45.371924999481173 ], [ -122.647611999543173, 45.371965999964694 ], [ -122.647866999811299, 45.372039000567277 ], [ -122.648062999629886, 45.372111000204796 ], [ -122.648260000171689, 45.372200999622862 ], [ -122.648371999426331, 45.372268999999726 ], [ -122.648593000257662, 45.372380999922477 ], [ -122.648702000037574, 45.372423000309674 ], [ -122.648785999703179, 45.372446000012587 ], [ -122.648880000312786, 45.372465000034573 ], [ -122.648974999849059, 45.372470999541939 ], [ -122.648979000046978, 45.37257400013668 ], [ -122.649015999856914, 45.372716000024141 ], [ -122.649044000344333, 45.372767999920427 ], [ -122.649084000527282, 45.372821999592183 ], [ -122.649263999554009, 45.373026000130643 ], [ -122.649291000216536, 45.373095999960256 ], [ -122.649307999934948, 45.373172999357166 ], [ -122.649307999934948, 45.373546999985301 ], [ -122.649312000132923, 45.374080000024705 ] ] ] } },
{ "type": "Feature", "properties": { "census lot building footprint": 0.126294371376106, "POP20": 44.0, "infrastructure cost adjusted for footprint ($)": 548774.84856202791 }, "geometry": { "type": "Polygon", "coordinates": [ [ [ -122.650238999522387, 45.376508999461485 ], [ -122.650227999651733, 45.376817000548826 ], [ -122.650188000367066, 45.376909999883601 ], [ -122.650136000488544, 45.376965000171374 ], [ -122.650077000038962, 45.377001000020982 ], [ -122.650027999635185, 45.37701300059679 ], [ -122.648890000358548, 45.376965000171374 ], [ -122.648787000426395, 45.376971000463442 ], [ -122.648743999870362, 45.376994999732183 ], [ -122.648712000083336, 45.377023000233336 ], [ -122.648700999314357, 45.377159000036471 ], [ -122.648189999851482, 45.377150999463232 ], [ -122.64818999985151, 45.376779999793904 ], [ -122.64819699952416, 45.376611000113883 ], [ -122.648194000049457, 45.376564000139226 ], [ -122.648187000376765, 45.37646600068409 ], [ -122.64817000065834, 45.376356999880038 ], [ -122.648145000543948, 45.37624900029445 ], [ -122.648112999858583, 45.376142000040097 ], [ -122.648053000482491, 45.375987999760902 ], [ -122.648228000384634, 45.375931000071574 ], [ -122.648958999955511, 45.375740000306422 ], [ -122.649154999774098, 45.375736000235065 ], [ -122.649418000438146, 45.375750999712423 ], [ -122.649610000058772, 45.375776000304896 ], [ -122.649648000591924, 45.375783000266878 ], [ -122.649703999770082, 45.3757930001209 ], [ -122.649860000303988, 45.375882999358737 ], [ -122.650022000685723, 45.375983999707081 ], [ -122.650146999460858, 45.376106000274618 ], [ -122.650210000108331, 45.376197999980306 ], [ -122.650226000001922, 45.376312999559623 ], [ -122.650230000199869, 45.376371999823682 ], [ -122.650238999522387, 45.376508999461485 ] ] ] } },
{ "type": "Feature", "properties": { "census lot building footprint": 0.17444674707934349, "POP20": 21.0, "infrastructure cost adjusted for footprint ($)": 487043.4815611589 }, "geometry": { "type": "Polygon", "coordinates": [ [ [ -122.646128999586693, 45.375137000395867 ], [ -122.646116999891149, 45.375171999961601 ], [ -122.646087999578853, 45.375195999993785 ], [ -122.646013000134062, 45.37523299989212 ], [ -122.645965000453501, 45.375251000055584 ], [ -122.645897999608025, 45.375269000213351 ], [ -122.645829999835996, 45.375278999527247 ], [ -122.645772999934564, 45.375276000238124 ], [ -122.645725000254004, 45.375262999740748 ], [ -122.645639999865168, 45.375197000178986 ], [ -122.64553899958284, 45.375084999522677 ], [ -122.645362999855749, 45.374846000355312 ], [ -122.645246999504792, 45.37461499984893 ], [ -122.645208000045031, 45.37457599978503 ], [ -122.645409999711376, 45.374501999735585 ], [ -122.645713999485011, 45.374391999994756 ], [ -122.645958999707389, 45.374731000316771 ], [ -122.646051999593823, 45.374902000316787 ], [ -122.646126999936882, 45.375086999896915 ], [ -122.646128999586693, 45.375137000395867 ] ] ] } },
{ "type": "Feature", "properties": { "census lot building footprint": 0.16235042805496533, "POP20": 50.0, "infrastructure cost adjusted for footprint ($)": 2382418.8673727657 }, "geometry": { "type": "Polygon", "coordinates": [ [ [ -122.647250000043201, 45.376094000137357 ], [ -122.646680999955763, 45.375968000120025 ], [ -122.646168999769642, 45.375843999538333 ], [ -122.645690000093879, 45.375718000225987 ], [ -122.645336000091561, 45.37557999975553 ], [ -122.645258000273742, 45.375511000656068 ], [ -122.645198999824203, 45.375449000213663 ], [ -122.644693000384223, 45.374764999940929 ], [ -122.645208000045031, 45.37457599978503 ], [ -122.645246999504792, 45.37461499984893 ], [ -122.645362999855749, 45.374846000355312 ], [ -122.64553899958284, 45.375084999522677 ], [ -122.645639999865168, 45.375197000178986 ], [ -122.645725000254004, 45.375262999740748 ], [ -122.645772999934564, 45.375276000238124 ], [ -122.645829999835996, 45.375278999527247 ], [ -122.645897999608025, 45.375269000213351 ], [ -122.645965000453501, 45.375251000055584 ], [ -122.646013000134062, 45.37523299989212 ], [ -122.646087999578853, 45.375195999993785 ], [ -122.646116999891149, 45.375171999961601 ], [ -122.646128999586693, 45.375137000395867 ], [ -122.646126999936882, 45.375086999896915 ], [ -122.646051999593823, 45.374902000316787 ], [ -122.645958999707389, 45.374731000316771 ], [ -122.645713999485011, 45.374391999994756 ], [ -122.646253000333573, 45.374177999828547 ], [ -122.646423000212849, 45.374371999789425 ], [ -122.646758999773553, 45.374718999887676 ], [ -122.64687099992652, 45.37485999987755 ], [ -122.646891000018044, 45.374911999695591 ], [ -122.646855999857962, 45.374957000033469 ], [ -122.646805999629223, 45.37499400008813 ], [ -122.646692999651322, 45.375056999954978 ], [ -122.64667199973492, 45.375093999944205 ], [ -122.646691999826416, 45.375141999433659 ], [ -122.646803999979397, 45.375290000284949 ], [ -122.646972000208891, 45.375586000194488 ], [ -122.647250000043201, 45.376094000137357 ] ] ] } },
{ "type": "Feature", "properties": { "census lot building footprint": 0.13935477477930755, "POP20": 36.0, "infrastructure cost adjusted for footprint ($)": 2084587.6795341733 }, "geometry": { "type": "Polygon", "coordinates": [ [ [ -122.648053000482491, 45.375987999760902 ], [ -122.647819000130767, 45.37606999985519 ], [ -122.647702000853172, 45.376098999721599 ], [ -122.647629999984886, 45.376109000150763 ], [ -122.647607999345226, 45.376110000319798 ], [ -122.647440000014029, 45.376115999440501 ], [ -122.647250000043201, 45.376094000137357 ], [ -122.646972000208891, 45.375586000194488 ], [ -122.646803999979397, 45.375290000284949 ], [ -122.646691999826416, 45.375141999433659 ], [ -122.64667199973492, 45.375093999944205 ], [ -122.646692999651322, 45.375056999954978 ], [ -122.646805999629223, 45.37499400008813 ], [ -122.646855999857962, 45.374957000033469 ], [ -122.646891000018044, 45.374911999695591 ], [ -122.64687099992652, 45.37485999987755 ], [ -122.646758999773553, 45.374718999887676 ], [ -122.646423000212849, 45.374371999789425 ], [ -122.646253000333573, 45.374177999828547 ], [ -122.646599999764916, 45.374052999533738 ], [ -122.647509999435897, 45.375174000332734 ], [ -122.64790199997141, 45.37571800022598 ], [ -122.64798199943904, 45.375852999839047 ], [ -122.648053000482491, 45.375987999760902 ] ] ] } },
{ "type": "Feature", "properties": { "census lot building footprint": 0.13663977613077768, "POP20": 90.0, "infrastructure cost adjusted for footprint ($)": 4487018.1127375569 }, "geometry": { "type": "Polygon", "coordinates": [ [ [ -122.646253000333573, 45.374177999828547 ], [ -122.645713999485011, 45.374391999994756 ], [ -122.645409999711376, 45.374501999735585 ], [ -122.645208000045031, 45.37457599978503 ], [ -122.644693000384223, 45.374764999940929 ], [ -122.644264999863722, 45.374921000144695 ], [ -122.644000999374782, 45.375025999808912 ], [ -122.643764999373204, 45.375124999421963 ], [ -122.642971999878071, 45.375561000149034 ], [ -122.642727000553975, 45.375394000344428 ], [ -122.642578999517681, 45.375259999819683 ], [ -122.642485999631276, 45.375217000092526 ], [ -122.642410000361579, 45.375193000069252 ], [ -122.642321999599716, 45.375176000072798 ], [ -122.642222999865538, 45.375161999366703 ], [ -122.64224399978194, 45.375084999522684 ], [ -122.642253000002754, 45.375006999385278 ], [ -122.642253999827673, 45.374939000407458 ], [ -122.642263999873435, 45.374891999674162 ], [ -122.642298000208598, 45.374843999972491 ], [ -122.642355999934921, 45.374795000037814 ], [ -122.642428999729873, 45.374757999852974 ], [ -122.642514000118666, 45.374704000136632 ], [ -122.643698000324392, 45.374210000011061 ], [ -122.643833999868505, 45.37414200007489 ], [ -122.643946999846435, 45.374074999630892 ], [ -122.644298000374008, 45.373774000226632 ], [ -122.644459999857389, 45.373580000107502 ], [ -122.644587999903948, 45.373462000633374 ], [ -122.644733000567172, 45.373320000094793 ], [ -122.644889000202809, 45.373190999545315 ], [ -122.645069999952753, 45.373083999815293 ], [ -122.645680999873065, 45.372864999878274 ], [ -122.646599999764916, 45.374052999533738 ], [ -122.646253000333573, 45.374177999828547 ] ] ] } },
{ "type": "Feature", "properties": { "census lot building footprint": 0.22366482610261573, "POP20": 69.0, "infrastructure cost adjusted for footprint ($)": 1648889.6441477712 }, "geometry": { "type": "Polygon", "coordinates": [ [ [ -122.644118999375578, 45.376694000094517 ], [ -122.644088000311726, 45.37672699964245 ], [ -122.642417999859191, 45.377679999675152 ], [ -122.64180299974096, 45.377142 ], [ -122.641183000498174, 45.37660100040447 ], [ -122.641351999654262, 45.376540000056558 ], [ -122.641506999464937, 45.376465000521371 ], [ -122.642971999878071, 45.375561000149034 ], [ -122.644091000684782, 45.376549999776728 ], [ -122.644116999725753, 45.376587999580714 ], [ -122.644129000319609, 45.376646999557849 ], [ -122.644118999375578, 45.376694000094517 ] ] ] } },
{ "type": "Feature", "properties": { "census lot building footprint": 0.11696888768834789, "POP20": 252.0, "infrastructure cost adjusted for footprint ($)": 12025865.906436929 }, "geometry": { "type": "Polygon", "coordinates": [ [ [ -122.646230999693969, 45.370186000693892 ], [ -122.646126999936882, 45.370359000463175 ], [ -122.646023000179824, 45.370466999937769 ], [ -122.645827000361223, 45.370669000236298 ], [ -122.645721999880962, 45.370783000067561 ], [ -122.645665999804407, 45.37084300005256 ], [ -122.645577999940912, 45.370962000202596 ], [ -122.64547400018381, 45.371115000027565 ], [ -122.645387999970083, 45.371291999865605 ], [ -122.645326999870719, 45.371440999684879 ], [ -122.645295999908583, 45.371631999455104 ], [ -122.645270999794207, 45.371843000318243 ], [ -122.644987000112081, 45.371846999402827 ], [ -122.644737000765147, 45.371861000298594 ], [ -122.644629999736722, 45.371877000416596 ], [ -122.644526999804555, 45.371910999863402 ], [ -122.644404000679231, 45.372004999935264 ], [ -122.643861999457613, 45.372517000161615 ], [ -122.643787999837755, 45.372533000093981 ], [ -122.643686999555413, 45.372543000522711 ], [ -122.643196000184034, 45.372547999789816 ], [ -122.642436999227456, 45.372549999622748 ], [ -122.642001999932603, 45.372542000290601 ], [ -122.641910000769414, 45.37253499992746 ], [ -122.641811000136883, 45.372520999829575 ], [ -122.641707000379824, 45.372488000351495 ], [ -122.641618999617975, 45.372445000409819 ], [ -122.641534999952384, 45.372390000143334 ], [ -122.641485999548564, 45.372345000287048 ], [ -122.641442999890856, 45.372290000554315 ], [ -122.641372999570635, 45.372156000247287 ], [ -122.641335999760713, 45.372084999645111 ], [ -122.64124100022444, 45.371887999942871 ], [ -122.641177999576968, 45.371755999806496 ], [ -122.641093999911376, 45.371594999725176 ], [ -122.64101399954545, 45.371457999541924 ], [ -122.640862999932708, 45.371303999759711 ], [ -122.640969000237931, 45.371248999645729 ], [ -122.641025000314428, 45.371181000566772 ], [ -122.641043999682665, 45.37111099962911 ], [ -122.641057999926375, 45.371028999917037 ], [ -122.6410490006039, 45.368709999521158 ], [ -122.641061000299487, 45.36842600010025 ], [ -122.641057000101455, 45.368302000021444 ], [ -122.641043999682665, 45.36821700036009 ], [ -122.641022999766292, 45.368174000326825 ], [ -122.640974999187392, 45.368121999362259 ], [ -122.640929999879845, 45.368090999832539 ], [ -122.640814000427227, 45.368056000302396 ], [ -122.64060799966461, 45.36802599978629 ], [ -122.64060600001477, 45.367822000146298 ], [ -122.640603000540025, 45.36759499936656 ], [ -122.640737000434328, 45.367614999444015 ], [ -122.640852000062068, 45.367632999507713 ], [ -122.640903999940605, 45.367641000165314 ], [ -122.641739000166851, 45.367768000118438 ], [ -122.641979000366362, 45.367808999828746 ], [ -122.642588000636835, 45.367912999761032 ], [ -122.643192999811006, 45.368018000445382 ], [ -122.644710999927568, 45.368573999594176 ], [ -122.644909000294291, 45.368646999526014 ], [ -122.644979999541093, 45.368672999772947 ], [ -122.64561699940063, 45.368917000633893 ], [ -122.646602000313052, 45.369293999982581 ], [ -122.646230999693969, 45.370186000693892 ] ] ] } },
{ "type": "Feature", "properties": { "census lot building footprint": 0.10424992018900704, "POP20": 194.0, "infrastructure cost adjusted for footprint ($)": 14782078.12551119 }, "geometry": { "type": "Polygon", "coordinates": [ [ [ -122.641534999952384, 45.372390000143334 ], [ -122.639903000032973, 45.372642000065049 ], [ -122.639268999648166, 45.371864999381899 ], [ -122.63863499926336, 45.372547999789802 ], [ -122.637943999875446, 45.373519000287068 ], [ -122.637943000050569, 45.373203999887927 ], [ -122.637931999281577, 45.373150000580942 ], [ -122.637905000415699, 45.373097999773826 ], [ -122.637868000605778, 45.373054999664888 ], [ -122.637824000224882, 45.373020999643671 ], [ -122.63776700032345, 45.372990000274704 ], [ -122.637708999698845, 45.372968999980046 ], [ -122.637244000266733, 45.372878000295835 ], [ -122.637276999878679, 45.372750999826089 ], [ -122.637279000426787, 45.372679000372251 ], [ -122.637257999612103, 45.372607999795605 ], [ -122.637142999984363, 45.37237399953937 ], [ -122.637111000197322, 45.372283000159953 ], [ -122.637105000349536, 45.371620000261721 ], [ -122.637114999496958, 45.370616999672279 ], [ -122.635748999716355, 45.370457000404137 ], [ -122.635289000307168, 45.370396000370711 ], [ -122.635444000117843, 45.369735000372543 ], [ -122.635444999942763, 45.369654000210929 ], [ -122.635429000049228, 45.369496000052749 ], [ -122.635388999866251, 45.369390999587694 ], [ -122.636527999866146, 45.369097999687362 ], [ -122.636696999920531, 45.369051000410693 ], [ -122.636799000027807, 45.369034000461319 ], [ -122.636937999944976, 45.369021999454496 ], [ -122.637077999687065, 45.369024999706454 ], [ -122.63719900006086, 45.369037999744513 ], [ -122.637300000343231, 45.369057999942889 ], [ -122.63742899931637, 45.369095999732359 ], [ -122.637561000459129, 45.369151000046671 ], [ -122.637716000269847, 45.36918800011334 ], [ -122.637874999380173, 45.369215999431269 ], [ -122.638035999936946, 45.369233999616618 ], [ -122.638199000143587, 45.369240999757288 ], [ -122.638361999451917, 45.369238999807322 ], [ -122.638523999833595, 45.369227000106207 ], [ -122.638476000152977, 45.367244999390181 ], [ -122.639277000044117, 45.367378000280048 ], [ -122.639913999903669, 45.367485000076165 ], [ -122.64000599996514, 45.367499999848562 ], [ -122.640603000540025, 45.36759499936656 ], [ -122.64060600001477, 45.367822000146298 ], [ -122.64060799966461, 45.36802599978629 ], [ -122.640814000427227, 45.368056000302396 ], [ -122.640929999879845, 45.368090999832539 ], [ -122.640974999187392, 45.368121999362259 ], [ -122.641022999766292, 45.368174000326825 ], [ -122.641043999682665, 45.36821700036009 ], [ -122.641057000101455, 45.368302000021444 ], [ -122.641061000299487, 45.36842600010025 ], [ -122.6410490006039, 45.368709999521158 ], [ -122.641057999926375, 45.371028999917037 ], [ -122.641043999682665, 45.37111099962911 ], [ -122.641025000314428, 45.371181000566772 ], [ -122.640969000237931, 45.371248999645729 ], [ -122.640862999932708, 45.371303999759711 ], [ -122.64101399954545, 45.371457999541924 ], [ -122.641093999911376, 45.371594999725176 ], [ -122.641177999576968, 45.371755999806496 ], [ -122.64124100022444, 45.371887999942871 ], [ -122.641335999760713, 45.372084999645111 ], [ -122.641372999570635, 45.372156000247287 ], [ -122.641442999890856, 45.372290000554315 ], [ -122.641485999548564, 45.372345000287048 ], [ -122.641534999952384, 45.372390000143334 ] ] ] } },
{ "type": "Feature", "properties": { "census lot building footprint": 0.22443007619712566, "POP20": 74.0, "infrastructure cost adjusted for footprint ($)": 2015588.9597240591 }, "geometry": { "type": "Polygon", "coordinates": [ [ [ -122.641325999714979, 45.372517999763083 ], [ -122.641226000155896, 45.372563000112791 ], [ -122.641161999683462, 45.372581000495025 ], [ -122.641094999736296, 45.372593999715797 ], [ -122.640934999902711, 45.372605999333651 ], [ -122.640868999780494, 45.372622000502972 ], [ -122.640815000252118, 45.372642000065085 ], [ -122.64071800016778, 45.372694000029391 ], [ -122.640641999999801, 45.372761000216308 ], [ -122.640591999771033, 45.372839000296246 ], [ -122.640570000029712, 45.372917000268551 ], [ -122.640576999702475, 45.373283000206982 ], [ -122.640566999656713, 45.373402000271533 ], [ -122.640545999740283, 45.373474000067041 ], [ -122.640498000059736, 45.373540000377552 ], [ -122.640427999739543, 45.37359399994326 ], [ -122.640339999875991, 45.373634000266065 ], [ -122.640233999570768, 45.373657000107634 ], [ -122.640164000148872, 45.373659999482641 ], [ -122.640077999935173, 45.373652999888918 ], [ -122.638973000270497, 45.373651000095002 ], [ -122.638966999524385, 45.374311999762 ], [ -122.638600999826494, 45.374312999962832 ], [ -122.638502999917222, 45.374307999589618 ], [ -122.638407999482638, 45.37428899955583 ], [ -122.638312999946422, 45.374258000250848 ], [ -122.638216999686932, 45.374217000166908 ], [ -122.638138000044222, 45.374177000256381 ], [ -122.638068999548921, 45.374122000412157 ], [ -122.63802000004344, 45.374068000719589 ], [ -122.637978000210651, 45.374006000588281 ], [ -122.637952999197964, 45.373948000587106 ], [ -122.637934999654647, 45.373880999913304 ], [ -122.637931999281577, 45.373803000008394 ], [ -122.637945000598677, 45.373729000209515 ], [ -122.637943999875446, 45.373519000287068 ], [ -122.63863499926336, 45.372547999789802 ], [ -122.639268999648166, 45.371864999381899 ], [ -122.639903000032973, 45.372642000065049 ], [ -122.641534999952384, 45.372390000143334 ], [ -122.641325999714979, 45.372517999763083 ] ] ] } },
{ "type": "Feature", "properties": { "census lot building footprint": 0.1296194021192649, "POP20": 199.0, "infrastructure cost adjusted for footprint ($)": 9290873.199793037 }, "geometry": { "type": "Polygon", "coordinates": [ [ [ -122.645680999873065, 45.372864999878274 ], [ -122.645069999952753, 45.373083999815293 ], [ -122.644889000202809, 45.373190999545315 ], [ -122.644733000567172, 45.373320000094793 ], [ -122.644587999903948, 45.373462000633374 ], [ -122.644459999857389, 45.373580000107502 ], [ -122.644298000374008, 45.373774000226632 ], [ -122.643946999846435, 45.374074999630892 ], [ -122.643833999868505, 45.37414200007489 ], [ -122.643698000324392, 45.374210000011061 ], [ -122.642514000118666, 45.374704000136632 ], [ -122.642428999729873, 45.374757999852974 ], [ -122.642355999934921, 45.374795000037814 ], [ -122.642298000208598, 45.374843999972491 ], [ -122.642263999873435, 45.374891999674162 ], [ -122.642253999827673, 45.374939000407458 ], [ -122.642253000002754, 45.375006999385278 ], [ -122.64224399978194, 45.375084999522684 ], [ -122.642222999865538, 45.375161999366703 ], [ -122.641422999799374, 45.375170999775968 ], [ -122.640149000080285, 45.375166000109694 ], [ -122.639022000674288, 45.375171999961594 ], [ -122.638261000067828, 45.375166000109687 ], [ -122.638094999488189, 45.375179999552742 ], [ -122.637947000248474, 45.375221999754309 ], [ -122.63782900024772, 45.375269000213358 ], [ -122.637702000026138, 45.375348000171833 ], [ -122.637558999910993, 45.375237000630058 ], [ -122.637464999301358, 45.37517099977596 ], [ -122.63728700082271, 45.37507100005606 ], [ -122.637190000738329, 45.375025999808912 ], [ -122.637081999885012, 45.374988999775191 ], [ -122.636719000560163, 45.374921000144674 ], [ -122.636527999866175, 45.374899999936019 ], [ -122.63636600038275, 45.374896999995713 ], [ -122.636187000282632, 45.374908999755924 ], [ -122.636009000007377, 45.374941000155843 ], [ -122.635818000211685, 45.374988999775198 ], [ -122.63571299973141, 45.374835999702725 ], [ -122.635749999541275, 45.37482099998266 ], [ -122.636337000070426, 45.374697000041053 ], [ -122.636077000677759, 45.374108999649522 ], [ -122.637539000717808, 45.373732000211788 ], [ -122.637943999875446, 45.373519000287068 ], [ -122.637945000598677, 45.373729000209515 ], [ -122.637931999281577, 45.373803000008394 ], [ -122.637934999654647, 45.373880999913304 ], [ -122.637952999197964, 45.373948000587106 ], [ -122.637978000210651, 45.374006000588281 ], [ -122.63802000004344, 45.374068000719589 ], [ -122.638068999548921, 45.374122000412157 ], [ -122.638138000044222, 45.374177000256381 ], [ -122.638216999686932, 45.374217000166908 ], [ -122.638312999946422, 45.374258000250848 ], [ -122.638407999482638, 45.37428899955583 ], [ -122.638502999917222, 45.374307999589618 ], [ -122.638600999826494, 45.374312999962832 ], [ -122.638966999524385, 45.374311999762 ], [ -122.638973000270497, 45.373651000095002 ], [ -122.640077999935173, 45.373652999888918 ], [ -122.640164000148872, 45.373659999482641 ], [ -122.640233999570768, 45.373657000107634 ], [ -122.640339999875991, 45.373634000266065 ], [ -122.640427999739543, 45.37359399994326 ], [ -122.640498000059736, 45.373540000377552 ], [ -122.640545999740283, 45.373474000067041 ], [ -122.640566999656713, 45.373402000271533 ], [ -122.640576999702475, 45.373283000206982 ], [ -122.640570000029712, 45.372917000268551 ], [ -122.640591999771033, 45.372839000296246 ], [ -122.640641999999801, 45.372761000216308 ], [ -122.64071800016778, 45.372694000029391 ], [ -122.640815000252118, 45.372642000065085 ], [ -122.640868999780494, 45.372622000502972 ], [ -122.640934999902711, 45.372605999333651 ], [ -122.641094999736296, 45.372593999715797 ], [ -122.641161999683462, 45.372581000495025 ], [ -122.641226000155896, 45.372563000112791 ], [ -122.641325999714979, 45.372517999763083 ], [ -122.641534999952384, 45.372390000143334 ], [ -122.641618999617975, 45.372445000409819 ], [ -122.641707000379824, 45.372488000351495 ], [ -122.641811000136883, 45.372520999829575 ], [ -122.641910000769414, 45.37253499992746 ], [ -122.642001999932603, 45.372542000290601 ], [ -122.642436999227456, 45.372549999622748 ], [ -122.643196000184034, 45.372547999789816 ], [ -122.643686999555413, 45.372543000522711 ], [ -122.643787999837755, 45.372533000093981 ], [ -122.643861999457613, 45.372517000161615 ], [ -122.644404000679231, 45.372004999935264 ], [ -122.644526999804555, 45.371910999863402 ], [ -122.644629999736722, 45.371877000416596 ], [ -122.644737000765147, 45.371861000298594 ], [ -122.644987000112081, 45.371846999402827 ], [ -122.645270999794207, 45.371843000318243 ], [ -122.645294000258772, 45.371938000114838 ], [ -122.645308999429062, 45.372053000153358 ], [ -122.645342000837644, 45.372204999944287 ], [ -122.64537700009943, 45.372316999993792 ], [ -122.645436000548983, 45.372465000034573 ], [ -122.645490000077359, 45.37257400013668 ], [ -122.645575000466152, 45.372714999795079 ], [ -122.645680999873065, 45.372864999878274 ] ] ] } },
{ "type": "Feature", "properties": { "census lot building footprint": 0.21030577023512245, "POP20": 36.0, "infrastructure cost adjusted for footprint ($)": 751851.30942519952 }, "geometry": { "type": "Polygon", "coordinates": [ [ [ -122.641427999822227, 45.375299999595157 ], [ -122.641401000058067, 45.375429000382169 ], [ -122.641341000681919, 45.375530000279305 ], [ -122.641249999547, 45.375621000113384 ], [ -122.641127000421676, 45.375719000401922 ], [ -122.640739000084139, 45.375938000645412 ], [ -122.64060600001477, 45.376001999631491 ], [ -122.640417999693781, 45.376060999589036 ], [ -122.640046000148118, 45.37607400053399 ], [ -122.63973700035163, 45.376051999952409 ], [ -122.639624000373772, 45.376009000196525 ], [ -122.639323000074839, 45.375790999771645 ], [ -122.63915099964737, 45.375648999401825 ], [ -122.639042000765755, 45.375477999767512 ], [ -122.639014000278365, 45.375373000311441 ], [ -122.639010000080418, 45.3752669998455 ], [ -122.639022000674288, 45.375171999961594 ], [ -122.640149000080285, 45.375166000109694 ], [ -122.641422999799374, 45.375170999775968 ], [ -122.641427999822227, 45.375299999595157 ] ] ] } },
{ "type": "Feature", "properties": { "census lot building footprint": 0.20619630648017259, "POP20": 86.0, "infrastructure cost adjusted for footprint ($)": 1967221.571127044 }, "geometry": { "type": "Polygon", "coordinates": [ [ [ -122.642971999878071, 45.375561000149034 ], [ -122.641506999464937, 45.376465000521371 ], [ -122.641351999654262, 45.376540000056558 ], [ -122.641183000498174, 45.37660100040447 ], [ -122.640988000504507, 45.376675000231351 ], [ -122.64080799968113, 45.376727999800558 ], [ -122.640544000090472, 45.37676099932861 ], [ -122.64027899977664, 45.376774000112626 ], [ -122.639790999879978, 45.376760999328596 ], [ -122.63957999999279, 45.376746000119176 ], [ -122.639409000288552, 45.376715000267986 ], [ -122.639280999343768, 45.376681000554157 ], [ -122.639143999974706, 45.376621000452523 ], [ -122.638917000193985, 45.376486000148823 ], [ -122.638518999810714, 45.376213999502248 ], [ -122.638129999648271, 45.375895000171788 ], [ -122.638014000195625, 45.375751999887768 ], [ -122.637881000126256, 45.375574999494361 ], [ -122.637702000026138, 45.375348000171833 ], [ -122.63782900024772, 45.375269000213358 ], [ -122.637947000248474, 45.375221999754309 ], [ -122.638094999488189, 45.375179999552742 ], [ -122.638261000067828, 45.375166000109687 ], [ -122.639022000674288, 45.375171999961594 ], [ -122.639010000080418, 45.3752669998455 ], [ -122.639014000278365, 45.375373000311441 ], [ -122.639042000765755, 45.375477999767512 ], [ -122.63915099964737, 45.375648999401825 ], [ -122.639323000074839, 45.375790999771645 ], [ -122.639624000373772, 45.376009000196525 ], [ -122.63973700035163, 45.376051999952409 ], [ -122.640046000148118, 45.37607400053399 ], [ -122.640417999693781, 45.376060999589036 ], [ -122.64060600001477, 45.376001999631491 ], [ -122.640739000084139, 45.375938000645412 ], [ -122.641127000421676, 45.375719000401922 ], [ -122.641249999547, 45.375621000113384 ], [ -122.641341000681919, 45.375530000279305 ], [ -122.641401000058067, 45.375429000382169 ], [ -122.641427999822227, 45.375299999595157 ], [ -122.641422999799374, 45.375170999775968 ], [ -122.642222999865538, 45.375161999366703 ], [ -122.642321999599716, 45.375176000072798 ], [ -122.642410000361579, 45.375193000069252 ], [ -122.642485999631276, 45.375217000092526 ], [ -122.642578999517681, 45.375259999819683 ], [ -122.642727000553975, 45.375394000344428 ], [ -122.642971999878071, 45.375561000149034 ] ] ] } },
{ "type": "Feature", "properties": { "census lot building footprint": 0.19017748399678239, "POP20": 27.0, "infrastructure cost adjusted for footprint ($)": 1634954.0824947169 }, "geometry": { "type": "Polygon", "coordinates": [ [ [ -122.638985999790933, 45.376853000492652 ], [ -122.638941000483442, 45.376907000049968 ], [ -122.638882999858779, 45.376955999416651 ], [ -122.638825000132499, 45.37699300068742 ], [ -122.638699999560686, 45.377033999389788 ], [ -122.638636999811496, 45.377047000111048 ], [ -122.638511000313116, 45.377060000198227 ], [ -122.638458999536269, 45.377057999893772 ], [ -122.638297999877778, 45.377013999487843 ], [ -122.637480000268269, 45.376544000702062 ], [ -122.637399000077423, 45.376503000382442 ], [ -122.637317999886548, 45.37644899980836 ], [ -122.637110000372459, 45.376256999733307 ], [ -122.637076000037226, 45.376198999516703 ], [ -122.637050000097958, 45.376133000416402 ], [ -122.637013000288036, 45.376001999631505 ], [ -122.637050999922849, 45.37585299983904 ], [ -122.63708800063111, 45.375780000373439 ], [ -122.63715199930688, 45.375692000062479 ], [ -122.637255000137387, 45.375596999630439 ], [ -122.637702000026138, 45.375348000171833 ], [ -122.637881000126256, 45.375574999494361 ], [ -122.638014000195625, 45.375751999887768 ], [ -122.638129999648271, 45.375895000171788 ], [ -122.638518999810714, 45.376213999502248 ], [ -122.638917000193985, 45.376486000148823 ], [ -122.639143999974706, 45.376621000452523 ], [ -122.638985999790933, 45.376853000492652 ] ] ] } },
{ "type": "Feature", "properties": { "census lot building footprint": 0.18748890162306628, "POP20": 89.0, "infrastructure cost adjusted for footprint ($)": 1197444.0420435523 }, "geometry": { "type": "Polygon", "coordinates": [ [ [ -122.637943999875446, 45.373519000287068 ], [ -122.637539000717808, 45.373732000211788 ], [ -122.636077000677759, 45.374108999649522 ], [ -122.636337000070426, 45.374697000041053 ], [ -122.635749999541275, 45.37482099998266 ], [ -122.63571299973141, 45.374835999702725 ], [ -122.635696999837805, 45.374812999709661 ], [ -122.635624999867801, 45.374682999847387 ], [ -122.635542000027115, 45.374590000005256 ], [ -122.63545100068886, 45.374497000641192 ], [ -122.635374000695961, 45.374451000369959 ], [ -122.635205999568157, 45.374360999484153 ], [ -122.635123999552391, 45.374326000047546 ], [ -122.635038000236989, 45.374298000104076 ], [ -122.634962000068981, 45.374279000066899 ], [ -122.634869999109171, 45.374263000628481 ], [ -122.634791000364785, 45.374255000276484 ], [ -122.633992000123527, 45.374242000175485 ], [ -122.63386400007704, 45.374230999844883 ], [ -122.633753000647218, 45.374211999785224 ], [ -122.633661999512341, 45.374187999966416 ], [ -122.63356100012831, 45.374151000015431 ], [ -122.63346699951866, 45.374106000298305 ], [ -122.633370999259185, 45.374046000619714 ], [ -122.63329599981445, 45.373985000039859 ], [ -122.633232999166907, 45.373918999617601 ], [ -122.633182000011615, 45.373847000388665 ], [ -122.633142999653558, 45.373772000436979 ], [ -122.633117999539195, 45.373694000381775 ], [ -122.633105999843636, 45.373614000423728 ], [ -122.633118999364115, 45.373541999544351 ], [ -122.634257000437387, 45.373547999568565 ], [ -122.636091000023129, 45.373546999985294 ], [ -122.636305000283343, 45.373543999342161 ], [ -122.636390000672165, 45.373524999682694 ], [ -122.636469999241498, 45.373496000389444 ], [ -122.63654100028495, 45.373441000514006 ], [ -122.636589999790417, 45.373385000367811 ], [ -122.636627999425244, 45.373257999774452 ], [ -122.63663300034645, 45.373168000145306 ], [ -122.636644000217089, 45.373100999809537 ], [ -122.636666999783316, 45.373036999433495 ], [ -122.636716000187121, 45.372976000289469 ], [ -122.636796000553062, 45.372917999862977 ], [ -122.636887999716265, 45.372878000295835 ], [ -122.636937999944976, 45.372864999878274 ], [ -122.63699799932111, 45.372857000590649 ], [ -122.637092000829057, 45.372857000590656 ], [ -122.637244000266733, 45.372878000295835 ], [ -122.637708999698845, 45.372968999980046 ], [ -122.63776700032345, 45.372990000274704 ], [ -122.637824000224882, 45.373020999643671 ], [ -122.637868000605778, 45.373054999664888 ], [ -122.637905000415699, 45.373097999773826 ], [ -122.637931999281577, 45.373150000580942 ], [ -122.637943000050569, 45.373203999887927 ], [ -122.637943999875446, 45.373519000287068 ] ] ] } },
{ "type": "Feature", "properties": { "census lot building footprint": 0.14422512610798294, "POP20": 17.0, "infrastructure cost adjusted for footprint ($)": 163684.18531805556 }, "geometry": { "type": "Polygon", "coordinates": [ [ [ -122.633749000449299, 45.376232000615538 ], [ -122.633597000113312, 45.376575000016004 ], [ -122.633552999732387, 45.376623999670315 ], [ -122.633495999830984, 45.376642000653113 ], [ -122.633455999648035, 45.376622000612493 ], [ -122.633368999609374, 45.376458000012754 ], [ -122.633330999974532, 45.376349999358077 ], [ -122.633300000012397, 45.376283000268046 ], [ -122.633327000674896, 45.376081999997588 ], [ -122.63346699951866, 45.376092000429765 ], [ -122.633777999863298, 45.376135999660093 ], [ -122.633749000449299, 45.376232000615538 ] ] ] } },
{ "type": "Feature", "properties": { "census lot building footprint": 0.26109960534136728, "POP20": 64.0, "infrastructure cost adjusted for footprint ($)": 1433839.7538635763 }, "geometry": { "type": "Polygon", "coordinates": [ [ [ -122.634257000437387, 45.373547999568565 ], [ -122.633118999364115, 45.373541999544351 ], [ -122.633099999995849, 45.372922999728026 ], [ -122.633077999356217, 45.372839999260982 ], [ -122.633048000117327, 45.372758000162534 ], [ -122.633010000482471, 45.372678000142542 ], [ -122.632963999553425, 45.372600000471621 ], [ -122.632910000025049, 45.37252500012837 ], [ -122.63283300003215, 45.372433999729729 ], [ -122.63274400034372, 45.372349000598199 ], [ -122.63266600052593, 45.37228500000225 ], [ -122.632102999387911, 45.371904999665524 ], [ -122.632304000127633, 45.371716000048615 ], [ -122.63239300071443, 45.371650999750521 ], [ -122.632496999573178, 45.371599000089383 ], [ -122.632725999902036, 45.371524000311901 ], [ -122.632877000413103, 45.371456999921641 ], [ -122.633028000025845, 45.371363999823032 ], [ -122.633156000072361, 45.371258000046709 ], [ -122.633323000476949, 45.371394000461947 ], [ -122.633487999435033, 45.371506999843611 ], [ -122.63387599977257, 45.37173400006936 ], [ -122.634160000353006, 45.371987999611555 ], [ -122.634223999927116, 45.37211999983753 ], [ -122.634244000018612, 45.372192000003032 ], [ -122.634277000528883, 45.37283300019682 ], [ -122.634257000437387, 45.373547999568565 ] ] ] } },
{ "type": "Feature", "properties": { "census lot building footprint": 0.23011582028244307, "POP20": 202.0, "infrastructure cost adjusted for footprint ($)": 4415571.2429943513 }, "geometry": { "type": "Polygon", "coordinates": [ [ [ -122.637276999878679, 45.372750999826089 ], [ -122.637244000266733, 45.372878000295835 ], [ -122.637092000829057, 45.372857000590656 ], [ -122.63699799932111, 45.372857000590649 ], [ -122.636937999944976, 45.372864999878274 ], [ -122.636887999716265, 45.372878000295835 ], [ -122.636796000553062, 45.372917999862977 ], [ -122.636716000187121, 45.372976000289469 ], [ -122.636666999783316, 45.373036999433495 ], [ -122.636644000217089, 45.373100999809537 ], [ -122.63663300034645, 45.373168000145306 ], [ -122.636627999425244, 45.373257999774452 ], [ -122.636589999790417, 45.373385000367811 ], [ -122.63654100028495, 45.373441000514006 ], [ -122.636469999241498, 45.373496000389444 ], [ -122.636390000672165, 45.373524999682694 ], [ -122.636305000283343, 45.373543999342161 ], [ -122.636091000023129, 45.373546999985294 ], [ -122.634257000437387, 45.373547999568565 ], [ -122.634277000528883, 45.37283300019682 ], [ -122.634244000018612, 45.372192000003032 ], [ -122.634223999927116, 45.37211999983753 ], [ -122.634160000353006, 45.371987999611555 ], [ -122.63387599977257, 45.37173400006936 ], [ -122.633487999435033, 45.371506999843611 ], [ -122.633323000476949, 45.371394000461947 ], [ -122.633156000072361, 45.371258000046709 ], [ -122.633019999629923, 45.371133000239645 ], [ -122.63292500009365, 45.37102300025667 ], [ -122.632667999277402, 45.370671000135651 ], [ -122.632389000516454, 45.370284999313405 ], [ -122.632545000152049, 45.370229999470631 ], [ -122.632671999475349, 45.370191999811993 ], [ -122.632833000032178, 45.370156999688561 ], [ -122.632970000299522, 45.3701460004567 ], [ -122.633145000201694, 45.370148000374577 ], [ -122.634099000253613, 45.370256999893535 ], [ -122.635289000307168, 45.370396000370711 ], [ -122.635748999716355, 45.370457000404137 ], [ -122.637114999496958, 45.370616999672279 ], [ -122.637105000349536, 45.371620000261721 ], [ -122.637111000197322, 45.372283000159953 ], [ -122.637142999984363, 45.37237399953937 ], [ -122.637257999612103, 45.372607999795605 ], [ -122.637279000426787, 45.372679000372251 ], [ -122.637276999878679, 45.372750999826089 ] ] ] } },
{ "type": "Feature", "properties": { "census lot building footprint": 0.21202079652199329, "POP20": 31.0, "infrastructure cost adjusted for footprint ($)": 937997.46328511159 }, "geometry": { "type": "Polygon", "coordinates": [ [ [ -122.633028000025845, 45.371363999823032 ], [ -122.632877000413103, 45.371456999921641 ], [ -122.632725999902036, 45.371524000311901 ], [ -122.632496999573178, 45.371599000089383 ], [ -122.63239300071443, 45.371650999750521 ], [ -122.632304000127633, 45.371716000048615 ], [ -122.632102999387911, 45.371904999665524 ], [ -122.631653999849306, 45.371669999408489 ], [ -122.631014999441618, 45.371245999511707 ], [ -122.630879999722424, 45.371091000156682 ], [ -122.630841000262635, 45.371007999525311 ], [ -122.630832000041863, 45.370906000126034 ], [ -122.630838999714527, 45.370808000332019 ], [ -122.631052999974784, 45.370751000470285 ], [ -122.631237000097798, 45.370696999452193 ], [ -122.631761999804354, 45.370508999853058 ], [ -122.632389000516454, 45.370284999313405 ], [ -122.632667999277402, 45.370671000135651 ], [ -122.63292500009365, 45.37102300025667 ], [ -122.633019999629923, 45.371133000239645 ], [ -122.633156000072361, 45.371258000046709 ], [ -122.633028000025845, 45.371363999823032 ] ] ] } },
{ "type": "Feature", "properties": { "census lot building footprint": 0.19843182392594333, "POP20": 13.0, "infrastructure cost adjusted for footprint ($)": 367380.81788739131 }, "geometry": { "type": "Polygon", "coordinates": [ [ [ -122.627852999710129, 45.372272000079427 ], [ -122.62681799946732, 45.372272000079427 ], [ -122.626833000434232, 45.371552000366663 ], [ -122.627887000045291, 45.371557999970918 ], [ -122.627852999710129, 45.372272000079427 ] ] ] } },
{ "type": "Feature", "properties": { "census lot building footprint": 0.12018454724120861, "POP20": 656.0, "infrastructure cost adjusted for footprint ($)": 30614589.883656904 }, "geometry": { "type": "Polygon", "coordinates": [ [ [ -122.63571299973141, 45.374835999702725 ], [ -122.635155000412865, 45.375061000074382 ], [ -122.634262000460282, 45.375506999937457 ], [ -122.63346100056917, 45.375812999823658 ], [ -122.632459999763256, 45.376241999759145 ], [ -122.631898000246792, 45.375784000441691 ], [ -122.631500999688441, 45.375428000201083 ], [ -122.631077000264256, 45.375089999827125 ], [ -122.630870000575001, 45.374939999966131 ], [ -122.630537000489056, 45.374710000668607 ], [ -122.6297210005294, 45.374183000213243 ], [ -122.629531999485167, 45.374048000399654 ], [ -122.629246000153202, 45.373846000179626 ], [ -122.628051999901743, 45.373103000253941 ], [ -122.627928999878108, 45.37296899998006 ], [ -122.627900000464081, 45.372918999457362 ], [ -122.627881000197519, 45.372864999878281 ], [ -122.627852999710129, 45.372272000079427 ], [ -122.627887000045291, 45.371557999970918 ], [ -122.626833000434232, 45.371552000366663 ], [ -122.626848000502847, 45.370896000038975 ], [ -122.625908999621203, 45.370887000211489 ], [ -122.625860000115694, 45.370893999516454 ], [ -122.625840999849132, 45.370909999907965 ], [ -122.625825999780531, 45.371546000130699 ], [ -122.624965999439922, 45.371547999999095 ], [ -122.624885999972278, 45.371555999471816 ], [ -122.624817000375302, 45.371572000307154 ], [ -122.624677999559822, 45.371517999441885 ], [ -122.62382399996531, 45.371123000192654 ], [ -122.623226000463816, 45.370871999443985 ], [ -122.622993000835294, 45.37077399959103 ], [ -122.623050000736725, 45.37066799997104 ], [ -122.623054000036376, 45.370655000307636 ], [ -122.623069000104991, 45.370609000066729 ], [ -122.623084999998483, 45.370508999853058 ], [ -122.623076999602574, 45.370457000404123 ], [ -122.623042000340746, 45.370385999562281 ], [ -122.622999999609689, 45.370340000364791 ], [ -122.622898999327347, 45.370282000390446 ], [ -122.621227000123298, 45.369427999497333 ], [ -122.621080000708531, 45.369326000404243 ], [ -122.62029099961471, 45.368705999583646 ], [ -122.619134999896389, 45.367636999521089 ], [ -122.618625999185085, 45.367151999939296 ], [ -122.619242999851451, 45.366824999841768 ], [ -122.620009999407316, 45.366419000048936 ], [ -122.620057999986216, 45.366384000115339 ], [ -122.620154000245677, 45.366321000054093 ], [ -122.620241000284281, 45.366266000143604 ], [ -122.620314999904153, 45.366225000577209 ], [ -122.62036599995777, 45.366194000007859 ], [ -122.620411000163642, 45.366165000111366 ], [ -122.620438000826141, 45.366150999698952 ], [ -122.620472000263007, 45.366130000651793 ], [ -122.620512000445956, 45.366162000338868 ], [ -122.620858999877299, 45.366492000237443 ], [ -122.621093000228996, 45.366752000082982 ], [ -122.621150999955319, 45.366833999684459 ], [ -122.621179999369318, 45.366885000238661 ], [ -122.621216000252645, 45.366988000277232 ], [ -122.6212630001083, 45.367063000389457 ], [ -122.621342999575972, 45.367146999564099 ], [ -122.621443999858315, 45.367218000053953 ], [ -122.621517999478144, 45.367256000448435 ], [ -122.621621000308622, 45.367294999880038 ], [ -122.622335999985964, 45.367615999763267 ], [ -122.622405000481251, 45.36763999984651 ], [ -122.622459999834518, 45.367651000196808 ], [ -122.622510999888135, 45.367655999896328 ], [ -122.622612999995397, 45.367650000509322 ], [ -122.622702999508746, 45.367626000430327 ], [ -122.622806000339239, 45.367576999921866 ], [ -122.623644000040215, 45.367164000711732 ], [ -122.623741000124639, 45.367214000010925 ], [ -122.624111000020463, 45.367385000019262 ], [ -122.625378000066874, 45.367750999783489 ], [ -122.626647999588016, 45.3681479998505 ], [ -122.626739999649516, 45.368188999916477 ], [ -122.626835999909005, 45.368222000009609 ], [ -122.626954999734636, 45.368253000098605 ], [ -122.627063000588009, 45.368270999959272 ], [ -122.627239000315114, 45.368281999555748 ], [ -122.627328999828478, 45.36827999957189 ], [ -122.627418000415275, 45.368272000266927 ], [ -122.627540999540571, 45.368252000421741 ], [ -122.627931999352839, 45.368165000066192 ], [ -122.629123999954487, 45.367902000092812 ], [ -122.629249000526286, 45.367878999804191 ], [ -122.629375999849557, 45.367865000447189 ], [ -122.629478999781739, 45.367858999820072 ], [ -122.630039999473283, 45.367849999509339 ], [ -122.630063999762754, 45.368385000206061 ], [ -122.630078999831312, 45.369140999649247 ], [ -122.630071000333729, 45.369247000237706 ], [ -122.630023999579763, 45.369383000439832 ], [ -122.629975000074253, 45.36946599966933 ], [ -122.6299640002036, 45.369492000170816 ], [ -122.629958999282437, 45.369504000446831 ], [ -122.629949000135014, 45.369578000094094 ], [ -122.629956999632597, 45.369669999691091 ], [ -122.629996999815575, 45.369763999700972 ], [ -122.630031999975685, 45.369824999784903 ], [ -122.630095999549766, 45.369908000259088 ], [ -122.630153999276104, 45.369962000137185 ], [ -122.630399000396793, 45.370122000174582 ], [ -122.630520000770588, 45.370193000085649 ], [ -122.630647999918835, 45.370277999933009 ], [ -122.630750000026069, 45.370366999473013 ], [ -122.630800000254794, 45.370460999586697 ], [ -122.630847999935369, 45.370642999644744 ], [ -122.630838999714527, 45.370808000332019 ], [ -122.630832000041863, 45.370906000126034 ], [ -122.630841000262635, 45.371007999525311 ], [ -122.630879999722424, 45.371091000156682 ], [ -122.631014999441618, 45.371245999511707 ], [ -122.631653999849306, 45.371669999408489 ], [ -122.632102999387911, 45.371904999665524 ], [ -122.63266600052593, 45.37228500000225 ], [ -122.63274400034372, 45.372349000598199 ], [ -122.63283300003215, 45.372433999729729 ], [ -122.632910000025049, 45.37252500012837 ], [ -122.632963999553425, 45.372600000471621 ], [ -122.633010000482471, 45.372678000142542 ], [ -122.633048000117327, 45.372758000162534 ], [ -122.633077999356217, 45.372839999260982 ], [ -122.633099999995849, 45.372922999728026 ], [ -122.633118999364115, 45.373541999544351 ], [ -122.633105999843636, 45.373614000423728 ], [ -122.633117999539195, 45.373694000381775 ], [ -122.633142999653558, 45.373772000436979 ], [ -122.633182000011615, 45.373847000388665 ], [ -122.633232999166907, 45.373918999617601 ], [ -122.63329599981445, 45.373985000039859 ], [ -122.633370999259185, 45.374046000619714 ], [ -122.63346699951866, 45.374106000298305 ], [ -122.63356100012831, 45.374151000015431 ], [ -122.633661999512341, 45.374187999966416 ], [ -122.633753000647218, 45.374211999785224 ], [ -122.63386400007704, 45.374230999844883 ], [ -122.633992000123527, 45.374242000175485 ], [ -122.634791000364785, 45.374255000276484 ], [ -122.634869999109171, 45.374263000628481 ], [ -122.634962000068981, 45.374279000066899 ], [ -122.635038000236989, 45.374298000104076 ], [ -122.635123999552391, 45.374326000047546 ], [ -122.635205999568157, 45.374360999484153 ], [ -122.635374000695961, 45.374451000369959 ], [ -122.63545100068886, 45.374497000641192 ], [ -122.635542000027115, 45.374590000005256 ], [ -122.635624999867801, 45.374682999847387 ], [ -122.635696999837805, 45.374812999709661 ], [ -122.63571299973141, 45.374835999702725 ] ] ] } },
{ "type": "Feature", "properties": { "census lot building footprint": 0.21227159657981487, "POP20": 30.0, "infrastructure cost adjusted for footprint ($)": 564627.20567445434 }, "geometry": { "type": "Polygon", "coordinates": [ [ [ -122.626833000434232, 45.371552000366663 ], [ -122.625825999780531, 45.371546000130699 ], [ -122.625840999849132, 45.370909999907965 ], [ -122.625860000115694, 45.370893999516454 ], [ -122.625908999621203, 45.370887000211489 ], [ -122.626848000502847, 45.370896000038975 ], [ -122.626833000434232, 45.371552000366663 ] ] ] } },
{ "type": "Feature", "properties": { "census lot building footprint": 0.11142613307347785, "POP20": 20.0, "infrastructure cost adjusted for footprint ($)": 1055051.9976047447 }, "geometry": { "type": "Polygon", "coordinates": [ [ [ -122.626804000121922, 45.373123999867822 ], [ -122.626101999965059, 45.373119000020537 ], [ -122.625835000001345, 45.373083999815307 ], [ -122.625831999628318, 45.372268999999712 ], [ -122.625806999513955, 45.372057000485235 ], [ -122.626245000080189, 45.372272000079448 ], [ -122.62672200010617, 45.372495000089415 ], [ -122.626804000121922, 45.373123999867822 ] ] ] } },
{ "type": "Feature", "properties": { "census lot building footprint": 0.08726872327327341, "POP20": 28.0, "infrastructure cost adjusted for footprint ($)": 980488.14229497651 }, "geometry": { "type": "Polygon", "coordinates": [ [ [ -122.628051999901743, 45.373103000253941 ], [ -122.627890999344942, 45.373041999919003 ], [ -122.62742799956267, 45.372825999869669 ], [ -122.626812000517845, 45.372536999760854 ], [ -122.62672200010617, 45.372495000089415 ], [ -122.626245000080189, 45.372272000079448 ], [ -122.625806999513955, 45.372057000485235 ], [ -122.624817000375302, 45.371572000307154 ], [ -122.624885999972278, 45.371555999471816 ], [ -122.624965999439922, 45.371547999999095 ], [ -122.625825999780531, 45.371546000130699 ], [ -122.626833000434232, 45.371552000366663 ], [ -122.62681799946732, 45.372272000079427 ], [ -122.627852999710129, 45.372272000079427 ], [ -122.627881000197519, 45.372864999878281 ], [ -122.627900000464081, 45.372918999457362 ], [ -122.627928999878108, 45.37296899998006 ], [ -122.628051999901743, 45.373103000253941 ] ] ] } },
{ "type": "Feature", "properties": { "census lot building footprint": 0.21046327858996816, "POP20": 23.0, "infrastructure cost adjusted for footprint ($)": 501532.0295637502 }, "geometry": { "type": "Polygon", "coordinates": [ [ [ -122.625835000001345, 45.373083999815307 ], [ -122.625041000681293, 45.373078999964513 ], [ -122.624840999766434, 45.373080999778665 ], [ -122.62481199945411, 45.372265999919833 ], [ -122.625831999628318, 45.372268999999712 ], [ -122.625835000001345, 45.373083999815307 ] ] ] } },
{ "type": "Feature", "properties": { "census lot building footprint": 0.13810894243632646, "POP20": 79.0, "infrastructure cost adjusted for footprint ($)": 3653513.766197958 }, "geometry": { "type": "Polygon", "coordinates": [ [ [ -122.630537000489056, 45.374710000668607 ], [ -122.627609000210953, 45.374709000474809 ], [ -122.626558000074638, 45.373987000452971 ], [ -122.62629299976075, 45.373814000422186 ], [ -122.626219999965798, 45.373769000436901 ], [ -122.626173999935077, 45.373726999787216 ], [ -122.626145000521106, 45.373680999520708 ], [ -122.62612500042961, 45.373580000107509 ], [ -122.626101999965059, 45.373119000020537 ], [ -122.626804000121922, 45.373123999867822 ], [ -122.62672200010617, 45.372495000089415 ], [ -122.626812000517845, 45.372536999760854 ], [ -122.62742799956267, 45.372825999869669 ], [ -122.627890999344942, 45.373041999919003 ], [ -122.628051999901743, 45.373103000253941 ], [ -122.629246000153202, 45.373846000179626 ], [ -122.629531999485167, 45.374048000399654 ], [ -122.6297210005294, 45.374183000213243 ], [ -122.630537000489056, 45.374710000668607 ] ] ] } },
{ "type": "Feature", "properties": { "census lot building footprint": 0.2043154334639585, "POP20": 38.0, "infrastructure cost adjusted for footprint ($)": 966596.89237529354 }, "geometry": { "type": "Polygon", "coordinates": [ [ [ -122.628656999974282, 45.375438999667729 ], [ -122.626875999193629, 45.375442999760118 ], [ -122.626659000356966, 45.375293000204437 ], [ -122.626455000142471, 45.375142999619833 ], [ -122.625914000542409, 45.374772999589688 ], [ -122.625684999315212, 45.374628000495271 ], [ -122.626286999912992, 45.374185999560368 ], [ -122.626558000074638, 45.373987000452971 ], [ -122.627609000210953, 45.374709000474809 ], [ -122.628579000156449, 45.375354000635447 ], [ -122.628656999974282, 45.375438999667729 ] ] ] } },
{ "type": "Feature", "properties": { "census lot building footprint": 0.10670820143233034, "POP20": 149.0, "infrastructure cost adjusted for footprint ($)": 9257102.7833980657 }, "geometry": { "type": "Polygon", "coordinates": [ [ [ -122.629466000261246, 45.37801899984764 ], [ -122.629438999598747, 45.378128999474306 ], [ -122.629411000009668, 45.37817700017365 ], [ -122.629365999803795, 45.378225999701804 ], [ -122.629293999833791, 45.378279000341259 ], [ -122.629220000213934, 45.3783239998928 ], [ -122.628133000092589, 45.378758999810536 ], [ -122.628030000160436, 45.378807000606017 ], [ -122.627967999337841, 45.378842000424264 ], [ -122.627933999900975, 45.378876000100696 ], [ -122.62790299993884, 45.378918000081121 ], [ -122.627873999626516, 45.378976000032758 ], [ -122.627865000303998, 45.379044999952214 ], [ -122.627864000479079, 45.379125999914748 ], [ -122.625862999590453, 45.379137000555083 ], [ -122.622141999817217, 45.37857399962347 ], [ -122.622169000479715, 45.378487000001606 ], [ -122.622138999444161, 45.378376000311441 ], [ -122.621994000577544, 45.37834500009189 ], [ -122.621772999746256, 45.378403000000318 ], [ -122.621628000879625, 45.378406999883005 ], [ -122.621559000384323, 45.378333999928479 ], [ -122.621628000879625, 45.378047999345519 ], [ -122.621681000583067, 45.377907000363564 ], [ -122.62168900008065, 45.377742999704623 ], [ -122.621681000583067, 45.377582999773054 ], [ -122.621589999448148, 45.377444999436918 ], [ -122.621277000352009, 45.37711299940657 ], [ -122.621268000131195, 45.377097000138988 ], [ -122.62222800003093, 45.376082999536052 ], [ -122.622271999513529, 45.376005999684068 ], [ -122.622300000000962, 45.375943999784376 ], [ -122.622305999848777, 45.375870999805166 ], [ -122.622258000168159, 45.37563500007483 ], [ -122.622193000769158, 45.375412000456677 ], [ -122.622514000261205, 45.375585000016201 ], [ -122.622593999728821, 45.375618999757997 ], [ -122.622674000094776, 45.375640000330691 ], [ -122.622750000262755, 45.375649999578947 ], [ -122.623038000142827, 45.375614999678071 ], [ -122.623286000738261, 45.37556900031624 ], [ -122.623758999667956, 45.375512999753191 ], [ -122.624079000233436, 45.37549000066651 ], [ -122.62466900023729, 45.375481999857037 ], [ -122.625602000372851, 45.375460999856763 ], [ -122.625968000070756, 45.375457999946192 ], [ -122.62615299912035, 45.375869999631966 ], [ -122.626281000065191, 45.376096999383165 ], [ -122.626353999860143, 45.376204999890035 ], [ -122.626390999670065, 45.376349999358062 ], [ -122.626406999563542, 45.376467999747462 ], [ -122.62642099980728, 45.376990000227131 ], [ -122.62643400022607, 45.37748299990141 ], [ -122.626444000271817, 45.377898999896146 ], [ -122.628185999796045, 45.377887000139353 ], [ -122.628569000110673, 45.377892999702574 ], [ -122.629477999956805, 45.377908000500774 ], [ -122.629466000261246, 45.37801899984764 ] ] ] } },
{ "type": "Feature", "properties": { "census lot building footprint": 0.16394676359670293, "POP20": 18.0, "infrastructure cost adjusted for footprint ($)": 1504511.6600147649 }, "geometry": { "type": "Polygon", "coordinates": [ [ [ -122.628490000467991, 45.377112999406592 ], [ -122.628472000026335, 45.377241000325753 ], [ -122.628451000109933, 45.377287999737732 ], [ -122.628420000147798, 45.37733300007789 ], [ -122.628384000162768, 45.377368999693196 ], [ -122.628272999834678, 45.377461999382184 ], [ -122.628233000550054, 45.377510000016706 ], [ -122.628203999339391, 45.37756199992193 ], [ -122.628186999620965, 45.377609000329059 ], [ -122.628178000298433, 45.377657999718508 ], [ -122.628185999796045, 45.377887000139353 ], [ -122.626444000271817, 45.377898999896146 ], [ -122.62643400022607, 45.37748299990141 ], [ -122.62642099980728, 45.376990000227131 ], [ -122.627404999996457, 45.376981999629955 ], [ -122.628491000292883, 45.376973999662681 ], [ -122.628490000467991, 45.377112999406592 ] ] ] } },
{ "type": "Feature", "properties": { "census lot building footprint": 0.16988338783798948, "POP20": 64.0, "infrastructure cost adjusted for footprint ($)": 3832988.3958139252 }, "geometry": { "type": "Polygon", "coordinates": [ [ [ -122.629893000058516, 45.376208000391927 ], [ -122.629879999639726, 45.376658000049453 ], [ -122.629872999967006, 45.376919000014666 ], [ -122.629858000796716, 45.37695000038503 ], [ -122.62982699993627, 45.376971000463421 ], [ -122.629780000080586, 45.37697999995374 ], [ -122.629365999803795, 45.376977999646471 ], [ -122.62871999972343, 45.376974999816426 ], [ -122.628491000292883, 45.376973999662681 ], [ -122.627404999996457, 45.376981999629955 ], [ -122.62642099980728, 45.376990000227131 ], [ -122.626406999563542, 45.376467999747462 ], [ -122.626390999670065, 45.376349999358062 ], [ -122.626353999860143, 45.376204999890035 ], [ -122.626281000065191, 45.376096999383165 ], [ -122.62615299912035, 45.375869999631966 ], [ -122.625968000070756, 45.375457999946192 ], [ -122.626875999193629, 45.375442999760118 ], [ -122.628656999974282, 45.375438999667729 ], [ -122.629897999183086, 45.37544399994092 ], [ -122.629893000058516, 45.376208000391927 ] ] ] } },
{ "type": "Feature", "properties": { "census lot building footprint": 0.15403879752054012, "POP20": 23.0, "infrastructure cost adjusted for footprint ($)": 802947.39330302959 }, "geometry": { "type": "Polygon", "coordinates": [ [ [ -122.631500999688441, 45.375428000201083 ], [ -122.630852999958208, 45.375434999575155 ], [ -122.629913000149983, 45.375445000121722 ], [ -122.629897999183086, 45.37544399994092 ], [ -122.628656999974282, 45.375438999667729 ], [ -122.628579000156449, 45.375354000635447 ], [ -122.627609000210953, 45.374709000474809 ], [ -122.630537000489056, 45.374710000668607 ], [ -122.630870000575001, 45.374939999966131 ], [ -122.631077000264256, 45.375089999827125 ], [ -122.631500999688441, 45.375428000201083 ] ] ] } },
{ "type": "Feature", "properties": { "census lot building footprint": 0.13627740201500727, "POP20": 126.0, "infrastructure cost adjusted for footprint ($)": 6268002.8834098903 }, "geometry": { "type": "Polygon", "coordinates": [ [ [ -122.634062000443706, 45.377898999896146 ], [ -122.633951000115644, 45.377907000363543 ], [ -122.633126999760037, 45.377897999758758 ], [ -122.633121999737142, 45.377680999816455 ], [ -122.633079000079448, 45.377588999999524 ], [ -122.633012999957216, 45.377512000305167 ], [ -122.63289800032949, 45.377403000255384 ], [ -122.632807999917802, 45.377340000478128 ], [ -122.632699999962796, 45.377305999878104 ], [ -122.632604000601603, 45.377287999737732 ], [ -122.632366000051931, 45.3772759998513 ], [ -122.631532000548901, 45.377273000037086 ], [ -122.631042999929036, 45.377270999740126 ], [ -122.630891000491346, 45.377276999999665 ], [ -122.630827000018996, 45.377292999847377 ], [ -122.630757999523681, 45.377318000389153 ], [ -122.630677999157726, 45.377356000308048 ], [ -122.630589000367564, 45.377411000161977 ], [ -122.630540000862112, 45.377462999527296 ], [ -122.630528000268214, 45.377476000149883 ], [ -122.630489999735076, 45.377535999975322 ], [ -122.63046899981866, 45.377610999983041 ], [ -122.630452999925154, 45.377695000529904 ], [ -122.630452999925154, 45.377905000089036 ], [ -122.629477999956805, 45.377908000500774 ], [ -122.628569000110673, 45.377892999702574 ], [ -122.628185999796045, 45.377887000139353 ], [ -122.628178000298433, 45.377657999718508 ], [ -122.628186999620965, 45.377609000329059 ], [ -122.628203999339391, 45.37756199992193 ], [ -122.628233000550054, 45.377510000016706 ], [ -122.628272999834678, 45.377461999382184 ], [ -122.628384000162768, 45.377368999693196 ], [ -122.628420000147798, 45.37733300007789 ], [ -122.628451000109933, 45.377287999737732 ], [ -122.628472000026335, 45.377241000325753 ], [ -122.628490000467991, 45.377112999406592 ], [ -122.628491000292883, 45.376973999662681 ], [ -122.62871999972343, 45.376974999816426 ], [ -122.629365999803795, 45.376977999646471 ], [ -122.629780000080586, 45.37697999995374 ], [ -122.62982699993627, 45.376971000463421 ], [ -122.629858000796716, 45.37695000038503 ], [ -122.629872999967006, 45.376919000014666 ], [ -122.629879999639726, 45.376658000049453 ], [ -122.629893000058516, 45.376208000391927 ], [ -122.629897999183086, 45.37544399994092 ], [ -122.629913000149983, 45.375445000121722 ], [ -122.630852999958208, 45.375434999575155 ], [ -122.631500999688441, 45.375428000201083 ], [ -122.631898000246792, 45.375784000441691 ], [ -122.632459999763256, 45.376241999759145 ], [ -122.632560000220678, 45.376324000116192 ], [ -122.632978000695417, 45.376685999455482 ], [ -122.633551999907482, 45.377190999794152 ], [ -122.634300999920043, 45.377849000577342 ], [ -122.634062000443706, 45.377898999896146 ] ] ] } },
{ "type": "Feature", "properties": { "census lot building footprint": 0.16613752771704299, "POP20": 37.0, "infrastructure cost adjusted for footprint ($)": 1058465.4419668037 }, "geometry": { "type": "Polygon", "coordinates": [ [ [ -122.633126999760037, 45.377897999758758 ], [ -122.632812000115749, 45.377901000170873 ], [ -122.630452999925154, 45.377905000089036 ], [ -122.630452999925154, 45.377695000529904 ], [ -122.63046899981866, 45.377610999983041 ], [ -122.630489999735076, 45.377535999975322 ], [ -122.630528000268214, 45.377476000149883 ], [ -122.630540000862112, 45.377462999527296 ], [ -122.630589000367564, 45.377411000161977 ], [ -122.630677999157726, 45.377356000308048 ], [ -122.630757999523681, 45.377318000389153 ], [ -122.630827000018996, 45.377292999847377 ], [ -122.630891000491346, 45.377276999999665 ], [ -122.631042999929036, 45.377270999740126 ], [ -122.631532000548901, 45.377273000037086 ], [ -122.632366000051931, 45.3772759998513 ], [ -122.632604000601603, 45.377287999737732 ], [ -122.632699999962796, 45.377305999878104 ], [ -122.632807999917802, 45.377340000478128 ], [ -122.63289800032949, 45.377403000255384 ], [ -122.633012999957216, 45.377512000305167 ], [ -122.633079000079448, 45.377588999999524 ], [ -122.633121999737142, 45.377680999816455 ], [ -122.633126999760037, 45.377897999758758 ] ] ] } },
{ "type": "Feature", "properties": { "census lot building footprint": 0.1998063698601478, "POP20": 62.0, "infrastructure cost adjusted for footprint ($)": 1826967.8652275929 }, "geometry": { "type": "Polygon", "coordinates": [ [ [ -122.632796000222228, 45.379140999754839 ], [ -122.627864000479079, 45.379125999914748 ], [ -122.627865000303998, 45.379044999952214 ], [ -122.627873999626516, 45.378976000032758 ], [ -122.62790299993884, 45.378918000081121 ], [ -122.627933999900975, 45.378876000100696 ], [ -122.627967999337841, 45.378842000424264 ], [ -122.628030000160436, 45.378807000606017 ], [ -122.628133000092589, 45.378758999810536 ], [ -122.629220000213934, 45.3783239998928 ], [ -122.62925200000096, 45.378372999924544 ], [ -122.629326000519157, 45.378445999828791 ], [ -122.629371999651582, 45.378478999616227 ], [ -122.629425000253377, 45.378504999760302 ], [ -122.629482000154766, 45.378525999892148 ], [ -122.629544000079036, 45.378539999765415 ], [ -122.629607999653146, 45.378547000016262 ], [ -122.632803999719883, 45.378518999638757 ], [ -122.632796000222228, 45.379140999754839 ] ] ] } },
{ "type": "Feature", "properties": { "census lot building footprint": 0.19221758391547056, "POP20": 40.0, "infrastructure cost adjusted for footprint ($)": 1540744.40423101 }, "geometry": { "type": "Polygon", "coordinates": [ [ [ -122.632803999719883, 45.378518999638757 ], [ -122.629607999653146, 45.378547000016262 ], [ -122.629544000079036, 45.378539999765415 ], [ -122.629482000154766, 45.378525999892148 ], [ -122.629425000253377, 45.378504999760302 ], [ -122.629371999651582, 45.378478999616227 ], [ -122.629326000519157, 45.378445999828791 ], [ -122.62925200000096, 45.378372999924544 ], [ -122.629220000213934, 45.3783239998928 ], [ -122.629293999833791, 45.378279000341259 ], [ -122.629365999803795, 45.378225999701804 ], [ -122.629411000009668, 45.37817700017365 ], [ -122.629438999598747, 45.378128999474306 ], [ -122.629466000261246, 45.37801899984764 ], [ -122.629477999956805, 45.377908000500774 ], [ -122.630452999925154, 45.377905000089036 ], [ -122.632812000115749, 45.377901000170873 ], [ -122.632803999719883, 45.378518999638757 ] ] ] } },
{ "type": "Feature", "properties": { "census lot building footprint": 0.03063062474609524, "POP20": 227.0, "infrastructure cost adjusted for footprint ($)": 34855252.639669932 }, "geometry": { "type": "Polygon", "coordinates": [ [ [ -122.639072999829608, 45.384540999721551 ], [ -122.636747000149242, 45.384462000619003 ], [ -122.635745000416733, 45.384427999885098 ], [ -122.634279000178722, 45.384657000647564 ], [ -122.630935999798908, 45.384669000229401 ], [ -122.629441999971789, 45.385199000144802 ], [ -122.628715999525483, 45.385291000197796 ], [ -122.628425000170637, 45.38534199988149 ], [ -122.628052999726663, 45.385351999937775 ], [ -122.627902000113949, 45.385335000471926 ], [ -122.627633000500396, 45.385252999933485 ], [ -122.627768000219618, 45.385467999830588 ], [ -122.62813899994039, 45.385646000171313 ], [ -122.628589000202183, 45.386236000447539 ], [ -122.62870999967771, 45.386407000355007 ], [ -122.628843000645404, 45.386571999841799 ], [ -122.62903600009092, 45.386739000070804 ], [ -122.62921099999312, 45.38686399945086 ], [ -122.629663000803049, 45.387097999682361 ], [ -122.629780999905478, 45.38716299989018 ], [ -122.63009399989997, 45.388070000126561 ], [ -122.630185999961455, 45.388257000063589 ], [ -122.63021699992359, 45.388345999698274 ], [ -122.630294999741409, 45.388518000112057 ], [ -122.630462000145968, 45.38874400024163 ], [ -122.630496000481159, 45.388801000262774 ], [ -122.630591000017404, 45.388906000018537 ], [ -122.630670000558439, 45.389002000111176 ], [ -122.630761999721656, 45.389125999595223 ], [ -122.631252999991318, 45.390193000535561 ], [ -122.63186799921121, 45.391380000240638 ], [ -122.630638999697993, 45.391368999459132 ], [ -122.630072000158663, 45.391364000594251 ], [ -122.629562000520721, 45.391358999836392 ], [ -122.629517000314877, 45.391257999825974 ], [ -122.629409999286423, 45.391116999721923 ], [ -122.629149999893741, 45.390656000036103 ], [ -122.629066000228164, 45.390526000639689 ], [ -122.629005000128785, 45.390372999710159 ], [ -122.628944000029421, 45.390235999598424 ], [ -122.628891000325964, 45.390091000412383 ], [ -122.628844999396904, 45.389945999592605 ], [ -122.628791999693462, 45.38980100029351 ], [ -122.628631999859891, 45.389201999307346 ], [ -122.628615999966371, 45.389088000016251 ], [ -122.628669999494718, 45.38897299992297 ], [ -122.628852999792826, 45.388672000331901 ], [ -122.628891000325964, 45.388522999859539 ], [ -122.628876000257364, 45.388324999428512 ], [ -122.628799000264465, 45.388091999817249 ], [ -122.628524999729777, 45.387562000528085 ], [ -122.628372000467195, 45.38731799998709 ], [ -122.628180999773207, 45.387108000058916 ], [ -122.626450000119604, 45.38562800016232 ], [ -122.626098999592003, 45.385325999787739 ], [ -122.62541199950374, 45.384833999741765 ], [ -122.625244000172572, 45.384861000132297 ], [ -122.625075999943078, 45.384845999916948 ], [ -122.624901000040907, 45.38480799998441 ], [ -122.624717999742799, 45.384780999568505 ], [ -122.624612999262467, 45.384747000288307 ], [ -122.624542000015694, 45.384723999910065 ], [ -122.624518999551142, 45.38450599964564 ], [ -122.624512000776775, 45.384357000179413 ], [ -122.624435000783933, 45.384234999748152 ], [ -122.624229000021259, 45.384097999901648 ], [ -122.62396200005756, 45.383877000283029 ], [ -122.62396200005756, 45.383727999789912 ], [ -122.624123000614361, 45.383746999806903 ], [ -122.624313000585161, 45.383712999904844 ], [ -122.624282999549607, 45.383621000438481 ], [ -122.624244999914765, 45.383526000708976 ], [ -122.624206999381656, 45.383396000056649 ], [ -122.624176000317803, 45.383182999938406 ], [ -122.624137999784651, 45.382999000392957 ], [ -122.624046000621448, 45.382824000701618 ], [ -122.624030999654551, 45.382697999907002 ], [ -122.624062000514982, 45.382579999899747 ], [ -122.624084000256303, 45.382438999600147 ], [ -122.623931999920345, 45.382300999758485 ], [ -122.623802000223989, 45.382080000055616 ], [ -122.623787000155389, 45.381992000084701 ], [ -122.623459000092311, 45.381938999770888 ], [ -122.623229999763453, 45.381888999607924 ], [ -122.622932000735958, 45.381831999557406 ], [ -122.622817999136501, 45.381748000108772 ], [ -122.622817999136501, 45.381653000386692 ], [ -122.622848999996947, 45.381503999710723 ], [ -122.622954999403873, 45.381305999932586 ], [ -122.623038999967747, 45.381210000019976 ], [ -122.623032000295069, 45.381041999780727 ], [ -122.622993000835294, 45.380855999406691 ], [ -122.622932000735929, 45.380676000212567 ], [ -122.622901999700403, 45.380562000132223 ], [ -122.62288699963176, 45.380463000573201 ], [ -122.622939999335216, 45.380367000491233 ], [ -122.622916999769032, 45.380252999787743 ], [ -122.622856000567978, 45.380177000032383 ], [ -122.622878999235837, 45.380093000648799 ], [ -122.62306200043227, 45.380057999712022 ], [ -122.623084999998468, 45.380165000128088 ], [ -122.623161000166462, 45.380290999627128 ], [ -122.623253000227976, 45.380356000090195 ], [ -122.623229999763453, 45.38048899980496 ], [ -122.623192000128626, 45.38063400027616 ], [ -122.62320700019724, 45.380768000054573 ], [ -122.623267999398294, 45.381008000144753 ], [ -122.62328300036522, 45.381126000278229 ], [ -122.623253000227976, 45.381232999935023 ], [ -122.623222000265869, 45.381420000405754 ], [ -122.623314000327355, 45.381535000091212 ], [ -122.623588999788652, 45.381569000041182 ], [ -122.623726000056038, 45.381527000137119 ], [ -122.623848000254753, 45.381442999604396 ], [ -122.62386300032334, 45.381241000561658 ], [ -122.62386300032334, 45.381152999915898 ], [ -122.623839999858802, 45.381034999838747 ], [ -122.623839999858802, 45.380858999661847 ], [ -122.623832999287828, 45.380714000398662 ], [ -122.623794999652958, 45.380596000036348 ], [ -122.623749000520519, 45.380386000375786 ], [ -122.623734000451933, 45.380259999826464 ], [ -122.623695000093875, 45.380134999725193 ], [ -122.623672000527634, 45.380038999717236 ], [ -122.623588999788652, 45.379837000075213 ], [ -122.623465999764989, 45.379616000205552 ], [ -122.623383000822642, 45.379516999621131 ], [ -122.623275999794217, 45.379417000014861 ], [ -122.62316100016649, 45.379317999713109 ], [ -122.622817999136501, 45.378989999794626 ], [ -122.622634999736718, 45.378834000089071 ], [ -122.622466999507211, 45.378700000144072 ], [ -122.622437000268334, 45.378883000309933 ], [ -122.622505000040348, 45.378966999598084 ], [ -122.622588999705897, 45.379043999835062 ], [ -122.622649999805304, 45.379119999851426 ], [ -122.622673000269828, 45.379222999693859 ], [ -122.622673000269828, 45.379311000188679 ], [ -122.622642999234301, 45.379420999825882 ], [ -122.622573999637353, 45.379562000080362 ], [ -122.622543000573501, 45.379668999542062 ], [ -122.622520000109006, 45.37980299971462 ], [ -122.622581000208342, 45.380035000580968 ], [ -122.622489999971762, 45.380131000595711 ], [ -122.622374999445697, 45.380062000108644 ], [ -122.622321999742255, 45.379948000052146 ], [ -122.622260999642904, 45.379764999547277 ], [ -122.622231000403985, 45.379642000457714 ], [ -122.622192000045928, 45.379374999774178 ], [ -122.622124000273843, 45.379062999533254 ], [ -122.622093000311679, 45.378841000303538 ], [ -122.622115999877948, 45.378658000001721 ], [ -122.622141999817217, 45.37857399962347 ], [ -122.625862999590453, 45.379137000555083 ], [ -122.627864000479079, 45.379125999914748 ], [ -122.632796000222228, 45.379140999754839 ], [ -122.635762999960079, 45.379120999336195 ], [ -122.636327000024664, 45.379599000276819 ], [ -122.636480000185543, 45.379747999663351 ], [ -122.636654000262851, 45.379938000301912 ], [ -122.636819000119274, 45.380192999690507 ], [ -122.636889000439467, 45.380320999947202 ], [ -122.636951000363794, 45.380451999559888 ], [ -122.637001999519057, 45.380585999769728 ], [ -122.637044000250171, 45.38071999966192 ], [ -122.637089000456015, 45.380967000538043 ], [ -122.637126000265937, 45.38110899954161 ], [ -122.63717299922331, 45.381248999925241 ], [ -122.637251999764317, 45.381432000043702 ], [ -122.637456999803717, 45.381823000208307 ], [ -122.638064000424365, 45.382545999926805 ], [ -122.638186999549703, 45.382691999591792 ], [ -122.638311000296596, 45.382812000097246 ], [ -122.638584999932931, 45.383142000016115 ], [ -122.638759999835131, 45.383385000244985 ], [ -122.638820000109604, 45.383499000311737 ], [ -122.638924000764987, 45.383737000097589 ], [ -122.638961000574909, 45.383886999967515 ], [ -122.639072999829608, 45.384540999721551 ] ] ] } },
{ "type": "Feature", "properties": { "census lot building footprint": 0.15862459530262907, "POP20": 29.0, "infrastructure cost adjusted for footprint ($)": 1244222.8736536717 }, "geometry": { "type": "Polygon", "coordinates": [ [ [ -122.635762999960079, 45.379120999336195 ], [ -122.632796000222228, 45.379140999754839 ], [ -122.632803999719883, 45.378518999638757 ], [ -122.632812000115749, 45.377901000170873 ], [ -122.633126999760037, 45.377897999758758 ], [ -122.633951000115644, 45.377907000363543 ], [ -122.634062000443706, 45.377898999896146 ], [ -122.634300999920043, 45.377849000577342 ], [ -122.635644000134377, 45.37900900014187 ], [ -122.635762999960079, 45.379120999336195 ] ] ] } },
{ "type": "Feature", "properties": { "census lot building footprint": 0.1893526957428589, "POP20": 54.0, "infrastructure cost adjusted for footprint ($)": 1078918.8010665148 }, "geometry": { "type": "Polygon", "coordinates": [ [ [ -122.638738999918743, 45.381447999977638 ], [ -122.638656000078072, 45.381553000141544 ], [ -122.63863599998659, 45.381564999751227 ], [ -122.638595999803627, 45.381548999850395 ], [ -122.638511000313144, 45.381498000530684 ], [ -122.637840999943322, 45.380941999716747 ], [ -122.637730000513528, 45.38085999974686 ], [ -122.637663999492972, 45.380796000580325 ], [ -122.637598000269023, 45.380715000486227 ], [ -122.637553999888127, 45.380640999636718 ], [ -122.637218000327422, 45.379950000254382 ], [ -122.637204000083727, 45.379821000316397 ], [ -122.63830599937539, 45.379814000223256 ], [ -122.638282999809178, 45.379867000005163 ], [ -122.638277999786311, 45.379923000042261 ], [ -122.638292000029992, 45.379978999392875 ], [ -122.638321999268911, 45.380030000082819 ], [ -122.638377000418814, 45.380082000194477 ], [ -122.639140999601665, 45.380887000142494 ], [ -122.638738999918743, 45.381447999977638 ] ] ] } },
{ "type": "Feature", "properties": { "census lot building footprint": 0.093814041451839733, "POP20": 496.0, "infrastructure cost adjusted for footprint ($)": 21956638.669524532 }, "geometry": { "type": "Polygon", "coordinates": [ [ [ -122.648194000049457, 45.376564000139226 ], [ -122.647948999827065, 45.376640000333829 ], [ -122.646552999909247, 45.376945000245023 ], [ -122.645324999322582, 45.377377000235619 ], [ -122.644896999700421, 45.377476000149898 ], [ -122.644627000261977, 45.377559999635267 ], [ -122.644493000367689, 45.377601999962167 ], [ -122.643761000073582, 45.378093999845753 ], [ -122.642829999587846, 45.378661999866374 ], [ -122.642395000293007, 45.379004999670805 ], [ -122.642280999591861, 45.379116000019117 ], [ -122.641181999774943, 45.380141999778523 ], [ -122.640311999388587, 45.380520000111026 ], [ -122.639678999726982, 45.381015999541312 ], [ -122.63863399943844, 45.38199599971356 ], [ -122.63819099974765, 45.382263000008095 ], [ -122.638064000424365, 45.382545999926805 ], [ -122.637456999803717, 45.381823000208307 ], [ -122.637251999764317, 45.381432000043702 ], [ -122.63717299922331, 45.381248999925241 ], [ -122.637126000265937, 45.38110899954161 ], [ -122.637089000456015, 45.380967000538043 ], [ -122.637044000250171, 45.38071999966192 ], [ -122.637001999519057, 45.380585999769728 ], [ -122.636951000363794, 45.380451999559888 ], [ -122.636889000439467, 45.380320999947202 ], [ -122.636819000119274, 45.380192999690507 ], [ -122.636654000262851, 45.379938000301912 ], [ -122.636480000185543, 45.379747999663351 ], [ -122.636327000024664, 45.379599000276819 ], [ -122.635762999960079, 45.379120999336195 ], [ -122.635644000134377, 45.37900900014187 ], [ -122.634300999920043, 45.377849000577342 ], [ -122.633551999907482, 45.377190999794152 ], [ -122.632978000695417, 45.376685999455482 ], [ -122.632560000220678, 45.376324000116192 ], [ -122.632792000024281, 45.376192000237246 ], [ -122.632919000245892, 45.376142000040133 ], [ -122.633008999759269, 45.376115999440508 ], [ -122.633117999539195, 45.376095000306663 ], [ -122.633213999798656, 45.376084999875012 ], [ -122.633327000674896, 45.376081999997588 ], [ -122.633300000012397, 45.376283000268046 ], [ -122.633330999974532, 45.376349999358077 ], [ -122.633368999609374, 45.376458000012754 ], [ -122.633455999648035, 45.376622000612493 ], [ -122.633495999830984, 45.376642000653113 ], [ -122.633552999732387, 45.376623999670315 ], [ -122.633597000113312, 45.376575000016004 ], [ -122.633749000449299, 45.376232000615538 ], [ -122.633777999863298, 45.376135999660093 ], [ -122.6338579993309, 45.376146000082763 ], [ -122.633941999894802, 45.376147000251109 ], [ -122.634027000283623, 45.376140999871637 ], [ -122.634109999225984, 45.376129000372806 ], [ -122.634190999416845, 45.37611100048882 ], [ -122.634269000132932, 45.376087999752336 ], [ -122.634342000826209, 45.376057999710312 ], [ -122.634410999524874, 45.376023999601472 ], [ -122.634503999411294, 45.375962999893169 ], [ -122.634575000454717, 45.375901000577386 ], [ -122.634644999876599, 45.375813999997945 ], [ -122.634690999907363, 45.375723000474508 ], [ -122.63488599990103, 45.375485999946427 ], [ -122.634999999703837, 45.375363999934343 ], [ -122.635076999696736, 45.375303999697394 ], [ -122.635162999910449, 45.375257000529508 ], [ -122.635362000102091, 45.375166999664366 ], [ -122.635559999570475, 45.37508299977938 ], [ -122.635818000211685, 45.374988999775198 ], [ -122.636009000007377, 45.374941000155843 ], [ -122.636187000282632, 45.374908999755924 ], [ -122.63636600038275, 45.374896999995713 ], [ -122.636527999866175, 45.374899999936019 ], [ -122.636719000560163, 45.374921000144674 ], [ -122.637081999885012, 45.374988999775191 ], [ -122.637190000738329, 45.375025999808912 ], [ -122.63728700082271, 45.37507100005606 ], [ -122.637464999301358, 45.37517099977596 ], [ -122.637558999910993, 45.375237000630058 ], [ -122.637702000026138, 45.375348000171833 ], [ -122.637255000137387, 45.375596999630439 ], [ -122.63715199930688, 45.375692000062479 ], [ -122.63708800063111, 45.375780000373439 ], [ -122.637050999922849, 45.37585299983904 ], [ -122.637013000288036, 45.376001999631505 ], [ -122.637050000097958, 45.376133000416402 ], [ -122.637076000037226, 45.376198999516703 ], [ -122.637110000372459, 45.376256999733307 ], [ -122.637317999886548, 45.37644899980836 ], [ -122.637399000077423, 45.376503000382442 ], [ -122.637480000268269, 45.376544000702062 ], [ -122.638297999877778, 45.377013999487843 ], [ -122.638458999536269, 45.377057999893772 ], [ -122.638511000313116, 45.377060000198227 ], [ -122.638636999811496, 45.377047000111048 ], [ -122.638699999560686, 45.377033999389788 ], [ -122.638825000132499, 45.37699300068742 ], [ -122.638882999858779, 45.376955999416651 ], [ -122.638941000483442, 45.376907000049968 ], [ -122.638985999790933, 45.376853000492652 ], [ -122.639143999974706, 45.376621000452523 ], [ -122.639280999343768, 45.376681000554157 ], [ -122.639409000288552, 45.376715000267986 ], [ -122.63957999999279, 45.376746000119176 ], [ -122.639790999879978, 45.376760999328596 ], [ -122.64027899977664, 45.376774000112626 ], [ -122.640544000090472, 45.37676099932861 ], [ -122.64080799968113, 45.376727999800558 ], [ -122.640988000504507, 45.376675000231351 ], [ -122.641183000498174, 45.37660100040447 ], [ -122.64180299974096, 45.377142 ], [ -122.642417999859191, 45.377679999675152 ], [ -122.644088000311726, 45.37672699964245 ], [ -122.644118999375578, 45.376694000094517 ], [ -122.644129000319609, 45.376646999557849 ], [ -122.644116999725753, 45.376587999580714 ], [ -122.644091000684782, 45.376549999776728 ], [ -122.642971999878071, 45.375561000149034 ], [ -122.643764999373204, 45.375124999421963 ], [ -122.644000999374782, 45.375025999808912 ], [ -122.644264999863722, 45.374921000144695 ], [ -122.644693000384223, 45.374764999940929 ], [ -122.645198999824203, 45.375449000213663 ], [ -122.645258000273742, 45.375511000656068 ], [ -122.645336000091561, 45.37557999975553 ], [ -122.645690000093879, 45.375718000225987 ], [ -122.646168999769642, 45.375843999538333 ], [ -122.646680999955763, 45.375968000120025 ], [ -122.647250000043201, 45.376094000137357 ], [ -122.647440000014029, 45.376115999440501 ], [ -122.647607999345226, 45.376110000319798 ], [ -122.647629999984886, 45.376109000150763 ], [ -122.647702000853172, 45.376098999721599 ], [ -122.647819000130767, 45.37606999985519 ], [ -122.648053000482491, 45.375987999760902 ], [ -122.648112999858583, 45.376142000040097 ], [ -122.648145000543948, 45.37624900029445 ], [ -122.64817000065834, 45.376356999880038 ], [ -122.648187000376765, 45.37646600068409 ], [ -122.648194000049457, 45.376564000139226 ] ], [ [ -122.639140999601665, 45.380887000142494 ], [ -122.638377000418814, 45.380082000194477 ], [ -122.638321999268911, 45.380030000082819 ], [ -122.638292000029992, 45.379978999392875 ], [ -122.638277999786311, 45.379923000042261 ], [ -122.638282999809178, 45.379867000005163 ], [ -122.63830599937539, 45.379814000223256 ], [ -122.637204000083727, 45.379821000316397 ], [ -122.637218000327422, 45.379950000254382 ], [ -122.637553999888127, 45.380640999636718 ], [ -122.637598000269023, 45.380715000486227 ], [ -122.637663999492972, 45.380796000580325 ], [ -122.637730000513528, 45.38085999974686 ], [ -122.637840999943322, 45.380941999716747 ], [ -122.638511000313144, 45.381498000530684 ], [ -122.638595999803627, 45.381548999850395 ], [ -122.63863599998659, 45.381564999751227 ], [ -122.638656000078072, 45.381553000141544 ], [ -122.638738999918743, 45.381447999977638 ], [ -122.639140999601665, 45.380887000142494 ] ] ] } },
{ "type": "Feature", "properties": { "census lot building footprint": 0.15603187233630092, "POP20": 138.0, "infrastructure cost adjusted for footprint ($)": 2876273.7589293825 }, "geometry": { "type": "Polygon", "coordinates": [ [ [ -122.641764000281199, 45.383984999810586 ], [ -122.640488000013988, 45.3839849998106 ], [ -122.640525000722235, 45.384081000058671 ], [ -122.6405440000905, 45.384172999407397 ], [ -122.640600999991904, 45.384272000041221 ], [ -122.64071700034286, 45.384375999984961 ], [ -122.64084600021431, 45.384478000326325 ], [ -122.640297000218268, 45.384872000287743 ], [ -122.640272999928854, 45.384907000137069 ], [ -122.640273999753774, 45.384936999900589 ], [ -122.640315999586562, 45.384994999987079 ], [ -122.640447000006091, 45.385106000563141 ], [ -122.640523999999019, 45.385183000641511 ], [ -122.640538000242714, 45.385255999955248 ], [ -122.640513000128365, 45.385318000370084 ], [ -122.640569000204849, 45.385367000018888 ], [ -122.640637999801825, 45.385438999721956 ], [ -122.640734000061272, 45.385529000010457 ], [ -122.640058999668597, 45.385895999703507 ], [ -122.63918400015767, 45.38495499949866 ], [ -122.639072999829608, 45.384540999721551 ], [ -122.638961000574909, 45.383886999967515 ], [ -122.638924000764987, 45.383737000097589 ], [ -122.638820000109604, 45.383499000311737 ], [ -122.638759999835131, 45.383385000244985 ], [ -122.638584999932931, 45.383142000016115 ], [ -122.638847000772117, 45.383021999580187 ], [ -122.639117000210533, 45.382923999329655 ], [ -122.639255000302768, 45.382882999850487 ], [ -122.639469000563054, 45.382856000408012 ], [ -122.64069800007627, 45.382861000025315 ], [ -122.641350999829342, 45.382755999766871 ], [ -122.64143900059122, 45.382785000620885 ], [ -122.641594000401895, 45.382820000500452 ], [ -122.641703000181849, 45.382833999941475 ], [ -122.641712000402691, 45.382934999862002 ], [ -122.641739000166822, 45.383034000140029 ], [ -122.641760000083252, 45.383587999866478 ], [ -122.641764000281199, 45.383984999810586 ] ] ] } },
{ "type": "Feature", "properties": { "census lot building footprint": 0.482963746949852, "POP20": 104.0, "infrastructure cost adjusted for footprint ($)": 333985.60719073331 }, "geometry": { "type": "Polygon", "coordinates": [ [ [ -122.641801000091121, 45.384734000075639 ], [ -122.641778999451518, 45.384833999741751 ], [ -122.641727000471292, 45.384932999848886 ], [ -122.641679999717326, 45.384993999975215 ], [ -122.641634000584901, 45.385039999871751 ], [ -122.641581999808025, 45.385081000310308 ], [ -122.641524000081702, 45.385119000059333 ], [ -122.640734000061272, 45.385529000010457 ], [ -122.640637999801825, 45.385438999721956 ], [ -122.640569000204849, 45.385367000018888 ], [ -122.640513000128365, 45.385318000370084 ], [ -122.640538000242714, 45.385255999955248 ], [ -122.640523999999019, 45.385183000641511 ], [ -122.640447000006091, 45.385106000563141 ], [ -122.640315999586562, 45.384994999987079 ], [ -122.640273999753774, 45.384936999900589 ], [ -122.640272999928854, 45.384907000137069 ], [ -122.640297000218268, 45.384872000287743 ], [ -122.64084600021431, 45.384478000326325 ], [ -122.64071700034286, 45.384375999984961 ], [ -122.640600999991904, 45.384272000041221 ], [ -122.6405440000905, 45.384172999407397 ], [ -122.640525000722235, 45.384081000058671 ], [ -122.640488000013988, 45.3839849998106 ], [ -122.641764000281199, 45.383984999810586 ], [ -122.641777999626612, 45.384365999756007 ], [ -122.641786999847426, 45.384596000157657 ], [ -122.641801000091121, 45.384669000229394 ], [ -122.641801000091121, 45.384734000075639 ] ] ] } },
{ "type": "Feature", "properties": { "census lot building footprint": 0.12659333125897587, "POP20": 40.0, "infrastructure cost adjusted for footprint ($)": 2783721.1405126234 }, "geometry": { "type": "Polygon", "coordinates": [ [ [ -122.639895000535375, 45.389181000617398 ], [ -122.63885699991954, 45.389279999420317 ], [ -122.638775999728679, 45.389281999923256 ], [ -122.638665000298886, 45.38926900012266 ], [ -122.638560999643516, 45.389237000261041 ], [ -122.638471999955058, 45.389187999550686 ], [ -122.638400999809946, 45.389125999595215 ], [ -122.638369000022891, 45.389080000500115 ], [ -122.638343999908543, 45.389026000582 ], [ -122.638333999862809, 45.38897499980586 ], [ -122.638337000235836, 45.388917999960157 ], [ -122.638348999931395, 45.388872999377277 ], [ -122.638369000022891, 45.388830000539286 ], [ -122.638445000190899, 45.388737999937227 ], [ -122.638488999673484, 45.388655999288076 ], [ -122.638534000777611, 45.388544000055738 ], [ -122.638538000077304, 45.388448999766879 ], [ -122.638224000257935, 45.387258999788642 ], [ -122.639554999878428, 45.387234999829317 ], [ -122.639876000268771, 45.388982999967759 ], [ -122.639895000535375, 45.389181000617398 ] ] ] } },
{ "type": "Feature", "properties": { "census lot building footprint": 0.10493127142168275, "POP20": 316.0, "infrastructure cost adjusted for footprint ($)": 31247690.691226933 }, "geometry": { "type": "Polygon", "coordinates": [ [ [ -122.641209999364023, 45.387201000132364 ], [ -122.641059999576214, 45.387214999750277 ], [ -122.639554999878428, 45.387234999829317 ], [ -122.638224000257935, 45.387258999788642 ], [ -122.635632999365427, 45.387267000193397 ], [ -122.635525000308718, 45.387272999392216 ], [ -122.635119000427835, 45.387293999421907 ], [ -122.634818999953865, 45.387335000118391 ], [ -122.63450500013451, 45.387401000023011 ], [ -122.633779999513081, 45.387718000125517 ], [ -122.633649999816754, 45.387742999843013 ], [ -122.633301999662237, 45.387758000551429 ], [ -122.632802999894906, 45.387764999660988 ], [ -122.632506000692331, 45.387777999807483 ], [ -122.632434999648879, 45.387790999950965 ], [ -122.632366999876822, 45.387826999847519 ], [ -122.632309000150499, 45.387902000084026 ], [ -122.632280999663109, 45.387957999733132 ], [ -122.632265999594495, 45.388000999865355 ], [ -122.632260999571628, 45.388051999627699 ], [ -122.632246000401338, 45.388108000389877 ], [ -122.632239999655212, 45.38815700014387 ], [ -122.632243999853188, 45.388214000126126 ], [ -122.632256999373681, 45.388269999466068 ], [ -122.632275000713634, 45.388317000435222 ], [ -122.632321999671007, 45.388371999721059 ], [ -122.632383999595277, 45.388430000068496 ], [ -122.63252199968754, 45.3885280002374 ], [ -122.632744000343692, 45.388720999596984 ], [ -122.632850999575524, 45.388841999866145 ], [ -122.632927999568395, 45.388980000143803 ], [ -122.632962999728505, 45.389085999506484 ], [ -122.633311999707942, 45.389842000433219 ], [ -122.633231000415407, 45.389870999544719 ], [ -122.633161999920119, 45.389918000444361 ], [ -122.633118999364115, 45.389973999988719 ], [ -122.633100999820741, 45.390040000597196 ], [ -122.63320100027822, 45.390820000459229 ], [ -122.63322500056762, 45.390878000187257 ], [ -122.633256999456364, 45.3909270000633 ], [ -122.633297999464261, 45.390972000272626 ], [ -122.633366999959534, 45.391031000380536 ], [ -122.633397000096792, 45.391067000106119 ], [ -122.633422000211112, 45.391115999818339 ], [ -122.633433000081794, 45.391161999779911 ], [ -122.633426000409116, 45.391236000105806 ], [ -122.633407000142526, 45.391294999938161 ], [ -122.633372999807321, 45.39133999985448 ], [ -122.633341999845186, 45.391366000392573 ], [ -122.633290999791569, 45.3913869995325 ], [ -122.633100999820741, 45.391379000341743 ], [ -122.63186799921121, 45.391380000240638 ], [ -122.631252999991318, 45.390193000535561 ], [ -122.630761999721656, 45.389125999595223 ], [ -122.630670000558439, 45.389002000111176 ], [ -122.630591000017404, 45.388906000018537 ], [ -122.630496000481159, 45.388801000262774 ], [ -122.630462000145968, 45.38874400024163 ], [ -122.630294999741409, 45.388518000112057 ], [ -122.63021699992359, 45.388345999698274 ], [ -122.630185999961455, 45.388257000063589 ], [ -122.63009399989997, 45.388070000126561 ], [ -122.629780999905478, 45.38716299989018 ], [ -122.629663000803049, 45.387097999682361 ], [ -122.62921099999312, 45.38686399945086 ], [ -122.62903600009092, 45.386739000070804 ], [ -122.628843000645404, 45.386571999841799 ], [ -122.62870999967771, 45.386407000355007 ], [ -122.628589000202183, 45.386236000447539 ], [ -122.62813899994039, 45.385646000171313 ], [ -122.627768000219618, 45.385467999830588 ], [ -122.627633000500396, 45.385252999933485 ], [ -122.627902000113949, 45.385335000471926 ], [ -122.628052999726663, 45.385351999937775 ], [ -122.628425000170637, 45.38534199988149 ], [ -122.628715999525483, 45.385291000197796 ], [ -122.629441999971789, 45.385199000144802 ], [ -122.630935999798908, 45.384669000229401 ], [ -122.634279000178722, 45.384657000647564 ], [ -122.635745000416733, 45.384427999885098 ], [ -122.636747000149242, 45.384462000619003 ], [ -122.639072999829608, 45.384540999721551 ], [ -122.63918400015767, 45.38495499949866 ], [ -122.640058999668597, 45.385895999703507 ], [ -122.641365999897957, 45.387153000154242 ], [ -122.641209999364023, 45.387201000132364 ] ] ] } },
{ "type": "Feature", "properties": { "census lot building footprint": 0.10777313495962007, "POP20": 105.0, "infrastructure cost adjusted for footprint ($)": 5113421.1605658019 }, "geometry": { "type": "Polygon", "coordinates": [ [ [ -122.63994199949272, 45.38970000002233 ], [ -122.639932000345297, 45.389809999634295 ], [ -122.639918999926508, 45.389896000202626 ], [ -122.639830000238049, 45.390496000057148 ], [ -122.639661000183651, 45.391980000112596 ], [ -122.63864600003231, 45.391871000198229 ], [ -122.638442999642734, 45.3916399998527 ], [ -122.638327000190102, 45.391534000232951 ], [ -122.637271999855784, 45.390295999761875 ], [ -122.637203000258836, 45.390215000661691 ], [ -122.635814000013738, 45.388582999948781 ], [ -122.634818999953865, 45.387335000118391 ], [ -122.635119000427835, 45.387293999421907 ], [ -122.635525000308718, 45.387272999392216 ], [ -122.635632999365427, 45.387267000193397 ], [ -122.638224000257935, 45.387258999788642 ], [ -122.638538000077304, 45.388448999766879 ], [ -122.638534000777611, 45.388544000055738 ], [ -122.638488999673484, 45.388655999288076 ], [ -122.638445000190899, 45.388737999937227 ], [ -122.638369000022891, 45.388830000539286 ], [ -122.638348999931395, 45.388872999377277 ], [ -122.638337000235836, 45.388917999960157 ], [ -122.638333999862809, 45.38897499980586 ], [ -122.638343999908543, 45.389026000582 ], [ -122.638369000022891, 45.389080000500115 ], [ -122.638400999809946, 45.389125999595215 ], [ -122.638471999955058, 45.389187999550686 ], [ -122.638560999643516, 45.389237000261041 ], [ -122.638665000298886, 45.38926900012266 ], [ -122.638775999728679, 45.389281999923256 ], [ -122.63885699991954, 45.389279999420317 ], [ -122.639895000535375, 45.389181000617398 ], [ -122.639921999401238, 45.389425000056029 ], [ -122.639948000238817, 45.389534999572255 ], [ -122.63994199949272, 45.38970000002233 ] ] ] } },
{ "type": "Feature", "properties": { "census lot building footprint": 0.034913007697804192, "POP20": 31.0, "infrastructure cost adjusted for footprint ($)": 8475015.0188700892 }, "geometry": { "type": "Polygon", "coordinates": [ [ [ -122.637271999855784, 45.390295999761875 ], [ -122.637182000342435, 45.390274999585749 ], [ -122.636881000043545, 45.390202999733681 ], [ -122.636736000278589, 45.390160999935347 ], [ -122.636624000125607, 45.390123999711626 ], [ -122.636527000041227, 45.390080999932671 ], [ -122.636430000855171, 45.39002099954098 ], [ -122.636314999430823, 45.389928999615712 ], [ -122.635632999365399, 45.389505000356316 ], [ -122.635567999966426, 45.389471000132126 ], [ -122.635494999273163, 45.389444999983958 ], [ -122.63541699945533, 45.389429000420691 ], [ -122.635336999987729, 45.389421999624595 ], [ -122.635279999187986, 45.389422999558128 ], [ -122.635216000512216, 45.389430000354096 ], [ -122.635108999483791, 45.389457999744096 ], [ -122.635014999772437, 45.389502999861222 ], [ -122.634938999604458, 45.389562000240907 ], [ -122.634413000072968, 45.390351000276375 ], [ -122.633645999618793, 45.389923000698829 ], [ -122.633571999998964, 45.389875999803387 ], [ -122.633514000272612, 45.389854000176193 ], [ -122.633446999427193, 45.389839999950134 ], [ -122.633376000180377, 45.389836000245374 ], [ -122.633311999707942, 45.389842000433219 ], [ -122.632962999728505, 45.389085999506484 ], [ -122.632927999568395, 45.388980000143803 ], [ -122.632850999575524, 45.388841999866145 ], [ -122.632744000343692, 45.388720999596984 ], [ -122.63252199968754, 45.3885280002374 ], [ -122.632383999595277, 45.388430000068496 ], [ -122.632321999671007, 45.388371999721059 ], [ -122.632275000713634, 45.388317000435222 ], [ -122.632256999373681, 45.388269999466068 ], [ -122.632243999853188, 45.388214000126126 ], [ -122.632239999655212, 45.38815700014387 ], [ -122.632246000401338, 45.388108000389877 ], [ -122.632260999571628, 45.388051999627699 ], [ -122.632265999594495, 45.388000999865355 ], [ -122.632280999663109, 45.387957999733132 ], [ -122.632309000150499, 45.387902000084026 ], [ -122.632366999876822, 45.387826999847519 ], [ -122.632434999648879, 45.387790999950965 ], [ -122.632506000692331, 45.387777999807483 ], [ -122.632802999894906, 45.387764999660988 ], [ -122.633301999662237, 45.387758000551429 ], [ -122.633649999816754, 45.387742999843013 ], [ -122.633779999513081, 45.387718000125517 ], [ -122.63450500013451, 45.387401000023011 ], [ -122.634818999953865, 45.387335000118391 ], [ -122.635814000013738, 45.388582999948781 ], [ -122.637203000258836, 45.390215000661691 ], [ -122.637271999855784, 45.390295999761875 ] ] ] } },
{ "type": "Feature", "properties": { "census lot building footprint": 0.15226602768731656, "POP20": 16.0, "infrastructure cost adjusted for footprint ($)": 644139.77047729003 }, "geometry": { "type": "Polygon", "coordinates": [ [ [ -122.637394999879476, 45.392717000030757 ], [ -122.635201000443587, 45.392765000330606 ], [ -122.634712000722075, 45.391545999616596 ], [ -122.636098000594146, 45.391530999913435 ], [ -122.637394999879476, 45.392717000030757 ] ] ] } },
{ "type": "Feature", "properties": { "census lot building footprint": 0.087033025119482785, "POP20": 20.0, "infrastructure cost adjusted for footprint ($)": 1502291.9629263587 }, "geometry": { "type": "Polygon", "coordinates": [ [ [ -122.638008000347867, 45.391429999579564 ], [ -122.637836999745332, 45.391396999781094 ], [ -122.637658000543524, 45.391371999787175 ], [ -122.637358000069554, 45.391313999935285 ], [ -122.637252999589236, 45.391270999799957 ], [ -122.637114999496958, 45.391170000263138 ], [ -122.63700900009006, 45.391086000179783 ], [ -122.636976999404709, 45.391066000201647 ], [ -122.636895000287254, 45.391015000635363 ], [ -122.636801999502509, 45.390972000272626 ], [ -122.636532999889027, 45.390866000030826 ], [ -122.636171000389069, 45.390733000124769 ], [ -122.636059999162669, 45.390664000590924 ], [ -122.635951000281054, 45.390617000311657 ], [ -122.635834000105177, 45.390581000299463 ], [ -122.635695000188008, 45.390554000117568 ], [ -122.635615999646987, 45.390546000178048 ], [ -122.634990999482994, 45.390540999978704 ], [ -122.634795999489313, 45.390525000094755 ], [ -122.634704000326124, 45.390505000548991 ], [ -122.634619999762222, 45.390472999494563 ], [ -122.634556000188141, 45.390443000145581 ], [ -122.634413000072968, 45.390351000276375 ], [ -122.634938999604458, 45.389562000240907 ], [ -122.635014999772437, 45.389502999861222 ], [ -122.635108999483791, 45.389457999744096 ], [ -122.635216000512216, 45.389430000354096 ], [ -122.635279999187986, 45.389422999558128 ], [ -122.635336999987729, 45.389421999624595 ], [ -122.63541699945533, 45.389429000420691 ], [ -122.635494999273163, 45.389444999983958 ], [ -122.635567999966426, 45.389471000132126 ], [ -122.635632999365399, 45.389505000356316 ], [ -122.636314999430823, 45.389928999615712 ], [ -122.636430000855171, 45.39002099954098 ], [ -122.636527000041227, 45.390080999932671 ], [ -122.636624000125607, 45.390123999711626 ], [ -122.636736000278589, 45.390160999935347 ], [ -122.636881000043545, 45.390202999733681 ], [ -122.637182000342435, 45.390274999585749 ], [ -122.637271999855784, 45.390295999761875 ], [ -122.638327000190102, 45.391534000232951 ], [ -122.638008000347867, 45.391429999579564 ] ] ] } },
{ "type": "Feature", "properties": { "census lot building footprint": 0.11491093122406622, "POP20": 59.0, "infrastructure cost adjusted for footprint ($)": 4878261.5797842043 }, "geometry": { "type": "Polygon", "coordinates": [ [ [ -122.639558000251483, 45.392877000030666 ], [ -122.639513999870559, 45.393267999890604 ], [ -122.63905900048421, 45.393311000399017 ], [ -122.638900000475559, 45.393317999451732 ], [ -122.638739999743663, 45.393337999894648 ], [ -122.638656000078072, 45.393360999922081 ], [ -122.638528000031556, 45.393462999821388 ], [ -122.638466000107243, 45.393518999638324 ], [ -122.638252999671906, 45.39371099976097 ], [ -122.638212999488957, 45.393761000191795 ], [ -122.638007000522975, 45.393919000051383 ], [ -122.637882999776124, 45.393988000027129 ], [ -122.637658999470077, 45.39405999947315 ], [ -122.637541000367648, 45.39407600024883 ], [ -122.63742200054196, 45.394075000397613 ], [ -122.636715000362216, 45.39399200006882 ], [ -122.637131000288832, 45.393820000542455 ], [ -122.637218000327437, 45.393775000077433 ], [ -122.637285000274602, 45.393729999576621 ], [ -122.637363999917326, 45.393663000264553 ], [ -122.637443000458347, 45.393569000239069 ], [ -122.637669000414164, 45.393355000738666 ], [ -122.63775100042993, 45.393238999367846 ], [ -122.637756000452796, 45.393160000435223 ], [ -122.63773800001114, 45.393096000053127 ], [ -122.637394999879476, 45.392717000030757 ], [ -122.636098000594146, 45.391530999913435 ], [ -122.63601600057838, 45.391455000178709 ], [ -122.635962000151693, 45.39138899996091 ], [ -122.635920000318904, 45.391313999935264 ], [ -122.635892999656392, 45.391232999770544 ], [ -122.635894000379665, 45.39115000031471 ], [ -122.635921999968744, 45.391071000354565 ], [ -122.63600199943636, 45.390961000042495 ], [ -122.636127000008145, 45.390806999750652 ], [ -122.636171000389069, 45.390733000124769 ], [ -122.636532999889027, 45.390866000030826 ], [ -122.636801999502509, 45.390972000272626 ], [ -122.636895000287254, 45.391015000635363 ], [ -122.636976999404709, 45.391066000201647 ], [ -122.63700900009006, 45.391086000179783 ], [ -122.637114999496958, 45.391170000263138 ], [ -122.637252999589236, 45.391270999799957 ], [ -122.637358000069554, 45.391313999935285 ], [ -122.637658000543524, 45.391371999787175 ], [ -122.637836999745332, 45.391396999781094 ], [ -122.638008000347867, 45.391429999579564 ], [ -122.638327000190102, 45.391534000232951 ], [ -122.638442999642734, 45.3916399998527 ], [ -122.63864600003231, 45.391871000198229 ], [ -122.639661000183651, 45.391980000112596 ], [ -122.639558000251483, 45.392877000030666 ] ] ] } },
{ "type": "Feature", "properties": { "census lot building footprint": 0.12375103589410215, "POP20": 96.0, "infrastructure cost adjusted for footprint ($)": 5496856.7087293239 }, "geometry": { "type": "Polygon", "coordinates": [ [ [ -122.640018999485619, 45.395364000199834 ], [ -122.63952700028932, 45.395872999514836 ], [ -122.639011999730229, 45.396198000445374 ], [ -122.638828999432107, 45.396284999936718 ], [ -122.638699999560657, 45.396221000570449 ], [ -122.638230000105693, 45.396016000003151 ], [ -122.637779999843929, 45.395845999968692 ], [ -122.637036999679168, 45.395565999873149 ], [ -122.636939999594787, 45.39552000034206 ], [ -122.636876000020706, 45.395474999969181 ], [ -122.636824000142155, 45.395422999507694 ], [ -122.636755000545165, 45.395310999806853 ], [ -122.636651999714715, 45.395191999802691 ], [ -122.636594999813283, 45.395149000725489 ], [ -122.636532000064108, 45.395112999815247 ], [ -122.636436999629538, 45.395069000213503 ], [ -122.636264000275503, 45.394996999529774 ], [ -122.636039000144592, 45.394917999900485 ], [ -122.635619999844934, 45.39474399972876 ], [ -122.635562999943531, 45.394694000167583 ], [ -122.635531999981396, 45.394637000412082 ], [ -122.635530000331585, 45.394575000125784 ], [ -122.635539999478979, 45.394543000114204 ], [ -122.635557999920664, 45.394512999771464 ], [ -122.635634000088643, 45.394469999546814 ], [ -122.635762999960079, 45.394417000207824 ], [ -122.636715000362216, 45.39399200006882 ], [ -122.63742200054196, 45.394075000397613 ], [ -122.637541000367648, 45.39407600024883 ], [ -122.637658999470077, 45.39405999947315 ], [ -122.637882999776124, 45.393988000027129 ], [ -122.638007000522975, 45.393919000051383 ], [ -122.638212999488957, 45.393761000191795 ], [ -122.638252999671906, 45.39371099976097 ], [ -122.638466000107243, 45.393518999638324 ], [ -122.638528000031556, 45.393462999821388 ], [ -122.638656000078072, 45.393360999922081 ], [ -122.638739999743663, 45.393337999894648 ], [ -122.638900000475559, 45.393317999451732 ], [ -122.63905900048421, 45.393311000399017 ], [ -122.639513999870559, 45.393267999890604 ], [ -122.640664999566013, 45.395085999905973 ], [ -122.640018999485619, 45.395364000199834 ] ] ] } },
{ "type": "Feature", "properties": { "census lot building footprint": 0.10606768259098903, "POP20": 86.0, "infrastructure cost adjusted for footprint ($)": 5274042.7266491149 }, "geometry": { "type": "Polygon", "coordinates": [ [ [ -122.643141999757404, 45.398789999857527 ], [ -122.642979000449074, 45.398736000386037 ], [ -122.642722000531137, 45.398947000399069 ], [ -122.642527000537456, 45.39911699993511 ], [ -122.6426070000051, 45.399471000362581 ], [ -122.642617999875725, 45.399544000146406 ], [ -122.642294999835542, 45.39955300045883 ], [ -122.642089999796141, 45.39955899961506 ], [ -122.641693000136115, 45.399487000236867 ], [ -122.641548000371145, 45.399501999720648 ], [ -122.641173999379049, 45.39961599945196 ], [ -122.640602000715106, 45.399467000077905 ], [ -122.639869999522716, 45.399161999930776 ], [ -122.639686999224622, 45.399112999625416 ], [ -122.639502999999891, 45.399100999956062 ], [ -122.639318999876878, 45.399143000049122 ], [ -122.639121999335075, 45.399188999784812 ], [ -122.638962000399829, 45.399139000371974 ], [ -122.638855000269686, 45.399029000624999 ], [ -122.638541999376926, 45.398566999475456 ], [ -122.638353000129371, 45.39832999945957 ], [ -122.638167999283112, 45.398097999873116 ], [ -122.638100000409381, 45.397957000433955 ], [ -122.638076999944843, 45.397807999839017 ], [ -122.638153000112823, 45.39763599994221 ], [ -122.638092000013458, 45.397484000389738 ], [ -122.637951000446463, 45.397277999563535 ], [ -122.641444999540667, 45.396294999949397 ], [ -122.641490999571431, 45.39636399954734 ], [ -122.641552000569106, 45.396456999530301 ], [ -122.642612000027967, 45.397947000084613 ], [ -122.642901000631255, 45.398460000458982 ], [ -122.64322299994825, 45.398816999889327 ], [ -122.643141999757404, 45.398789999857527 ] ] ] } },
{ "type": "Feature", "properties": { "census lot building footprint": 0.10810295679221789, "POP20": 170.0, "infrastructure cost adjusted for footprint ($)": 10906081.535802126 }, "geometry": { "type": "Polygon", "coordinates": [ [ [ -122.641444999540667, 45.396294999949397 ], [ -122.637951000446463, 45.397277999563535 ], [ -122.637877999753229, 45.397170999998565 ], [ -122.637589000048209, 45.396632999716715 ], [ -122.63743599988733, 45.396514999781296 ], [ -122.636818000294355, 45.396351000114038 ], [ -122.636597000361419, 45.396271000042098 ], [ -122.636383000101191, 45.396175000310926 ], [ -122.635880000135955, 45.395854999608567 ], [ -122.635002000251959, 45.395640999933441 ], [ -122.634674000188909, 45.39550399997529 ], [ -122.634616000462572, 45.395456999936137 ], [ -122.634421999395556, 45.395298000131334 ], [ -122.634154999431829, 45.394817000572971 ], [ -122.634010000565183, 45.394664999745814 ], [ -122.633812000198461, 45.394562000280928 ], [ -122.633423000036032, 45.39462699947515 ], [ -122.633278000271076, 45.394562000280928 ], [ -122.633202000103097, 45.394466000169693 ], [ -122.633202000103097, 45.394165000183122 ], [ -122.633056999439802, 45.394069999879655 ], [ -122.632926999743489, 45.394149999913374 ], [ -122.632720999879169, 45.394329000517111 ], [ -122.632590999284503, 45.394501000386917 ], [ -122.632324000219143, 45.394496999750316 ], [ -122.631647000176642, 45.394288000478241 ], [ -122.631347999527563, 45.394195999928876 ], [ -122.630959000263431, 45.394047000140709 ], [ -122.630585000169646, 45.393875000150828 ], [ -122.63021899957343, 45.393657999710115 ], [ -122.629996999815575, 45.393374999275977 ], [ -122.630005000211497, 45.393199999533287 ], [ -122.630142000478827, 45.393082000630166 ], [ -122.630546999636451, 45.393062999334944 ], [ -122.631027000035516, 45.393158000069555 ], [ -122.631499999863522, 45.393452000706922 ], [ -122.631789999393433, 45.39349000050602 ], [ -122.632003999653648, 45.393425000004108 ], [ -122.632011000224693, 45.393307000309079 ], [ -122.631950000125315, 45.393191999968323 ], [ -122.631858999888706, 45.393088999711253 ], [ -122.631598999597713, 45.392913999713798 ], [ -122.630707000368361, 45.392380000694111 ], [ -122.630149999976453, 45.392101000344269 ], [ -122.629875000515142, 45.391891000522364 ], [ -122.629683999821154, 45.391636000275376 ], [ -122.629562000520721, 45.391358999836392 ], [ -122.630072000158663, 45.391364000594251 ], [ -122.630638999697993, 45.391368999459132 ], [ -122.63186799921121, 45.391380000240638 ], [ -122.63338700005103, 45.392771999450979 ], [ -122.633487999435033, 45.392733999799937 ], [ -122.633595000463487, 45.392632000477484 ], [ -122.633733000555736, 45.392307999738549 ], [ -122.633575000371991, 45.391984000296446 ], [ -122.633376000180377, 45.391639000589265 ], [ -122.633290999791569, 45.3913869995325 ], [ -122.633341999845186, 45.391366000392573 ], [ -122.633372999807321, 45.39133999985448 ], [ -122.633407000142526, 45.391294999938161 ], [ -122.633426000409116, 45.391236000105806 ], [ -122.633433000081794, 45.391161999779911 ], [ -122.633422000211112, 45.391115999818339 ], [ -122.633397000096792, 45.391067000106119 ], [ -122.633366999959534, 45.391031000380536 ], [ -122.633297999464261, 45.390972000272626 ], [ -122.633256999456364, 45.3909270000633 ], [ -122.63322500056762, 45.390878000187257 ], [ -122.63320100027822, 45.390820000459229 ], [ -122.633100999820741, 45.390040000597196 ], [ -122.633118999364115, 45.389973999988719 ], [ -122.633161999920119, 45.389918000444361 ], [ -122.633231000415407, 45.389870999544719 ], [ -122.633311999707942, 45.389842000433219 ], [ -122.633376000180377, 45.389836000245374 ], [ -122.633446999427193, 45.389839999950134 ], [ -122.633514000272612, 45.389854000176193 ], [ -122.633571999998964, 45.389875999803387 ], [ -122.633645999618793, 45.389923000698829 ], [ -122.634413000072968, 45.390351000276375 ], [ -122.634556000188141, 45.390443000145581 ], [ -122.634619999762222, 45.390472999494563 ], [ -122.634704000326124, 45.390505000548991 ], [ -122.634795999489313, 45.390525000094755 ], [ -122.634990999482994, 45.390540999978704 ], [ -122.635615999646987, 45.390546000178048 ], [ -122.635695000188008, 45.390554000117568 ], [ -122.635834000105177, 45.390581000299463 ], [ -122.635951000281054, 45.390617000311657 ], [ -122.636059999162669, 45.390664000590924 ], [ -122.636171000389069, 45.390733000124769 ], [ -122.636127000008145, 45.390806999750652 ], [ -122.63600199943636, 45.390961000042495 ], [ -122.635921999968744, 45.391071000354565 ], [ -122.635894000379665, 45.39115000031471 ], [ -122.635892999656392, 45.391232999770544 ], [ -122.635920000318904, 45.391313999935264 ], [ -122.635962000151693, 45.39138899996091 ], [ -122.63601600057838, 45.391455000178709 ], [ -122.636098000594146, 45.391530999913435 ], [ -122.634712000722075, 45.391545999616596 ], [ -122.635201000443587, 45.392765000330606 ], [ -122.637394999879476, 45.392717000030757 ], [ -122.63773800001114, 45.393096000053127 ], [ -122.637756000452796, 45.393160000435223 ], [ -122.63775100042993, 45.393238999367846 ], [ -122.637669000414164, 45.393355000738666 ], [ -122.637443000458347, 45.393569000239069 ], [ -122.637363999917326, 45.393663000264553 ], [ -122.637285000274602, 45.393729999576621 ], [ -122.637218000327437, 45.393775000077433 ], [ -122.637131000288832, 45.393820000542455 ], [ -122.636715000362216, 45.39399200006882 ], [ -122.635762999960079, 45.394417000207824 ], [ -122.635634000088643, 45.394469999546814 ], [ -122.635557999920664, 45.394512999771464 ], [ -122.635539999478979, 45.394543000114204 ], [ -122.635530000331585, 45.394575000125784 ], [ -122.635531999981396, 45.394637000412082 ], [ -122.635562999943531, 45.394694000167583 ], [ -122.635619999844934, 45.39474399972876 ], [ -122.636039000144592, 45.394917999900485 ], [ -122.636264000275503, 45.394996999529774 ], [ -122.636436999629538, 45.395069000213503 ], [ -122.636532000064108, 45.395112999815247 ], [ -122.636594999813283, 45.395149000725489 ], [ -122.636651999714715, 45.395191999802691 ], [ -122.636755000545165, 45.395310999806853 ], [ -122.636824000142155, 45.395422999507694 ], [ -122.636876000020706, 45.395474999969181 ], [ -122.636939999594787, 45.39552000034206 ], [ -122.637036999679168, 45.395565999873149 ], [ -122.637779999843929, 45.395845999968692 ], [ -122.638230000105693, 45.396016000003151 ], [ -122.638699999560657, 45.396221000570449 ], [ -122.638828999432107, 45.396284999936718 ], [ -122.639011999730229, 45.396198000445374 ], [ -122.63952700028932, 45.395872999514836 ], [ -122.640018999485619, 45.395364000199834 ], [ -122.640664999566013, 45.395085999905973 ], [ -122.641146000688252, 45.395842000058195 ], [ -122.641444999540667, 45.396294999949397 ] ] ] } },
{ "type": "Feature", "properties": { "census lot building footprint": 0.17614767750888666, "POP20": 25.0, "infrastructure cost adjusted for footprint ($)": 778962.98670521425 }, "geometry": { "type": "Polygon", "coordinates": [ [ [ -122.633595000463487, 45.392632000477484 ], [ -122.633487999435033, 45.392733999799937 ], [ -122.63338700005103, 45.392771999450979 ], [ -122.63186799921121, 45.391380000240638 ], [ -122.633100999820741, 45.391379000341743 ], [ -122.633290999791569, 45.3913869995325 ], [ -122.633376000180377, 45.391639000589265 ], [ -122.633575000371991, 45.391984000296446 ], [ -122.633733000555736, 45.392307999738549 ], [ -122.633595000463487, 45.392632000477484 ] ] ] } },
{ "type": "Feature", "properties": { "census lot building footprint": 0.13357489255255239, "POP20": 169.0, "infrastructure cost adjusted for footprint ($)": 6477405.656995859 }, "geometry": { "type": "Polygon", "coordinates": [ [ [ -122.626875999193629, 45.375442999760118 ], [ -122.625968000070756, 45.375457999946192 ], [ -122.625602000372851, 45.375460999856763 ], [ -122.62466900023729, 45.375481999857037 ], [ -122.624079000233436, 45.37549000066651 ], [ -122.623758999667956, 45.375512999753191 ], [ -122.623286000738261, 45.37556900031624 ], [ -122.623038000142827, 45.375614999678071 ], [ -122.622750000262755, 45.375649999578947 ], [ -122.622674000094776, 45.375640000330691 ], [ -122.622593999728821, 45.375618999757997 ], [ -122.622514000261205, 45.375585000016201 ], [ -122.622193000769158, 45.375412000456677 ], [ -122.622115000053029, 45.375303999697387 ], [ -122.621784999441815, 45.374889999924044 ], [ -122.621696999578276, 45.374737999777075 ], [ -122.621647999174471, 45.374581999699551 ], [ -122.621638999851967, 45.374466000188164 ], [ -122.621616000285755, 45.374308999790514 ], [ -122.621608000788143, 45.373998000199968 ], [ -122.621638000027048, 45.37378500001504 ], [ -122.621698000301521, 45.373458000400873 ], [ -122.621765999175267, 45.373080999778672 ], [ -122.622780999326579, 45.373071000076095 ], [ -122.623790000528416, 45.373073000521629 ], [ -122.624840999766434, 45.373080999778665 ], [ -122.625041000681293, 45.373078999964513 ], [ -122.625835000001345, 45.373083999815307 ], [ -122.626101999965059, 45.373119000020537 ], [ -122.62612500042961, 45.373580000107509 ], [ -122.626145000521106, 45.373680999520708 ], [ -122.626173999935077, 45.373726999787216 ], [ -122.626219999965798, 45.373769000436901 ], [ -122.62629299976075, 45.373814000422186 ], [ -122.626558000074638, 45.373987000452971 ], [ -122.626286999912992, 45.374185999560368 ], [ -122.625684999315212, 45.374628000495271 ], [ -122.625914000542409, 45.374772999589688 ], [ -122.626455000142471, 45.375142999619833 ], [ -122.626659000356966, 45.375293000204437 ], [ -122.626875999193629, 45.375442999760118 ] ] ] } },
{ "type": "Feature", "properties": { "census lot building footprint": 0.12757285483068295, "POP20": 16.0, "infrastructure cost adjusted for footprint ($)": 1323384.0602269857 }, "geometry": { "type": "Polygon", "coordinates": [ [ [ -122.622802999966211, 45.372142000055597 ], [ -122.622780999326579, 45.373071000076095 ], [ -122.621765999175267, 45.373080999778672 ], [ -122.621783000690314, 45.37224499998743 ], [ -122.621797999860632, 45.371547000380446 ], [ -122.622811000362105, 45.371544000262261 ], [ -122.622802999966211, 45.372142000055597 ] ] ] } },
{ "type": "Feature", "properties": { "census lot building footprint": 0.13043918715217484, "POP20": 48.0, "infrastructure cost adjusted for footprint ($)": 1354909.1241334253 }, "geometry": { "type": "Polygon", "coordinates": [ [ [ -122.624840999766434, 45.373080999778665 ], [ -122.623790000528416, 45.373073000521629 ], [ -122.622780999326579, 45.373071000076095 ], [ -122.622802999966211, 45.372142000055597 ], [ -122.622811000362105, 45.371544000262261 ], [ -122.623830000711379, 45.371533999656883 ], [ -122.623826000513432, 45.372235000137074 ], [ -122.623887000612839, 45.372246000224749 ], [ -122.62396200005756, 45.372251000149213 ], [ -122.62481199945411, 45.372265999919833 ], [ -122.624840999766434, 45.373080999778665 ] ] ] } },
{ "type": "Feature", "properties": { "census lot building footprint": 0.11464771119641542, "POP20": 28.0, "infrastructure cost adjusted for footprint ($)": 3065243.4677121462 }, "geometry": { "type": "Polygon", "coordinates": [ [ [ -122.625831999628318, 45.372268999999712 ], [ -122.62481199945411, 45.372265999919833 ], [ -122.62396200005756, 45.372251000149213 ], [ -122.623887000612839, 45.372246000224749 ], [ -122.623826000513432, 45.372235000137074 ], [ -122.623830000711379, 45.371533999656883 ], [ -122.622811000362105, 45.371544000262261 ], [ -122.622803999791103, 45.371169999640784 ], [ -122.622819999684623, 45.371076000074382 ], [ -122.622838999951213, 45.371013999818317 ], [ -122.622874999936215, 45.370927000555682 ], [ -122.622908000446472, 45.370877999751457 ], [ -122.622993000835294, 45.37077399959103 ], [ -122.623226000463816, 45.370871999443985 ], [ -122.62382399996531, 45.371123000192654 ], [ -122.624677999559822, 45.371517999441885 ], [ -122.624817000375302, 45.371572000307154 ], [ -122.625806999513955, 45.372057000485235 ], [ -122.625831999628318, 45.372268999999712 ] ] ] } },
{ "type": "Feature", "properties": { "census lot building footprint": 0.14464679571967015, "POP20": 0.0, "infrastructure cost adjusted for footprint ($)": 1060233.1557479859 }, "geometry": { "type": "Polygon", "coordinates": [ [ [ -122.622908000446472, 45.370877999751457 ], [ -122.622874999936215, 45.370927000555682 ], [ -122.622838999951213, 45.371013999818317 ], [ -122.622819999684623, 45.371076000074382 ], [ -122.622803999791103, 45.371169999640784 ], [ -122.622811000362105, 45.371544000262261 ], [ -122.621797999860632, 45.371547000380446 ], [ -122.621815000477369, 45.370883000427916 ], [ -122.621787999814899, 45.370377000284762 ], [ -122.622767999806101, 45.370694999553749 ], [ -122.622993000835294, 45.37077399959103 ], [ -122.622908000446472, 45.370877999751457 ] ] ] } },
{ "type": "Feature", "properties": { "census lot building footprint": 0.081129510566405896, "POP20": 205.0, "infrastructure cost adjusted for footprint ($)": 15459946.756860252 }, "geometry": { "type": "Polygon", "coordinates": [ [ [ -122.622300000000962, 45.375943999784376 ], [ -122.622271999513529, 45.376005999684068 ], [ -122.62222800003093, 45.376082999536052 ], [ -122.621268000131195, 45.377097000138988 ], [ -122.62110900012253, 45.376819999756286 ], [ -122.621001999992416, 45.37651399963999 ], [ -122.62109400005393, 45.376040999973995 ], [ -122.621070999589392, 45.3757930001209 ], [ -122.620995000319709, 45.375549000527158 ], [ -122.620804000524032, 45.375328000304606 ], [ -122.620514000095781, 45.375171999961587 ], [ -122.619803999542981, 45.375004000712771 ], [ -122.61962899964081, 45.374930999520068 ], [ -122.619461000309627, 45.374839999837739 ], [ -122.619240000376678, 45.374579999938462 ], [ -122.619034000512372, 45.374496000443628 ], [ -122.618790000114885, 45.374443000044621 ], [ -122.618766999650362, 45.374429999986774 ], [ -122.618300999495034, 45.374167999688936 ], [ -122.617882000093687, 45.374043000003041 ], [ -122.617584000167852, 45.373877999918925 ], [ -122.617317000204196, 45.373691999958226 ], [ -122.616615000047304, 45.373123000277047 ], [ -122.615821999653832, 45.37255899981669 ], [ -122.615447999560018, 45.372222999809402 ], [ -122.615111999999357, 45.371867999483001 ], [ -122.614873000523048, 45.371538000025502 ], [ -122.61485300043158, 45.371510000594839 ], [ -122.614801000553072, 45.371455000681138 ], [ -122.616260000220038, 45.370540999587284 ], [ -122.616965000749985, 45.369811000278418 ], [ -122.617780999811359, 45.370211999602269 ], [ -122.61777299941545, 45.370227999555674 ], [ -122.617885999393351, 45.370187000336614 ], [ -122.617971999607065, 45.370164000346065 ], [ -122.618054000521155, 45.370162000428756 ], [ -122.61812599959282, 45.370167000537435 ], [ -122.618247999791578, 45.370226000271735 ], [ -122.618360999769493, 45.37026900000722 ], [ -122.618452999830993, 45.370309999797925 ], [ -122.618502000234841, 45.370337000182616 ], [ -122.618545000790817, 45.370351999829793 ], [ -122.61887000048084, 45.370351000190013 ], [ -122.619789000372691, 45.370334000000291 ], [ -122.619786999824541, 45.370481999550485 ], [ -122.619781999801674, 45.37086600039806 ], [ -122.619790000197611, 45.37153399965689 ], [ -122.620790999206903, 45.371541999762719 ], [ -122.621797999860632, 45.371547000380446 ], [ -122.621783000690314, 45.37224499998743 ], [ -122.621765999175267, 45.373080999778672 ], [ -122.621698000301521, 45.373458000400873 ], [ -122.621638000027048, 45.37378500001504 ], [ -122.621608000788143, 45.373998000199968 ], [ -122.621616000285755, 45.374308999790514 ], [ -122.621638999851967, 45.374466000188164 ], [ -122.621647999174471, 45.374581999699551 ], [ -122.621696999578276, 45.374737999777075 ], [ -122.621784999441815, 45.374889999924044 ], [ -122.622115000053029, 45.375303999697387 ], [ -122.622193000769158, 45.375412000456677 ], [ -122.622258000168159, 45.37563500007483 ], [ -122.622305999848777, 45.375870999805166 ], [ -122.622300000000962, 45.375943999784376 ] ] ] } },
{ "type": "Feature", "properties": { "census lot building footprint": 0.12863779699747727, "POP20": 188.0, "infrastructure cost adjusted for footprint ($)": 8671713.4630288277 }, "geometry": { "type": "Polygon", "coordinates": [ [ [ -122.612206000360885, 45.36786600013091 ], [ -122.612441000537501, 45.368354000189413 ], [ -122.611929000351438, 45.368881999721552 ], [ -122.61127200040039, 45.36894199982985 ], [ -122.610413000783041, 45.369712000198192 ], [ -122.609659999674193, 45.369348999473338 ], [ -122.607954999959944, 45.36807200023452 ], [ -122.607672999927573, 45.367918000068528 ], [ -122.607298999833759, 45.367736000077592 ], [ -122.60669199921314, 45.367262000508354 ], [ -122.60645199991194, 45.366787000419997 ], [ -122.606600999874885, 45.365623000550968 ], [ -122.606656000126421, 45.365320999984668 ], [ -122.60712099955856, 45.36532300007314 ], [ -122.609038999708176, 45.365459000242858 ], [ -122.609611000168712, 45.365276999913867 ], [ -122.61147199951867, 45.36495399991005 ], [ -122.611677000456368, 45.365126000170939 ], [ -122.612323000536762, 45.365586999769768 ], [ -122.612059999872685, 45.36595500050435 ], [ -122.6132570004972, 45.367597000005723 ], [ -122.612206000360885, 45.36786600013091 ] ] ] } },
{ "type": "Feature", "properties": { "census lot building footprint": 0.088571324005122132, "POP20": 311.0, "infrastructure cost adjusted for footprint ($)": 18700333.072878629 }, "geometry": { "type": "Polygon", "coordinates": [ [ [ -122.616260000220038, 45.370540999587284 ], [ -122.614801000553072, 45.371455000681138 ], [ -122.614548000833054, 45.371184999698137 ], [ -122.614127999810179, 45.371147000050037 ], [ -122.612998999856018, 45.370734999402714 ], [ -122.612404000727608, 45.370609000066736 ], [ -122.610626000320025, 45.370495000515824 ], [ -122.610007999828753, 45.370430000076702 ], [ -122.607139999825122, 45.369972000389453 ], [ -122.606488999721861, 45.369835000692504 ], [ -122.606231999803924, 45.369780999430972 ], [ -122.605888000745679, 45.369662999603527 ], [ -122.605666999914405, 45.369468999897713 ], [ -122.605568000180213, 45.369221000254711 ], [ -122.60546100005007, 45.368102999774642 ], [ -122.605179000017756, 45.367378000280034 ], [ -122.605338999851327, 45.366993000035379 ], [ -122.605186000588787, 45.365840999778129 ], [ -122.605216999652583, 45.365371999378397 ], [ -122.605407999448303, 45.364979000226292 ], [ -122.605949000845001, 45.364303999801287 ], [ -122.605966000563456, 45.364210999933285 ], [ -122.605979999908868, 45.364132000196854 ], [ -122.606025000114712, 45.364059000118615 ], [ -122.60646699998054, 45.363937999824707 ], [ -122.607284999590078, 45.363691000304456 ], [ -122.609126000645162, 45.363147999364116 ], [ -122.609688999986517, 45.362960999691282 ], [ -122.610097000415522, 45.363373000159427 ], [ -122.610196000149728, 45.363489000332123 ], [ -122.610635999467448, 45.364003000150404 ], [ -122.610917000573181, 45.364332000274466 ], [ -122.61147199951867, 45.36495399991005 ], [ -122.609611000168712, 45.365276999913867 ], [ -122.609038999708176, 45.365459000242858 ], [ -122.60712099955856, 45.36532300007314 ], [ -122.606656000126421, 45.365320999984668 ], [ -122.606600999874885, 45.365623000550968 ], [ -122.60645199991194, 45.366787000419997 ], [ -122.60669199921314, 45.367262000508354 ], [ -122.607298999833759, 45.367736000077592 ], [ -122.607672999927573, 45.367918000068528 ], [ -122.607954999959944, 45.36807200023452 ], [ -122.609659999674193, 45.369348999473338 ], [ -122.610413000783041, 45.369712000198192 ], [ -122.61127200040039, 45.36894199982985 ], [ -122.611929000351438, 45.368881999721552 ], [ -122.612441000537501, 45.368354000189413 ], [ -122.612206000360885, 45.36786600013091 ], [ -122.6132570004972, 45.367597000005723 ], [ -122.613709000408832, 45.367477999718233 ], [ -122.614414000040441, 45.366720999802475 ], [ -122.61507200071469, 45.366995999763787 ], [ -122.615142999961492, 45.367026000195047 ], [ -122.616015999822608, 45.367389000050188 ], [ -122.616047000683025, 45.367407999877571 ], [ -122.615293999574206, 45.368169000041931 ], [ -122.616617999522049, 45.36883900019383 ], [ -122.616073999548902, 45.369368999561743 ], [ -122.616965000749985, 45.369811000278418 ], [ -122.616260000220038, 45.370540999587284 ] ] ] } },
{ "type": "Feature", "properties": { "census lot building footprint": 0.152330182376262, "POP20": 24.0, "infrastructure cost adjusted for footprint ($)": 1466881.6856602109 }, "geometry": { "type": "Polygon", "coordinates": [ [ [ -122.61709299989819, 45.368350000226727 ], [ -122.616617999522049, 45.36883900019383 ], [ -122.615293999574206, 45.368169000041931 ], [ -122.616047000683025, 45.367407999877571 ], [ -122.617020000103253, 45.36798599991485 ], [ -122.617288999716777, 45.3681479998505 ], [ -122.61709299989819, 45.368350000226727 ] ] ] } },
{ "type": "Feature", "properties": { "census lot building footprint": 0.2481257022836928, "POP20": 0.0, "infrastructure cost adjusted for footprint ($)": 1179084.4931803057 }, "geometry": { "type": "Polygon", "coordinates": [ [ [ -122.614414000040441, 45.366720999802475 ], [ -122.613709000408832, 45.367477999718233 ], [ -122.6132570004972, 45.367597000005723 ], [ -122.612059999872685, 45.36595500050435 ], [ -122.612323000536762, 45.365586999769768 ], [ -122.612433999966498, 45.365656999970412 ], [ -122.612730000242522, 45.365887999828573 ], [ -122.612946000152562, 45.366036999998904 ], [ -122.613177000131273, 45.366174999772667 ], [ -122.613359000604461, 45.366269999622546 ], [ -122.613547000027111, 45.36635900041999 ], [ -122.613875000090189, 45.366488999851136 ], [ -122.614414000040441, 45.366720999802475 ] ] ] } },
{ "type": "Feature", "properties": { "census lot building footprint": 0.10194743478332625, "POP20": 13.0, "infrastructure cost adjusted for footprint ($)": 824188.4358980495 }, "geometry": { "type": "Polygon", "coordinates": [ [ [ -122.613875000090189, 45.366488999851136 ], [ -122.613547000027111, 45.36635900041999 ], [ -122.613359000604461, 45.366269999622546 ], [ -122.613177000131273, 45.366174999772667 ], [ -122.612946000152562, 45.366036999998904 ], [ -122.612730000242522, 45.365887999828573 ], [ -122.612433999966498, 45.365656999970412 ], [ -122.612323000536762, 45.365586999769768 ], [ -122.612326000011464, 45.365500000364484 ], [ -122.612335000232306, 45.365424000346422 ], [ -122.612335000232306, 45.365360999847169 ], [ -122.612345000278054, 45.365289000452975 ], [ -122.612365999296131, 45.365227999895176 ], [ -122.612403000004363, 45.365160999620613 ], [ -122.612452000408169, 45.365097999459593 ], [ -122.61250699976145, 45.365044999720631 ], [ -122.612576000256723, 45.364995000397613 ], [ -122.612798999839484, 45.364882999734228 ], [ -122.613879000288136, 45.365923000069003 ], [ -122.613875000090189, 45.366488999851136 ] ] ] } },
{ "type": "Feature", "properties": { "census lot building footprint": 0.1760429228949689, "POP20": 26.0, "infrastructure cost adjusted for footprint ($)": 865641.04293074622 }, "geometry": { "type": "Polygon", "coordinates": [ [ [ -122.613879000288136, 45.365923000069003 ], [ -122.612798999839484, 45.364882999734228 ], [ -122.612899000296935, 45.364826999950559 ], [ -122.613293000482216, 45.364611999826408 ], [ -122.614403000169773, 45.365664999645183 ], [ -122.613879000288136, 45.365923000069003 ] ] ] } },
{ "type": "Feature", "properties": { "census lot building footprint": 0.17238525392711557, "POP20": 21.0, "infrastructure cost adjusted for footprint ($)": 1032916.2673435846 }, "geometry": { "type": "Polygon", "coordinates": [ [ [ -122.61507200071469, 45.366995999763787 ], [ -122.614414000040441, 45.366720999802475 ], [ -122.613875000090189, 45.366488999851136 ], [ -122.613879000288136, 45.365923000069003 ], [ -122.614403000169773, 45.365664999645183 ], [ -122.615538999796627, 45.366747000303597 ], [ -122.61507200071469, 45.366995999763787 ] ] ] } },
{ "type": "Feature", "properties": { "census lot building footprint": 0.15423338515124677, "POP20": 45.0, "infrastructure cost adjusted for footprint ($)": 1106001.6244634197 }, "geometry": { "type": "Polygon", "coordinates": [ [ [ -122.617020000103253, 45.36798599991485 ], [ -122.616047000683025, 45.367407999877571 ], [ -122.616015999822608, 45.367389000050188 ], [ -122.615142999961492, 45.367026000195047 ], [ -122.61507200071469, 45.366995999763787 ], [ -122.615538999796627, 45.366747000303597 ], [ -122.614403000169773, 45.365664999645183 ], [ -122.614796000530177, 45.365450999907786 ], [ -122.615963999944043, 45.366529999857313 ], [ -122.617307000158405, 45.367820999830727 ], [ -122.617020000103253, 45.36798599991485 ] ] ] } },
{ "type": "Feature", "properties": { "census lot building footprint": 0.19183237770934014, "POP20": 49.0, "infrastructure cost adjusted for footprint ($)": 1556210.5524112284 }, "geometry": { "type": "Polygon", "coordinates": [ [ [ -122.617307000158405, 45.367820999830727 ], [ -122.615963999944043, 45.366529999857313 ], [ -122.614796000530177, 45.365450999907786 ], [ -122.615237999497737, 45.365215999343121 ], [ -122.616384000068606, 45.366314000183245 ], [ -122.617745000724653, 45.367586000276049 ], [ -122.617307000158405, 45.367820999830727 ] ] ] } },
{ "type": "Feature", "properties": { "census lot building footprint": 0.20708954833391241, "POP20": 32.0, "infrastructure cost adjusted for footprint ($)": 675211.82887569722 }, "geometry": { "type": "Polygon", "coordinates": [ [ [ -122.617123000035392, 45.365719000418395 ], [ -122.616384000068606, 45.366314000183245 ], [ -122.615237999497737, 45.365215999343121 ], [ -122.616214000189302, 45.364853999796814 ], [ -122.616621999719996, 45.365241000174748 ], [ -122.617123000035392, 45.365719000418395 ] ] ] } },
{ "type": "Feature", "properties": { "census lot building footprint": 0.071437113810582792, "POP20": 28.0, "infrastructure cost adjusted for footprint ($)": 2337621.2619875702 }, "geometry": { "type": "Polygon", "coordinates": [ [ [ -122.616214000189302, 45.364853999796814 ], [ -122.615237999497737, 45.365215999343121 ], [ -122.614147000076727, 45.364170999888792 ], [ -122.614574999698903, 45.363946000373737 ], [ -122.615016000638192, 45.363714999528277 ], [ -122.616109000607324, 45.364754000137971 ], [ -122.616214000189302, 45.364853999796814 ] ] ] } },
{ "type": "Feature", "properties": { "census lot building footprint": 0.21352807606227478, "POP20": 6.0, "infrastructure cost adjusted for footprint ($)": 585883.7258665351 }, "geometry": { "type": "Polygon", "coordinates": [ [ [ -122.614574999698903, 45.363946000373737 ], [ -122.613665000027908, 45.363019999999082 ], [ -122.614135000381182, 45.36279000019529 ], [ -122.615016000638192, 45.363714999528277 ], [ -122.614574999698903, 45.363946000373737 ] ] ] } },
{ "type": "Feature", "properties": { "census lot building footprint": 0.12769936245147337, "POP20": 10.0, "infrastructure cost adjusted for footprint ($)": 481728.02132702252 }, "geometry": { "type": "Polygon", "coordinates": [ [ [ -122.614147000076727, 45.364170999888792 ], [ -122.613452000490867, 45.363495000160455 ], [ -122.613210999568139, 45.36324200011375 ], [ -122.613665000027908, 45.363019999999082 ], [ -122.614574999698903, 45.363946000373737 ], [ -122.614147000076727, 45.364170999888792 ] ] ] } },
{ "type": "Feature", "properties": { "census lot building footprint": 0.19545905601928462, "POP20": 7.0, "infrastructure cost adjusted for footprint ($)": 607193.22934986383 }, "geometry": { "type": "Polygon", "coordinates": [ [ [ -122.614796000530177, 45.365450999907786 ], [ -122.613706999860696, 45.364387999917049 ], [ -122.614147000076727, 45.364170999888792 ], [ -122.615237999497737, 45.365215999343121 ], [ -122.614796000530177, 45.365450999907786 ] ] ] } },
{ "type": "Feature", "properties": { "census lot building footprint": 0.24206995001688389, "POP20": 23.0, "infrastructure cost adjusted for footprint ($)": 287352.1122280226 }, "geometry": { "type": "Polygon", "coordinates": [ [ [ -122.614403000169773, 45.365664999645183 ], [ -122.613293000482216, 45.364611999826408 ], [ -122.613706999860696, 45.364387999917049 ], [ -122.614796000530177, 45.365450999907786 ], [ -122.614403000169773, 45.365664999645183 ] ] ] } },
{ "type": "Feature", "properties": { "census lot building footprint": 0.17234897729132093, "POP20": 46.0, "infrastructure cost adjusted for footprint ($)": 1696233.1383917814 }, "geometry": { "type": "Polygon", "coordinates": [ [ [ -122.613706999860696, 45.364387999917049 ], [ -122.613293000482216, 45.364611999826408 ], [ -122.612899000296935, 45.364826999950559 ], [ -122.612798999839484, 45.364882999734228 ], [ -122.612576000256723, 45.364995000397613 ], [ -122.61250699976145, 45.365044999720631 ], [ -122.611898999315912, 45.364277000323639 ], [ -122.612321999813517, 45.364063999504502 ], [ -122.613028999993261, 45.36369699948019 ], [ -122.613452000490867, 45.363495000160455 ], [ -122.614147000076727, 45.364170999888792 ], [ -122.613706999860696, 45.364387999917049 ] ] ] } },
{ "type": "Feature", "properties": { "census lot building footprint": 0.16448203474144252, "POP20": 19.0, "infrastructure cost adjusted for footprint ($)": 589353.79010456696 }, "geometry": { "type": "Polygon", "coordinates": [ [ [ -122.613452000490867, 45.363495000160455 ], [ -122.613028999993261, 45.36369699948019 ], [ -122.61268000001381, 45.363360000081741 ], [ -122.612310999942864, 45.362992999908656 ], [ -122.612759999481398, 45.36276800012665 ], [ -122.613210999568139, 45.36324200011375 ], [ -122.613452000490867, 45.363495000160455 ] ] ] } },
{ "type": "Feature", "properties": { "census lot building footprint": 0.17825209227745903, "POP20": 26.0, "infrastructure cost adjusted for footprint ($)": 699657.31227736466 }, "geometry": { "type": "Polygon", "coordinates": [ [ [ -122.613028999993261, 45.36369699948019 ], [ -122.612321999813517, 45.364063999504502 ], [ -122.611898999315912, 45.364277000323639 ], [ -122.611766000144826, 45.364112000150236 ], [ -122.611674999908232, 45.363988999834099 ], [ -122.611536999815968, 45.363787000294636 ], [ -122.611453999975268, 45.363650000134022 ], [ -122.611362999738688, 45.363481999479632 ], [ -122.61176399959669, 45.363266999924278 ], [ -122.612310999942864, 45.362992999908656 ], [ -122.61268000001381, 45.363360000081741 ], [ -122.613028999993261, 45.36369699948019 ] ] ] } },
{ "type": "Feature", "properties": { "census lot building footprint": 0.091156663221731021, "POP20": 72.0, "infrastructure cost adjusted for footprint ($)": 3712704.3724890351 }, "geometry": { "type": "Polygon", "coordinates": [ [ [ -122.612310999942864, 45.362992999908656 ], [ -122.61176399959669, 45.363266999924278 ], [ -122.611362999738688, 45.363481999479632 ], [ -122.611453999975268, 45.363650000134022 ], [ -122.611536999815968, 45.363787000294636 ], [ -122.611674999908232, 45.363988999834099 ], [ -122.611766000144826, 45.364112000150236 ], [ -122.611898999315912, 45.364277000323639 ], [ -122.61250699976145, 45.365044999720631 ], [ -122.612452000408169, 45.365097999459593 ], [ -122.612403000004363, 45.365160999620613 ], [ -122.612365999296131, 45.365227999895176 ], [ -122.612345000278054, 45.365289000452975 ], [ -122.612335000232306, 45.365360999847169 ], [ -122.612335000232306, 45.365424000346422 ], [ -122.612326000011464, 45.365500000364484 ], [ -122.612323000536762, 45.365586999769768 ], [ -122.611677000456368, 45.365126000170939 ], [ -122.61147199951867, 45.36495399991005 ], [ -122.610917000573181, 45.364332000274466 ], [ -122.610635999467448, 45.364003000150404 ], [ -122.610196000149728, 45.363489000332123 ], [ -122.610097000415522, 45.363373000159427 ], [ -122.609688999986517, 45.362960999691282 ], [ -122.609984000437635, 45.362876999981317 ], [ -122.61100899973637, 45.3624750000034 ], [ -122.612075999766219, 45.362056999327109 ], [ -122.612241000520967, 45.362226000209496 ], [ -122.612759999481398, 45.36276800012665 ], [ -122.612310999942864, 45.362992999908656 ] ] ] } },
{ "type": "Feature", "properties": { "census lot building footprint": 0.021373864384281859, "POP20": 40.0, "infrastructure cost adjusted for footprint ($)": 7811158.5456761895 }, "geometry": { "type": "Polygon", "coordinates": [ [ [ -122.61058100011418, 45.360207999939512 ], [ -122.610568000593702, 45.360257000519077 ], [ -122.61055100087529, 45.360296000357486 ], [ -122.610489000052723, 45.360398999769089 ], [ -122.610340999914669, 45.360563000228559 ], [ -122.609719999948652, 45.361197999590601 ], [ -122.609505999688423, 45.361497000055756 ], [ -122.609303000197144, 45.361814000224875 ], [ -122.609239000623035, 45.362035000235799 ], [ -122.609240000447954, 45.362165000135988 ], [ -122.609268999861953, 45.362328999894672 ], [ -122.609499000015717, 45.362732000053278 ], [ -122.609591999902136, 45.36287200049054 ], [ -122.609069000743702, 45.363009000641725 ], [ -122.606921000440337, 45.363608000174992 ], [ -122.606429000345742, 45.3637290005436 ], [ -122.606491000269983, 45.363693000450539 ], [ -122.606841999899274, 45.363208999640108 ], [ -122.607161999566429, 45.362911000419949 ], [ -122.607399000291181, 45.362506999864472 ], [ -122.607673999752492, 45.362155999550424 ], [ -122.608124000014314, 45.361762999517111 ], [ -122.608561000755643, 45.361109000141262 ], [ -122.608718999142738, 45.360873999844408 ], [ -122.609305999671875, 45.36014899985522 ], [ -122.609406000129312, 45.359897999643401 ], [ -122.609557999566974, 45.359676000293454 ], [ -122.609946999729374, 45.359566000122243 ], [ -122.610070999577928, 45.35950199957994 ], [ -122.610204999472259, 45.35962900013174 ], [ -122.610342999564509, 45.359743999948059 ], [ -122.610414999534541, 45.359829000348171 ], [ -122.610476999458811, 45.359917000093212 ], [ -122.610556999824738, 45.360059000196507 ], [ -122.610576999916233, 45.360108999463513 ], [ -122.610585000312156, 45.360165999950027 ], [ -122.61058100011418, 45.360207999939512 ] ] ] } },
{ "type": "Feature", "properties": { "census lot building footprint": 0.017093355053131528, "POP20": 22.0, "infrastructure cost adjusted for footprint ($)": 10972734.840766747 }, "geometry": { "type": "Polygon", "coordinates": [ [ [ -122.611819999673216, 45.361959999769098 ], [ -122.611548999511513, 45.362113999744636 ], [ -122.61135699989093, 45.362206000120196 ], [ -122.611157999699273, 45.362291999759677 ], [ -122.60987499975937, 45.362766999721671 ], [ -122.609591999902136, 45.36287200049054 ], [ -122.609499000015717, 45.362732000053278 ], [ -122.609268999861953, 45.362328999894672 ], [ -122.609240000447954, 45.362165000135988 ], [ -122.609239000623035, 45.362035000235799 ], [ -122.609303000197144, 45.361814000224875 ], [ -122.609505999688423, 45.361497000055756 ], [ -122.609719999948652, 45.361197999590601 ], [ -122.610340999914669, 45.360563000228559 ], [ -122.610438999823984, 45.360606000366595 ], [ -122.610648999886237, 45.360681000103455 ], [ -122.610870999644092, 45.36072499996169 ], [ -122.610882000413099, 45.360799000363393 ], [ -122.610899999956416, 45.360854999715983 ], [ -122.61162599950444, 45.361588999541105 ], [ -122.611934000374305, 45.361910000244265 ], [ -122.611819999673216, 45.361959999769098 ] ] ] } },
{ "type": "Feature", "properties": { "census lot building footprint": 0.037852560675192361, "POP20": 44.0, "infrastructure cost adjusted for footprint ($)": 2532585.0708632097 }, "geometry": { "type": "Polygon", "coordinates": [ [ [ -122.612701999755132, 45.361344999892239 ], [ -122.612307999569808, 45.361635999968257 ], [ -122.611992000100656, 45.361850000251209 ], [ -122.611934000374305, 45.361910000244265 ], [ -122.61162599950444, 45.361588999541105 ], [ -122.610899999956416, 45.360854999715983 ], [ -122.610882000413099, 45.360799000363393 ], [ -122.610870999644092, 45.36072499996169 ], [ -122.611506000752144, 45.36081799987943 ], [ -122.611717000639288, 45.360847999799951 ], [ -122.611916999757568, 45.360884000440954 ], [ -122.612055999674737, 45.360889999914392 ], [ -122.612156999957108, 45.360870999791338 ], [ -122.612246000543863, 45.360844000568868 ], [ -122.61250699976145, 45.361142999748871 ], [ -122.612660999747234, 45.361295999623728 ], [ -122.612701999755132, 45.361344999892239 ] ] ] } },
{ "type": "Feature", "properties": { "census lot building footprint": 0.13279747995609387, "POP20": 44.0, "infrastructure cost adjusted for footprint ($)": 1366922.2021626353 }, "geometry": { "type": "Polygon", "coordinates": [ [ [ -122.613665000027908, 45.363019999999082 ], [ -122.613210999568139, 45.36324200011375 ], [ -122.612759999481398, 45.36276800012665 ], [ -122.612241000520967, 45.362226000209496 ], [ -122.612075999766219, 45.362056999327109 ], [ -122.612221000429514, 45.361967000178716 ], [ -122.612471999601354, 45.361801999579818 ], [ -122.612875999832397, 45.361527000247385 ], [ -122.612948000700726, 45.361602000025734 ], [ -122.613117999681762, 45.361779000598041 ], [ -122.614135000381182, 45.36279000019529 ], [ -122.613665000027908, 45.363019999999082 ] ] ] } },
{ "type": "Feature", "properties": { "census lot building footprint": 0.029259213559492684, "POP20": 301.0, "infrastructure cost adjusted for footprint ($)": 39479569.032480106 }, "geometry": { "type": "Polygon", "coordinates": [ [ [ -122.623644000040215, 45.367164000711732 ], [ -122.622806000339239, 45.367576999921866 ], [ -122.622702999508746, 45.367626000430327 ], [ -122.622612999995397, 45.367650000509322 ], [ -122.622510999888135, 45.367655999896328 ], [ -122.622459999834518, 45.367651000196808 ], [ -122.622405000481251, 45.36763999984651 ], [ -122.622335999985964, 45.367615999763267 ], [ -122.621621000308622, 45.367294999880038 ], [ -122.621517999478144, 45.367256000448435 ], [ -122.621443999858315, 45.367218000053953 ], [ -122.621342999575972, 45.367146999564099 ], [ -122.6212630001083, 45.367063000389457 ], [ -122.621216000252645, 45.366988000277232 ], [ -122.621179999369318, 45.366885000238661 ], [ -122.621150999955319, 45.366833999684459 ], [ -122.621093000228996, 45.366752000082982 ], [ -122.620858999877299, 45.366492000237443 ], [ -122.620512000445956, 45.366162000338868 ], [ -122.620472000263007, 45.366130000651793 ], [ -122.620237999911254, 45.365941000040003 ], [ -122.619405000233115, 45.365223999711461 ], [ -122.619294999729945, 45.365105000112074 ], [ -122.619147000490287, 45.364980000592148 ], [ -122.619100999561198, 45.364929999949439 ], [ -122.618954000146431, 45.36483199989965 ], [ -122.618806999833339, 45.364710999996817 ], [ -122.618700000601507, 45.364638999775281 ], [ -122.618576999679561, 45.364586999979096 ], [ -122.618453999655912, 45.364550000689761 ], [ -122.618349000073906, 45.364525000183903 ], [ -122.618243999593631, 45.364515999973875 ], [ -122.618139000011624, 45.364520999950493 ], [ -122.618002999569171, 45.364554999401065 ], [ -122.616621999719996, 45.365241000174748 ], [ -122.616214000189302, 45.364853999796814 ], [ -122.616109000607324, 45.364754000137971 ], [ -122.615016000638192, 45.363714999528277 ], [ -122.614135000381182, 45.36279000019529 ], [ -122.613117999681762, 45.361779000598041 ], [ -122.612948000700726, 45.361602000025734 ], [ -122.612875999832397, 45.361527000247385 ], [ -122.613205999545272, 45.361294999823919 ], [ -122.613830999709265, 45.360782000458777 ], [ -122.614346000268384, 45.360298000623608 ], [ -122.61477300006564, 45.359912999533961 ], [ -122.616007000500076, 45.358798999411135 ], [ -122.61704500021763, 45.358035000499704 ], [ -122.617699999620498, 45.357544000196775 ], [ -122.618369000165416, 45.357529000309405 ], [ -122.619199000368809, 45.357506000221932 ], [ -122.620350000064235, 45.357491000324544 ], [ -122.620237000086362, 45.357563000174601 ], [ -122.620208999598958, 45.357608999662595 ], [ -122.620206999949147, 45.357713999904476 ], [ -122.620247999957044, 45.358473999964239 ], [ -122.620392999721957, 45.358475999663547 ], [ -122.620578999494811, 45.358477999994037 ], [ -122.620609000530365, 45.358468999453166 ], [ -122.621198000709299, 45.35800099965568 ], [ -122.62172200059095, 45.358421000331845 ], [ -122.622890999829735, 45.359137999773978 ], [ -122.6229080004465, 45.359851000297247 ], [ -122.622714000277725, 45.359838999867037 ], [ -122.622378999643672, 45.359789000361424 ], [ -122.622076000593282, 45.359725999898913 ], [ -122.621795000385873, 45.359676000293462 ], [ -122.621622000133513, 45.359634000540261 ], [ -122.621479000018397, 45.359617999483866 ], [ -122.621353000520017, 45.359613000336353 ], [ -122.621277999278618, 45.359617999483866 ], [ -122.621200999285719, 45.359634000540268 ], [ -122.621060000617049, 45.359681999894995 ], [ -122.620981000076014, 45.359719999670894 ], [ -122.620915999778703, 45.359765999930211 ], [ -122.620873999945886, 45.359811000326062 ], [ -122.620714999937206, 45.36028700010587 ], [ -122.620285999591843, 45.361976000163075 ], [ -122.620263000025574, 45.362033000031069 ], [ -122.620254999629708, 45.362088000270006 ], [ -122.620264999675413, 45.362159999951139 ], [ -122.62030200038366, 45.362231999540583 ], [ -122.620361999759822, 45.36229699993288 ], [ -122.620436000277948, 45.36234600059678 ], [ -122.620605000332361, 45.362417000169572 ], [ -122.620841000333925, 45.362499000374271 ], [ -122.621035000502687, 45.362552999751443 ], [ -122.621235000519221, 45.362598000455336 ], [ -122.621438999835377, 45.362633000206706 ], [ -122.621593999646123, 45.362652000369167 ], [ -122.62180200005858, 45.3626689997119 ], [ -122.622012000120861, 45.362676000033815 ], [ -122.622220999459927, 45.362672000300819 ], [ -122.622596000276957, 45.362653000145009 ], [ -122.622841999425944, 45.362624999471912 ], [ -122.622851000545083, 45.362949000551829 ], [ -122.622413999803754, 45.365753000411253 ], [ -122.622382999841619, 45.366350999581115 ], [ -122.622380000366888, 45.366404999699427 ], [ -122.622394999537207, 45.366510000027375 ], [ -122.622434999720184, 45.366556000446217 ], [ -122.622479999926, 45.366585999848603 ], [ -122.622541000025365, 45.36660799969475 ], [ -122.622646999432305, 45.366628999826808 ], [ -122.622778999676783, 45.366638000331797 ], [ -122.622972000020582, 45.366642999489713 ], [ -122.623059999884148, 45.366656000075238 ], [ -122.623227000288736, 45.366692000176158 ], [ -122.62333399952054, 45.366752000082982 ], [ -122.623396000343121, 45.366801000043878 ], [ -122.623475999810751, 45.366892999739775 ], [ -122.623580999392715, 45.367049999897525 ], [ -122.623644000040215, 45.367164000711732 ] ] ] } },
{ "type": "Feature", "properties": { "census lot building footprint": 0.15137413288331922, "POP20": 18.0, "infrastructure cost adjusted for footprint ($)": 552516.43800166727 }, "geometry": { "type": "Polygon", "coordinates": [ [ [ -122.620609000530365, 45.358468999453166 ], [ -122.620578999494811, 45.358477999994037 ], [ -122.620392999721957, 45.358475999663547 ], [ -122.620247999957044, 45.358473999964239 ], [ -122.620206999949147, 45.357713999904476 ], [ -122.620208999598958, 45.357608999662595 ], [ -122.620237000086362, 45.357563000174601 ], [ -122.620350000064235, 45.357491000324544 ], [ -122.621198000709299, 45.35800099965568 ], [ -122.620609000530365, 45.358468999453166 ] ] ] } },
{ "type": "Feature", "properties": { "census lot building footprint": 0.18366576358244291, "POP20": 12.0, "infrastructure cost adjusted for footprint ($)": 848845.81257084047 }, "geometry": { "type": "Polygon", "coordinates": [ [ [ -122.621198000709299, 45.35800099965568 ], [ -122.620350000064235, 45.357491000324544 ], [ -122.620422999859187, 45.357477999526552 ], [ -122.620477999212454, 45.35746199975415 ], [ -122.620577999669891, 45.357402000093941 ], [ -122.621072000312608, 45.357025999638871 ], [ -122.621823999799872, 45.357484999859473 ], [ -122.621198000709299, 45.35800099965568 ] ] ] } },
{ "type": "Feature", "properties": { "census lot building footprint": 0.1636774781981428, "POP20": 15.0, "infrastructure cost adjusted for footprint ($)": 283376.5893629748 }, "geometry": { "type": "Polygon", "coordinates": [ [ [ -122.622284000107427, 45.356947999845943 ], [ -122.621823999799872, 45.357484999859473 ], [ -122.621072000312608, 45.357025999638871 ], [ -122.62115800052635, 45.35696400039491 ], [ -122.621260999560178, 45.35691599999695 ], [ -122.621940000150857, 45.356705000263254 ], [ -122.622284000107427, 45.356947999845943 ] ] ] } },
{ "type": "Feature", "properties": { "census lot building footprint": 0.13013096677594829, "POP20": 61.0, "infrastructure cost adjusted for footprint ($)": 2304499.7790729431 }, "geometry": { "type": "Polygon", "coordinates": [ [ [ -122.624167000096961, 45.356473000267236 ], [ -122.624085000081223, 45.356550000199988 ], [ -122.623921000049677, 45.356688000391088 ], [ -122.623690000071008, 45.356885000638812 ], [ -122.623080999800536, 45.357335000650764 ], [ -122.623008999830503, 45.357394000513224 ], [ -122.622437000268334, 45.357860000560308 ], [ -122.622373999620805, 45.357909999876789 ], [ -122.621784000515234, 45.358370999573197 ], [ -122.62172200059095, 45.358421000331845 ], [ -122.621198000709299, 45.35800099965568 ], [ -122.621823999799872, 45.357484999859473 ], [ -122.622284000107427, 45.356947999845943 ], [ -122.621940000150857, 45.356705000263254 ], [ -122.622166999931579, 45.356647000195643 ], [ -122.622890999829735, 45.356442999920795 ], [ -122.623892999562258, 45.356184000560738 ], [ -122.624147999830384, 45.356392999939267 ], [ -122.624172000119827, 45.356425000084045 ], [ -122.624167000096961, 45.356473000267236 ] ] ] } },
{ "type": "Feature", "properties": { "census lot building footprint": 0.2391557270946621, "POP20": 30.0, "infrastructure cost adjusted for footprint ($)": 598261.77854214341 }, "geometry": { "type": "Polygon", "coordinates": [ [ [ -122.623757999843036, 45.357900000648236 ], [ -122.623500000100208, 45.357727999879963 ], [ -122.623008999830503, 45.357394000513224 ], [ -122.623080999800536, 45.357335000650764 ], [ -122.623690000071008, 45.356885000638812 ], [ -122.624486999764116, 45.357415999515354 ], [ -122.623757999843036, 45.357900000648236 ] ] ] } },
{ "type": "Feature", "properties": { "census lot building footprint": 0.15194417391972956, "POP20": 17.0, "infrastructure cost adjusted for footprint ($)": 655234.79629164387 }, "geometry": { "type": "Polygon", "coordinates": [ [ [ -122.624948999721468, 45.358418000148731 ], [ -122.623808000071747, 45.358407000527848 ], [ -122.624129999388728, 45.358147000202138 ], [ -122.623757999843036, 45.357900000648236 ], [ -122.624486999764116, 45.357415999515354 ], [ -122.624814999827166, 45.357634000068536 ], [ -122.624865999880782, 45.357675000180087 ], [ -122.624943000771992, 45.357755999820469 ], [ -122.624944999523521, 45.357927999872409 ], [ -122.624945999348412, 45.358076999546171 ], [ -122.624948999721468, 45.358418000148731 ] ] ] } },
{ "type": "Feature", "properties": { "census lot building footprint": 0.19963368054250072, "POP20": 37.0, "infrastructure cost adjusted for footprint ($)": 776450.05702545471 }, "geometry": { "type": "Polygon", "coordinates": [ [ [ -122.623808000071747, 45.358407000527848 ], [ -122.623729000429037, 45.358451999479719 ], [ -122.623596000359655, 45.358544999346279 ], [ -122.62348900022954, 45.35859800012495 ], [ -122.623452000419618, 45.358607000014054 ], [ -122.623420000632564, 45.35860899970865 ], [ -122.623384999574171, 45.358605999535477 ], [ -122.62334999941406, 45.358590000082074 ], [ -122.622373999620805, 45.357909999876789 ], [ -122.622437000268334, 45.357860000560308 ], [ -122.623008999830503, 45.357394000513224 ], [ -122.623500000100208, 45.357727999879963 ], [ -122.623757999843036, 45.357900000648236 ], [ -122.624129999388728, 45.358147000202138 ], [ -122.623808000071747, 45.358407000527848 ] ] ] } },
{ "type": "Feature", "properties": { "census lot building footprint": 0.18457795976546415, "POP20": 29.0, "infrastructure cost adjusted for footprint ($)": 281740.99941897951 }, "geometry": { "type": "Polygon", "coordinates": [ [ [ -122.623452000419618, 45.358607000014054 ], [ -122.622890999829735, 45.359137999773978 ], [ -122.62172200059095, 45.358421000331845 ], [ -122.621784000515234, 45.358370999573197 ], [ -122.622373999620805, 45.357909999876789 ], [ -122.62334999941406, 45.358590000082074 ], [ -122.623384999574171, 45.358605999535477 ], [ -122.623420000632564, 45.35860899970865 ], [ -122.623452000419618, 45.358607000014054 ] ] ] } },
{ "type": "Feature", "properties": { "census lot building footprint": 0.17113547472708004, "POP20": 34.0, "infrastructure cost adjusted for footprint ($)": 745685.05675191444 }, "geometry": { "type": "Polygon", "coordinates": [ [ [ -122.624947000071657, 45.359137999773971 ], [ -122.623799999675825, 45.359129000600532 ], [ -122.623235999611239, 45.359136999936027 ], [ -122.623030000645215, 45.359144000063715 ], [ -122.622890999829735, 45.359137999773978 ], [ -122.623452000419618, 45.358607000014054 ], [ -122.62348900022954, 45.35859800012495 ], [ -122.623596000359655, 45.358544999346279 ], [ -122.623729000429037, 45.358451999479719 ], [ -122.623808000071747, 45.358407000527848 ], [ -122.624948999721468, 45.358418000148731 ], [ -122.624947000071657, 45.359137999773971 ] ] ] } },
{ "type": "Feature", "properties": { "census lot building footprint": 0.14307977529797997, "POP20": 26.0, "infrastructure cost adjusted for footprint ($)": 1195757.5497594106 }, "geometry": { "type": "Polygon", "coordinates": [ [ [ -122.624217000325672, 45.361300000085208 ], [ -122.624175000492883, 45.361460000007895 ], [ -122.623767999888827, 45.361411000470156 ], [ -122.623381000274506, 45.361390000294634 ], [ -122.622863000240656, 45.361400999966762 ], [ -122.6229080004465, 45.359851000297247 ], [ -122.623481999658537, 45.359851000297226 ], [ -122.623644000040244, 45.35987899981842 ], [ -122.623762999865932, 45.359921999845078 ], [ -122.623905000156157, 45.359990999658088 ], [ -122.623982000149056, 45.360036999697073 ], [ -122.624049000096193, 45.360107999642729 ], [ -122.624123000614361, 45.360207999939533 ], [ -122.624153999678171, 45.360320999576224 ], [ -122.624183999815415, 45.360558999714975 ], [ -122.624218999975497, 45.361058000060382 ], [ -122.624217000325672, 45.361300000085208 ] ] ] } },
{ "type": "Feature", "properties": { "census lot building footprint": 0.18609302102241942, "POP20": 136.0, "infrastructure cost adjusted for footprint ($)": 3274947.8734676559 }, "geometry": { "type": "Polygon", "coordinates": [ [ [ -122.622863000240656, 45.361400999966762 ], [ -122.622841999425944, 45.362624999471912 ], [ -122.622596000276957, 45.362653000145009 ], [ -122.622220999459927, 45.362672000300819 ], [ -122.622012000120861, 45.362676000033815 ], [ -122.62180200005858, 45.3626689997119 ], [ -122.621593999646123, 45.362652000369167 ], [ -122.621438999835377, 45.362633000206706 ], [ -122.621235000519221, 45.362598000455336 ], [ -122.621035000502687, 45.362552999751443 ], [ -122.620841000333925, 45.362499000374271 ], [ -122.620605000332361, 45.362417000169572 ], [ -122.620436000277948, 45.36234600059678 ], [ -122.620361999759822, 45.36229699993288 ], [ -122.62030200038366, 45.362231999540583 ], [ -122.620264999675413, 45.362159999951139 ], [ -122.620254999629708, 45.362088000270006 ], [ -122.620263000025574, 45.362033000031069 ], [ -122.620285999591843, 45.361976000163075 ], [ -122.620714999937206, 45.36028700010587 ], [ -122.620873999945886, 45.359811000326062 ], [ -122.620915999778703, 45.359765999930211 ], [ -122.620981000076014, 45.359719999670894 ], [ -122.621060000617049, 45.359681999894995 ], [ -122.621200999285719, 45.359634000540268 ], [ -122.621277999278618, 45.359617999483866 ], [ -122.621353000520017, 45.359613000336353 ], [ -122.621479000018397, 45.359617999483866 ], [ -122.621622000133513, 45.359634000540261 ], [ -122.621795000385873, 45.359676000293462 ], [ -122.622076000593282, 45.359725999898913 ], [ -122.622378999643672, 45.359789000361424 ], [ -122.622714000277725, 45.359838999867037 ], [ -122.6229080004465, 45.359851000297247 ], [ -122.622863000240656, 45.361400999966762 ] ] ] } },
{ "type": "Feature", "properties": { "census lot building footprint": 0.15462629772028441, "POP20": 21.0, "infrastructure cost adjusted for footprint ($)": 1192349.4227335539 }, "geometry": { "type": "Polygon", "coordinates": [ [ [ -122.624273000402184, 45.362402000311675 ], [ -122.622841999425944, 45.362624999471912 ], [ -122.622863000240656, 45.361400999966762 ], [ -122.623381000274506, 45.361390000294634 ], [ -122.623767999888827, 45.361411000470156 ], [ -122.624175000492883, 45.361460000007895 ], [ -122.62415100020344, 45.36161599967037 ], [ -122.624137999784665, 45.361827999817081 ], [ -122.624136999959731, 45.361949999993833 ], [ -122.624208000104886, 45.362285000021444 ], [ -122.624273000402184, 45.362402000311675 ] ] ] } },
{ "type": "Feature", "properties": { "census lot building footprint": 0.085413513954711598, "POP20": 26.0, "infrastructure cost adjusted for footprint ($)": 1089127.8485928588 }, "geometry": { "type": "Polygon", "coordinates": [ [ [ -122.620438000826141, 45.366150999698952 ], [ -122.620411000163642, 45.366165000111366 ], [ -122.62036599995777, 45.366194000007859 ], [ -122.620314999904153, 45.366225000577209 ], [ -122.620241000284281, 45.366266000143604 ], [ -122.620154000245677, 45.366321000054093 ], [ -122.620057999986216, 45.366384000115339 ], [ -122.620009999407316, 45.366419000048936 ], [ -122.619884999733841, 45.366275999787085 ], [ -122.619750000014633, 45.366137999628535 ], [ -122.619654000653483, 45.366049000376748 ], [ -122.619502999244119, 45.365919999652533 ], [ -122.619340999760723, 45.365797000111762 ], [ -122.619171000779701, 45.365680000531334 ], [ -122.61901199987274, 45.365581000163317 ], [ -122.618949000123578, 45.365552999677178 ], [ -122.61888300000129, 45.365537000294758 ], [ -122.618819000427237, 45.365531999776799 ], [ -122.618749999931936, 45.365538000019605 ], [ -122.618689999657462, 45.365551999952579 ], [ -122.618639000502142, 45.365572999845504 ], [ -122.618189000240349, 45.365804999766823 ], [ -122.617554000030637, 45.3661300006518 ], [ -122.617266999975456, 45.365856000617605 ], [ -122.617123000035392, 45.365719000418395 ], [ -122.616621999719996, 45.365241000174748 ], [ -122.618002999569171, 45.364554999401065 ], [ -122.618139000011624, 45.364520999950493 ], [ -122.618243999593631, 45.364515999973875 ], [ -122.618349000073906, 45.364525000183903 ], [ -122.618453999655912, 45.364550000689761 ], [ -122.618576999679561, 45.364586999979096 ], [ -122.618700000601507, 45.364638999775281 ], [ -122.618806999833339, 45.364710999996817 ], [ -122.618954000146431, 45.36483199989965 ], [ -122.619100999561198, 45.364929999949439 ], [ -122.619147000490287, 45.364980000592148 ], [ -122.619294999729945, 45.365105000112074 ], [ -122.619405000233115, 45.365223999711461 ], [ -122.620237999911254, 45.365941000040003 ], [ -122.620472000263007, 45.366130000651793 ], [ -122.620438000826141, 45.366150999698952 ] ] ] } },
{ "type": "Feature", "properties": { "census lot building footprint": 0.18651515602071056, "POP20": 24.0, "infrastructure cost adjusted for footprint ($)": 1215100.9039854691 }, "geometry": { "type": "Polygon", "coordinates": [ [ [ -122.617745000724653, 45.367586000276049 ], [ -122.616384000068606, 45.366314000183245 ], [ -122.617123000035392, 45.365719000418395 ], [ -122.617266999975456, 45.365856000617605 ], [ -122.617554000030637, 45.3661300006518 ], [ -122.618625999185085, 45.367151999939296 ], [ -122.617745000724653, 45.367586000276049 ] ] ] } },
{ "type": "Feature", "properties": { "census lot building footprint": 0.15537569181987107, "POP20": 25.0, "infrastructure cost adjusted for footprint ($)": 941021.16792659694 }, "geometry": { "type": "Polygon", "coordinates": [ [ [ -122.618625999185085, 45.367151999939296 ], [ -122.617554000030637, 45.3661300006518 ], [ -122.618189000240349, 45.365804999766823 ], [ -122.619242999851451, 45.366824999841768 ], [ -122.618625999185085, 45.367151999939296 ] ] ] } },
{ "type": "Feature", "properties": { "census lot building footprint": 0.17926746154615464, "POP20": 22.0, "infrastructure cost adjusted for footprint ($)": 1049097.8302775188 }, "geometry": { "type": "Polygon", "coordinates": [ [ [ -122.620009999407316, 45.366419000048936 ], [ -122.619242999851451, 45.366824999841768 ], [ -122.618189000240349, 45.365804999766823 ], [ -122.618639000502142, 45.365572999845504 ], [ -122.618689999657462, 45.365551999952579 ], [ -122.618749999931936, 45.365538000019605 ], [ -122.618819000427237, 45.365531999776799 ], [ -122.61888300000129, 45.365537000294758 ], [ -122.618949000123578, 45.365552999677178 ], [ -122.61901199987274, 45.365581000163317 ], [ -122.619171000779701, 45.365680000531334 ], [ -122.619340999760723, 45.365797000111762 ], [ -122.619502999244119, 45.365919999652533 ], [ -122.619654000653483, 45.366049000376748 ], [ -122.619750000014633, 45.366137999628535 ], [ -122.619884999733841, 45.366275999787085 ], [ -122.620009999407316, 45.366419000048936 ] ] ] } },
{ "type": "Feature", "properties": { "census lot building footprint": 0.0057359726748268938, "POP20": 0.0, "infrastructure cost adjusted for footprint ($)": 20580956.154390253 }, "geometry": { "type": "Polygon", "coordinates": [ [ [ -122.619789000372691, 45.370334000000291 ], [ -122.61887000048084, 45.370351000190013 ], [ -122.618545000790817, 45.370351999829793 ], [ -122.618502000234841, 45.370337000182616 ], [ -122.618452999830993, 45.370309999797925 ], [ -122.618360999769493, 45.37026900000722 ], [ -122.618247999791578, 45.370226000271735 ], [ -122.61812599959282, 45.370167000537435 ], [ -122.618054000521155, 45.370162000428756 ], [ -122.617971999607065, 45.370164000346065 ], [ -122.617885999393351, 45.370187000336614 ], [ -122.61777299941545, 45.370227999555674 ], [ -122.617780999811359, 45.370211999602269 ], [ -122.616965000749985, 45.369811000278418 ], [ -122.616073999548902, 45.369368999561743 ], [ -122.616617999522049, 45.36883900019383 ], [ -122.61709299989819, 45.368350000226727 ], [ -122.618782999543882, 45.369243999997551 ], [ -122.619796999870275, 45.369780999430979 ], [ -122.619789000372691, 45.370334000000291 ] ] ] } },
{ "type": "Feature", "properties": { "census lot building footprint": 0.12933024616208574, "POP20": 97.0, "infrastructure cost adjusted for footprint ($)": 4971838.5726207858 }, "geometry": { "type": "Polygon", "coordinates": [ [ [ -122.623084999998483, 45.370508999853058 ], [ -122.623069000104991, 45.370609000066729 ], [ -122.623054000036376, 45.370655000307636 ], [ -122.623050000736725, 45.37066799997104 ], [ -122.622993000835294, 45.37077399959103 ], [ -122.622767999806101, 45.370694999553749 ], [ -122.621787999814899, 45.370377000284762 ], [ -122.620294999812685, 45.369894000142018 ], [ -122.619785000174716, 45.369652999927723 ], [ -122.619237999828556, 45.369323000168258 ], [ -122.618916000511575, 45.369128999927334 ], [ -122.617288999716777, 45.3681479998505 ], [ -122.617020000103253, 45.36798599991485 ], [ -122.617307000158405, 45.367820999830727 ], [ -122.617745000724653, 45.367586000276049 ], [ -122.618625999185085, 45.367151999939296 ], [ -122.619134999896389, 45.367636999521089 ], [ -122.62029099961471, 45.368705999583646 ], [ -122.621080000708531, 45.369326000404243 ], [ -122.621227000123298, 45.369427999497333 ], [ -122.622898999327347, 45.370282000390446 ], [ -122.622999999609689, 45.370340000364791 ], [ -122.623042000340746, 45.370385999562281 ], [ -122.623076999602574, 45.370457000404123 ], [ -122.623084999998483, 45.370508999853058 ] ] ] } },
{ "type": "Feature", "properties": { "census lot building footprint": 0.13716715234722354, "POP20": 51.0, "infrastructure cost adjusted for footprint ($)": 2639852.9292904804 }, "geometry": { "type": "Polygon", "coordinates": [ [ [ -122.621797999860632, 45.371547000380446 ], [ -122.620790999206903, 45.371541999762719 ], [ -122.619790000197611, 45.37153399965689 ], [ -122.619781999801674, 45.37086600039806 ], [ -122.619786999824541, 45.370481999550485 ], [ -122.619789000372691, 45.370334000000291 ], [ -122.619796999870275, 45.369780999430979 ], [ -122.618782999543882, 45.369243999997551 ], [ -122.618916000511575, 45.369128999927334 ], [ -122.619237999828556, 45.369323000168258 ], [ -122.619785000174716, 45.369652999927723 ], [ -122.620294999812685, 45.369894000142018 ], [ -122.621787999814899, 45.370377000284762 ], [ -122.621815000477369, 45.370883000427916 ], [ -122.621797999860632, 45.371547000380446 ] ] ] } },
{ "type": "Feature", "properties": { "census lot building footprint": 0.060266764429355864, "POP20": 206.0, "infrastructure cost adjusted for footprint ($)": 19218750.865767464 }, "geometry": { "type": "Polygon", "coordinates": [ [ [ -122.630053999716978, 45.366224000233323 ], [ -122.629994999267439, 45.366349999870572 ], [ -122.629995999990655, 45.366991999705093 ], [ -122.630039999473283, 45.367849999509339 ], [ -122.629478999781739, 45.367858999820072 ], [ -122.629375999849557, 45.367865000447189 ], [ -122.629249000526286, 45.367878999804191 ], [ -122.629123999954487, 45.367902000092812 ], [ -122.627931999352839, 45.368165000066192 ], [ -122.627540999540571, 45.368252000421741 ], [ -122.627418000415275, 45.368272000266927 ], [ -122.627328999828478, 45.36827999957189 ], [ -122.627239000315114, 45.368281999555748 ], [ -122.627063000588009, 45.368270999959272 ], [ -122.626954999734636, 45.368253000098605 ], [ -122.626835999909005, 45.368222000009609 ], [ -122.626739999649516, 45.368188999916477 ], [ -122.626647999588016, 45.3681479998505 ], [ -122.625378000066874, 45.367750999783489 ], [ -122.624111000020463, 45.367385000019262 ], [ -122.623741000124639, 45.367214000010925 ], [ -122.623644000040215, 45.367164000711732 ], [ -122.623580999392715, 45.367049999897525 ], [ -122.623475999810751, 45.366892999739775 ], [ -122.623396000343121, 45.366801000043878 ], [ -122.62333399952054, 45.366752000082982 ], [ -122.623227000288736, 45.366692000176158 ], [ -122.623059999884148, 45.366656000075238 ], [ -122.622972000020582, 45.366642999489713 ], [ -122.622778999676783, 45.366638000331797 ], [ -122.622646999432305, 45.366628999826808 ], [ -122.622541000025365, 45.36660799969475 ], [ -122.622479999926, 45.366585999848603 ], [ -122.622434999720184, 45.366556000446217 ], [ -122.622394999537207, 45.366510000027375 ], [ -122.622380000366888, 45.366404999699427 ], [ -122.622382999841619, 45.366350999581115 ], [ -122.622413999803754, 45.365753000411253 ], [ -122.622851000545083, 45.362949000551829 ], [ -122.622841999425944, 45.362624999471912 ], [ -122.624273000402184, 45.362402000311675 ], [ -122.624917999759333, 45.362325000137126 ], [ -122.625062999524317, 45.36231799977174 ], [ -122.625185999547952, 45.362319999966388 ], [ -122.625342000081844, 45.362328000744249 ], [ -122.625483000547163, 45.362354000108617 ], [ -122.625667999596814, 45.362414999978398 ], [ -122.625857000640977, 45.362461000571265 ], [ -122.626009000078653, 45.362510999609107 ], [ -122.626176999409793, 45.362549000009729 ], [ -122.626301999981592, 45.362573000349201 ], [ -122.626495000325448, 45.362569999755017 ], [ -122.627264000429477, 45.36247599978234 ], [ -122.627797999458565, 45.362390999571829 ], [ -122.627829999245577, 45.363555000302398 ], [ -122.62788999952005, 45.363868000652758 ], [ -122.627922000205416, 45.363993000105175 ], [ -122.628619000339398, 45.363988999834092 ], [ -122.628810000135118, 45.364005000285466 ], [ -122.628882999930042, 45.364023000235562 ], [ -122.628960000821266, 45.364046999949757 ], [ -122.629062000030189, 45.364056000234434 ], [ -122.630038999648363, 45.364045999567402 ], [ -122.630046000219394, 45.365039000687766 ], [ -122.630051000242261, 45.365864999983302 ], [ -122.630053999716978, 45.366224000233323 ] ] ] } },
{ "type": "Feature", "properties": { "census lot building footprint": 0.22823985744534975, "POP20": 35.0, "infrastructure cost adjusted for footprint ($)": 1488730.8094335778 }, "geometry": { "type": "Polygon", "coordinates": [ [ [ -122.632528000433624, 45.36407499991904 ], [ -122.632528000433624, 45.364546000458084 ], [ -122.632507000517279, 45.365071000360885 ], [ -122.632499999946234, 45.365429999338424 ], [ -122.632159999289286, 45.365395999782578 ], [ -122.631894999873737, 45.365368000467114 ], [ -122.631609000541744, 45.365341000235013 ], [ -122.631507000434524, 45.365320999984675 ], [ -122.63146099950545, 45.365292000271751 ], [ -122.631434000639572, 45.365245000357298 ], [ -122.631417000022864, 45.365196999410628 ], [ -122.631411000175063, 45.364878000420752 ], [ -122.631404999428966, 45.364380999806954 ], [ -122.631411000175063, 45.363890999416448 ], [ -122.631422000045731, 45.363640999784749 ], [ -122.631465999528359, 45.363618999415912 ], [ -122.631588000625399, 45.36361300023183 ], [ -122.63209200041554, 45.363612000472997 ], [ -122.632418999755387, 45.36364599983871 ], [ -122.632540999954102, 45.363700999771879 ], [ -122.632528000433624, 45.36407499991904 ] ] ] } },
{ "type": "Feature", "properties": { "census lot building footprint": 0.20290474510968776, "POP20": 128.0, "infrastructure cost adjusted for footprint ($)": 4126646.6417818801 }, "geometry": { "type": "Polygon", "coordinates": [ [ [ -122.633585999344334, 45.366029000376678 ], [ -122.633592000090445, 45.366311999498635 ], [ -122.63359700011334, 45.366649000245815 ], [ -122.632838000055017, 45.366561999949326 ], [ -122.631554999216789, 45.366405999408911 ], [ -122.630053999716978, 45.366224000233323 ], [ -122.630051000242261, 45.365864999983302 ], [ -122.630046000219394, 45.365039000687766 ], [ -122.630038999648363, 45.364045999567402 ], [ -122.63003100015078, 45.362972999459288 ], [ -122.631172999625363, 45.362945000206956 ], [ -122.6313229994132, 45.362945000206942 ], [ -122.631411000175063, 45.362972999459309 ], [ -122.631438999764171, 45.363000000190475 ], [ -122.631458999855653, 45.363047000076591 ], [ -122.631458999855653, 45.363189999664641 ], [ -122.631422000045731, 45.363640999784749 ], [ -122.631411000175063, 45.363890999416448 ], [ -122.631404999428966, 45.364380999806954 ], [ -122.631411000175063, 45.364878000420752 ], [ -122.631417000022864, 45.365196999410628 ], [ -122.631434000639572, 45.365245000357298 ], [ -122.63146099950545, 45.365292000271751 ], [ -122.631507000434524, 45.365320999984675 ], [ -122.631609000541744, 45.365341000235013 ], [ -122.631894999873737, 45.365368000467114 ], [ -122.632159999289286, 45.365395999782578 ], [ -122.632499999946234, 45.365429999338424 ], [ -122.632698000312928, 45.365505000254124 ], [ -122.632868000192261, 45.365599999966868 ], [ -122.632990000391004, 45.365668000075168 ], [ -122.633173999615693, 45.36572900015851 ], [ -122.633344000393322, 45.365756000205472 ], [ -122.633626999352202, 45.365764999587086 ], [ -122.633585999344334, 45.366029000376678 ] ] ] } },
{ "type": "Feature", "properties": { "census lot building footprint": 0.15356754554556565, "POP20": 315.0, "infrastructure cost adjusted for footprint ($)": 14117881.06376121 }, "geometry": { "type": "Polygon", "coordinates": [ [ [ -122.638523999833595, 45.369227000106207 ], [ -122.638361999451917, 45.369238999807322 ], [ -122.638199000143587, 45.369240999757288 ], [ -122.638035999936946, 45.369233999616618 ], [ -122.637874999380173, 45.369215999431269 ], [ -122.637716000269847, 45.36918800011334 ], [ -122.637561000459129, 45.369151000046671 ], [ -122.63742899931637, 45.369095999732359 ], [ -122.637300000343231, 45.369057999942889 ], [ -122.63719900006086, 45.369037999744513 ], [ -122.637077999687065, 45.369024999706454 ], [ -122.636937999944976, 45.369021999454496 ], [ -122.636799000027807, 45.369034000461319 ], [ -122.636696999920531, 45.369051000410693 ], [ -122.636527999866146, 45.369097999687362 ], [ -122.635388999866251, 45.369390999587694 ], [ -122.635429000049228, 45.369496000052749 ], [ -122.635444999942763, 45.369654000210929 ], [ -122.635444000117843, 45.369735000372543 ], [ -122.635289000307168, 45.370396000370711 ], [ -122.634099000253613, 45.370256999893535 ], [ -122.633145000201694, 45.370148000374577 ], [ -122.632970000299522, 45.3701460004567 ], [ -122.632833000032178, 45.370156999688561 ], [ -122.632671999475349, 45.370191999811993 ], [ -122.632545000152049, 45.370229999470631 ], [ -122.632389000516454, 45.370284999313405 ], [ -122.631761999804354, 45.370508999853058 ], [ -122.631237000097798, 45.370696999452193 ], [ -122.631052999974784, 45.370751000470285 ], [ -122.630838999714527, 45.370808000332019 ], [ -122.630847999935369, 45.370642999644744 ], [ -122.630800000254794, 45.370460999586697 ], [ -122.630750000026069, 45.370366999473013 ], [ -122.630647999918835, 45.370277999933009 ], [ -122.630520000770588, 45.370193000085649 ], [ -122.630399000396793, 45.370122000174582 ], [ -122.630153999276104, 45.369962000137185 ], [ -122.630095999549766, 45.369908000259088 ], [ -122.630031999975685, 45.369824999784903 ], [ -122.629996999815575, 45.369763999700972 ], [ -122.629956999632597, 45.369669999691091 ], [ -122.629949000135014, 45.369578000094094 ], [ -122.629958999282437, 45.369504000446831 ], [ -122.6299640002036, 45.369492000170816 ], [ -122.629975000074253, 45.36946599966933 ], [ -122.630023999579763, 45.369383000439832 ], [ -122.630071000333729, 45.369247000237706 ], [ -122.630078999831312, 45.369140999649247 ], [ -122.630063999762754, 45.368385000206061 ], [ -122.630039999473283, 45.367849999509339 ], [ -122.629995999990655, 45.366991999705093 ], [ -122.629994999267439, 45.366349999870572 ], [ -122.630053999716978, 45.366224000233323 ], [ -122.631554999216789, 45.366405999408911 ], [ -122.632838000055017, 45.366561999949326 ], [ -122.63359700011334, 45.366649000245815 ], [ -122.634070000839657, 45.366705999823523 ], [ -122.634111999774134, 45.366711000237721 ], [ -122.634575000454674, 45.366767000049741 ], [ -122.634717999671523, 45.3667840000494 ], [ -122.635198999895451, 45.366843000156869 ], [ -122.635269000215672, 45.366851000295078 ], [ -122.635416000528764, 45.366869000601845 ], [ -122.635490000148607, 45.366877999806434 ], [ -122.635731999997958, 45.366908000300263 ], [ -122.63582999990723, 45.366919999862255 ], [ -122.636067999558591, 45.366949000633987 ], [ -122.636416999538042, 45.366991999705064 ], [ -122.636431999606671, 45.366993999734461 ], [ -122.636473999439488, 45.366999000123172 ], [ -122.636863999426808, 45.367047000171915 ], [ -122.637158999877911, 45.367083000023968 ], [ -122.637584999850262, 45.367135999746893 ], [ -122.637805999783168, 45.367163000384537 ], [ -122.638476000152977, 45.367244999390181 ], [ -122.638523999833595, 45.369227000106207 ] ] ] } },
{ "type": "Feature", "properties": { "census lot building footprint": 0.058711279559088572, "POP20": 3.0, "infrastructure cost adjusted for footprint ($)": 570084.91717249225 }, "geometry": { "type": "Polygon", "coordinates": [ [ [ -122.640852000062068, 45.367632999507713 ], [ -122.640737000434328, 45.367614999444015 ], [ -122.640603000540025, 45.36759499936656 ], [ -122.64000599996514, 45.367499999848562 ], [ -122.640160999775844, 45.36698999967561 ], [ -122.640205999981688, 45.36686299986912 ], [ -122.640272999928854, 45.366675000148931 ], [ -122.640831999970572, 45.366760999937306 ], [ -122.640852000062068, 45.367632999507713 ] ] ] } },
{ "type": "Feature", "properties": { "census lot building footprint": 0.15461503509579824, "POP20": 74.0, "infrastructure cost adjusted for footprint ($)": 2045517.8117279769 }, "geometry": { "type": "Polygon", "coordinates": [ [ [ -122.640315999586591, 45.366141999747633 ], [ -122.640308000088936, 45.366304000546492 ], [ -122.640318000134698, 45.36638400011536 ], [ -122.640319999784481, 45.366501999840956 ], [ -122.640278999776612, 45.366657000411479 ], [ -122.640272999928854, 45.366675000148931 ], [ -122.640205999981688, 45.36686299986912 ], [ -122.640160999775844, 45.36698999967561 ], [ -122.64000599996514, 45.367499999848562 ], [ -122.639913999903669, 45.367485000076165 ], [ -122.639277000044117, 45.367378000280048 ], [ -122.638476000152977, 45.367244999390181 ], [ -122.637805999783168, 45.367163000384537 ], [ -122.637584999850262, 45.367135999746893 ], [ -122.637158999877911, 45.367083000023968 ], [ -122.636863999426808, 45.367047000171915 ], [ -122.636473999439488, 45.366999000123172 ], [ -122.636431999606671, 45.366993999734461 ], [ -122.636432999431563, 45.366929000321022 ], [ -122.636438000352783, 45.36641299989958 ], [ -122.636445000025461, 45.365838999707968 ], [ -122.636444000200541, 45.365756000205458 ], [ -122.636575999546707, 45.365755000484448 ], [ -122.636785999609017, 45.365754000132306 ], [ -122.637444000283267, 45.365749999985766 ], [ -122.637616000710707, 45.365748999633517 ], [ -122.63776399995038, 45.365747999912394 ], [ -122.638113999754765, 45.365746999560123 ], [ -122.638497999894327, 45.36574499948663 ], [ -122.638789000147455, 45.365790999896433 ], [ -122.638965000772856, 45.365819000264835 ], [ -122.63912599953305, 45.365843999567645 ], [ -122.639743000199417, 45.365931000337334 ], [ -122.640348000271899, 45.366039999778039 ], [ -122.640315999586591, 45.366141999747633 ] ] ] } },
{ "type": "Feature", "properties": { "census lot building footprint": 0.18388758175937667, "POP20": 90.0, "infrastructure cost adjusted for footprint ($)": 1217983.6555661715 }, "geometry": { "type": "Polygon", "coordinates": [ [ [ -122.641886000479971, 45.36253299977772 ], [ -122.641827000030403, 45.362589999715674 ], [ -122.641631000211817, 45.362885999820925 ], [ -122.641565000089599, 45.363032999523725 ], [ -122.641546999647943, 45.363164000053374 ], [ -122.641561999716515, 45.36321500012933 ], [ -122.641601000074601, 45.363286999638504 ], [ -122.64164399973231, 45.363352999844473 ], [ -122.641719000075369, 45.363419000604608 ], [ -122.641821000182617, 45.363473000365943 ], [ -122.641747000562773, 45.363596999669632 ], [ -122.641692000311195, 45.363751000238494 ], [ -122.641698999983902, 45.363942000099364 ], [ -122.640343000249032, 45.363377000474053 ], [ -122.639977000551141, 45.363166999353645 ], [ -122.639282000066956, 45.36261699999843 ], [ -122.639000000034656, 45.36247599978234 ], [ -122.638847000772117, 45.362480000160403 ], [ -122.638595999803627, 45.362414999978377 ], [ -122.638568000214519, 45.362299000128274 ], [ -122.638549999772877, 45.362228000407377 ], [ -122.638374000045758, 45.362030000039468 ], [ -122.638474000503194, 45.36196499997159 ], [ -122.638268999565469, 45.361775999961822 ], [ -122.639409000288552, 45.3621199997188 ], [ -122.639763000290884, 45.362297999715011 ], [ -122.640094000727018, 45.362605999931567 ], [ -122.640247999814477, 45.362733000458888 ], [ -122.64031899995959, 45.362773000257775 ], [ -122.640395000127569, 45.362799999822016 ], [ -122.640485000539257, 45.362812000255424 ], [ -122.640564000181968, 45.362807000127695 ], [ -122.640632999778958, 45.362796000728963 ], [ -122.640712000319965, 45.362768999900446 ], [ -122.640770999871194, 45.362737000187558 ], [ -122.640823999574621, 45.362697000363212 ], [ -122.641085000588888, 45.362232999955033 ], [ -122.64175400023548, 45.362377999899671 ], [ -122.641869000761517, 45.36243099961257 ], [ -122.641949000229161, 45.362484999685734 ], [ -122.641886000479971, 45.36253299977772 ] ] ] } },
{ "type": "Feature", "properties": { "census lot building footprint": 0.077894330399600642, "POP20": 54.0, "infrastructure cost adjusted for footprint ($)": 8492591.0301528778 }, "geometry": { "type": "Polygon", "coordinates": [ [ [ -122.643294000093363, 45.365051000015086 ], [ -122.643151999803109, 45.365348000226298 ], [ -122.643077000358375, 45.365320999984675 ], [ -122.642850999504248, 45.36523999981349 ], [ -122.641478000050938, 45.364750999659478 ], [ -122.638948999981011, 45.363796999745162 ], [ -122.638856000094634, 45.363762000082794 ], [ -122.638589999955826, 45.363666000050138 ], [ -122.638670000321781, 45.363527000075734 ], [ -122.638800999843028, 45.363410999981042 ], [ -122.639046999890311, 45.363314000219816 ], [ -122.638877999835955, 45.363082000181294 ], [ -122.638630000138804, 45.362766999721707 ], [ -122.638364, 45.362635000390199 ], [ -122.638009000172787, 45.362470999624989 ], [ -122.637708999698816, 45.362404000503354 ], [ -122.637458000526962, 45.362407999624189 ], [ -122.63712100024307, 45.362439000374714 ], [ -122.636650000064876, 45.362367000417457 ], [ -122.636341000268402, 45.362221999813514 ], [ -122.636120999262047, 45.362063999724747 ], [ -122.635942999885117, 45.36196099955712 ], [ -122.635646000682513, 45.3619009996182 ], [ -122.636024999900911, 45.361290999993244 ], [ -122.636217999346442, 45.360961000052008 ], [ -122.636410000763675, 45.360633999514114 ], [ -122.636496999903997, 45.36049599947863 ], [ -122.636748999799096, 45.360709999655207 ], [ -122.637657000718605, 45.361255999411746 ], [ -122.638015999845493, 45.361542000337266 ], [ -122.638268999565469, 45.361775999961822 ], [ -122.638474000503194, 45.36196499997159 ], [ -122.638374000045758, 45.362030000039468 ], [ -122.638549999772877, 45.362228000407377 ], [ -122.638568000214519, 45.362299000128274 ], [ -122.638595999803627, 45.362414999978377 ], [ -122.638847000772117, 45.362480000160403 ], [ -122.639000000034656, 45.36247599978234 ], [ -122.639282000066956, 45.36261699999843 ], [ -122.639977000551141, 45.363166999353645 ], [ -122.640343000249032, 45.363377000474053 ], [ -122.641698999983902, 45.363942000099364 ], [ -122.642211999994885, 45.364155000115552 ], [ -122.642784000455393, 45.364429000183712 ], [ -122.642943999390695, 45.364540000110054 ], [ -122.643280999674545, 45.36491400039089 ], [ -122.643333000451406, 45.364970999823335 ], [ -122.643294000093363, 45.365051000015086 ] ] ] } },
{ "type": "Feature", "properties": { "census lot building footprint": 0.19240420072077702, "POP20": 26.0, "infrastructure cost adjusted for footprint ($)": 1069976.5775326202 }, "geometry": { "type": "Polygon", "coordinates": [ [ [ -122.639046999890311, 45.363314000219816 ], [ -122.638800999843028, 45.363410999981042 ], [ -122.638670000321781, 45.363527000075734 ], [ -122.638589999955826, 45.363666000050138 ], [ -122.637231999672835, 45.363177999942664 ], [ -122.636881999868464, 45.363051999551914 ], [ -122.636801999502509, 45.363022999938217 ], [ -122.636776000461566, 45.363013999489148 ], [ -122.63702300033377, 45.362794000551155 ], [ -122.63712100024307, 45.362439000374714 ], [ -122.637458000526962, 45.362407999624189 ], [ -122.637708999698816, 45.362404000503354 ], [ -122.638009000172787, 45.362470999624989 ], [ -122.638364, 45.362635000390199 ], [ -122.638630000138804, 45.362766999721707 ], [ -122.638877999835955, 45.363082000181294 ], [ -122.639046999890311, 45.363314000219816 ] ] ] } },
{ "type": "Feature", "properties": { "census lot building footprint": 0.14153524556817029, "POP20": 214.0, "infrastructure cost adjusted for footprint ($)": 8719463.7320265695 }, "geometry": { "type": "Polygon", "coordinates": [ [ [ -122.640939000100715, 45.365582000518536 ], [ -122.64087200015355, 45.365670000151397 ], [ -122.640802999658248, 45.365756000205458 ], [ -122.640739999909073, 45.365812000331779 ], [ -122.640628999580983, 45.365885999760089 ], [ -122.640446000181228, 45.365974000182327 ], [ -122.640348000271899, 45.366039999778039 ], [ -122.639743000199417, 45.365931000337334 ], [ -122.63912599953305, 45.365843999567645 ], [ -122.638965000772856, 45.365819000264835 ], [ -122.638789000147455, 45.365790999896433 ], [ -122.638497999894327, 45.36574499948663 ], [ -122.638113999754765, 45.365746999560123 ], [ -122.63776399995038, 45.365747999912394 ], [ -122.637616000710707, 45.365748999633517 ], [ -122.637444000283267, 45.365749999985766 ], [ -122.636785999609017, 45.365754000132306 ], [ -122.636575999546707, 45.365755000484448 ], [ -122.636444000200541, 45.365756000205458 ], [ -122.636261999727367, 45.365756000205451 ], [ -122.636261999727367, 45.365701000376774 ], [ -122.636278999445793, 45.364259999570606 ], [ -122.636342999918213, 45.364283000068383 ], [ -122.636537000086975, 45.364354000366106 ], [ -122.636700000293587, 45.364077000051559 ], [ -122.63718399999226, 45.36325300005705 ], [ -122.636770999540389, 45.363107000693667 ], [ -122.636788999982045, 45.363060999994843 ], [ -122.636572000247099, 45.362981000144813 ], [ -122.636548999782548, 45.362972999459295 ], [ -122.636522999843265, 45.363022000168897 ], [ -122.635907999725035, 45.364124999423922 ], [ -122.635208000116293, 45.363869999530337 ], [ -122.635205999568157, 45.364036000160922 ], [ -122.635203999918346, 45.364201999673291 ], [ -122.635202999195116, 45.364429000183698 ], [ -122.634799999687289, 45.364424000198952 ], [ -122.634615000637694, 45.364422000078712 ], [ -122.633816999323031, 45.364428000439275 ], [ -122.633715999939, 45.364429000183691 ], [ -122.633648000166886, 45.364430000559302 ], [ -122.633648000166914, 45.364864999426615 ], [ -122.633642999245765, 45.365071000360885 ], [ -122.633626999352202, 45.365764999587086 ], [ -122.633344000393322, 45.365756000205472 ], [ -122.633173999615693, 45.36572900015851 ], [ -122.632990000391004, 45.365668000075168 ], [ -122.632868000192261, 45.365599999966868 ], [ -122.632698000312928, 45.365505000254124 ], [ -122.632499999946234, 45.365429999338424 ], [ -122.632507000517279, 45.365071000360885 ], [ -122.632528000433624, 45.364546000458084 ], [ -122.632528000433624, 45.36407499991904 ], [ -122.632540999954102, 45.363700999771879 ], [ -122.632622999969868, 45.36361899941592 ], [ -122.632705000883959, 45.363551000000399 ], [ -122.632827000184378, 45.36348299987197 ], [ -122.632950000208027, 45.36345000017004 ], [ -122.633079000079448, 45.363408000062478 ], [ -122.633214999623576, 45.363354000239077 ], [ -122.633304000210359, 45.363285999873895 ], [ -122.633390999350667, 45.363180000106901 ], [ -122.633602000136207, 45.362877999753188 ], [ -122.634083000360107, 45.362044999995938 ], [ -122.634445999684957, 45.362175999657403 ], [ -122.634685999884496, 45.362261999973668 ], [ -122.635173999781102, 45.362437000184286 ], [ -122.635470000057097, 45.362543999858836 ], [ -122.636239000161154, 45.362821000105363 ], [ -122.636776000461566, 45.363013999489148 ], [ -122.636801999502509, 45.363022999938217 ], [ -122.636881999868464, 45.363051999551914 ], [ -122.637231999672835, 45.363177999942664 ], [ -122.638589999955826, 45.363666000050138 ], [ -122.638856000094634, 45.363762000082794 ], [ -122.638948999981011, 45.363796999745162 ], [ -122.641478000050938, 45.364750999659478 ], [ -122.640939000100715, 45.365582000518536 ] ] ] } },
{ "type": "Feature", "properties": { "census lot building footprint": 0.086183968625757085, "POP20": 9.0, "infrastructure cost adjusted for footprint ($)": 510530.41794569942 }, "geometry": { "type": "Polygon", "coordinates": [ [ [ -122.63718399999226, 45.36325300005705 ], [ -122.636700000293587, 45.364077000051559 ], [ -122.636537000086975, 45.364354000366106 ], [ -122.636342999918213, 45.364283000068383 ], [ -122.636278999445793, 45.364259999570606 ], [ -122.636261999727367, 45.365701000376774 ], [ -122.636261999727367, 45.365756000205451 ], [ -122.635731999997944, 45.365759000630653 ], [ -122.635660000027954, 45.365759000630632 ], [ -122.635407000307922, 45.365760999441335 ], [ -122.635229000032695, 45.365760000351564 ], [ -122.635198000070559, 45.3657600003516 ], [ -122.635206999393077, 45.365080999584393 ], [ -122.633718000487136, 45.365074000191235 ], [ -122.633720999961866, 45.364752000029405 ], [ -122.633715999939, 45.364429000183691 ], [ -122.633816999323031, 45.364428000439275 ], [ -122.634615000637694, 45.364422000078712 ], [ -122.634799999687289, 45.364424000198952 ], [ -122.635202999195116, 45.364429000183698 ], [ -122.635203999918346, 45.364201999673291 ], [ -122.635205999568157, 45.364036000160922 ], [ -122.635208000116293, 45.363869999530337 ], [ -122.635907999725035, 45.364124999423922 ], [ -122.636522999843265, 45.363022000168897 ], [ -122.636548999782548, 45.362972999459295 ], [ -122.636572000247099, 45.362981000144813 ], [ -122.636788999982045, 45.363060999994843 ], [ -122.636770999540389, 45.363107000693667 ], [ -122.63718399999226, 45.36325300005705 ] ] ] } },
{ "type": "Feature", "properties": { "census lot building footprint": 0.038627452833518171, "POP20": 24.0, "infrastructure cost adjusted for footprint ($)": 576685.82202706172 }, "geometry": { "type": "Polygon", "coordinates": [ [ [ -122.636445000025461, 45.365838999707968 ], [ -122.636438000352783, 45.36641299989958 ], [ -122.636432999431563, 45.366929000321022 ], [ -122.636431999606671, 45.366993999734461 ], [ -122.636416999538042, 45.366991999705064 ], [ -122.636067999558591, 45.366949000633987 ], [ -122.63582999990723, 45.366919999862255 ], [ -122.635731999997958, 45.366908000300263 ], [ -122.635490000148607, 45.366877999806434 ], [ -122.635416000528764, 45.366869000601845 ], [ -122.635269000215672, 45.366851000295078 ], [ -122.635265999842616, 45.366782999715426 ], [ -122.635271999690374, 45.366330999687811 ], [ -122.635468000407286, 45.366342000292683 ], [ -122.635655000005059, 45.366351999922671 ], [ -122.635660000027954, 45.365759000630632 ], [ -122.635731999997944, 45.365759000630653 ], [ -122.636261999727367, 45.365756000205451 ], [ -122.636444000200541, 45.365756000205458 ], [ -122.636445000025461, 45.365838999707968 ] ] ] } },
{ "type": "Feature", "properties": { "census lot building footprint": 0.072539134746689674, "POP20": 16.0, "infrastructure cost adjusted for footprint ($)": 1569332.9994532159 }, "geometry": { "type": "Polygon", "coordinates": [ [ [ -122.635655000005059, 45.366351999922671 ], [ -122.635468000407286, 45.366342000292683 ], [ -122.635271999690374, 45.366330999687811 ], [ -122.635265999842616, 45.366782999715426 ], [ -122.635269000215672, 45.366851000295078 ], [ -122.635198999895451, 45.366843000156869 ], [ -122.634717999671523, 45.3667840000494 ], [ -122.634575000454674, 45.366767000049741 ], [ -122.634111999774134, 45.366711000237721 ], [ -122.634070000839657, 45.366705999823523 ], [ -122.63359700011334, 45.366649000245815 ], [ -122.633592000090445, 45.366311999498635 ], [ -122.633585999344334, 45.366029000376678 ], [ -122.633626999352202, 45.365764999587086 ], [ -122.633642999245765, 45.365071000360885 ], [ -122.633648000166914, 45.364864999426615 ], [ -122.633648000166886, 45.364430000559302 ], [ -122.633715999939, 45.364429000183691 ], [ -122.633720999961866, 45.364752000029405 ], [ -122.633718000487136, 45.365074000191235 ], [ -122.635206999393077, 45.365080999584393 ], [ -122.635198000070559, 45.3657600003516 ], [ -122.635229000032695, 45.365760000351564 ], [ -122.635407000307922, 45.365760999441335 ], [ -122.635660000027954, 45.365759000630632 ], [ -122.635655000005059, 45.366351999922671 ] ] ] } },
{ "type": "Feature", "properties": { "census lot building footprint": 0.21709000257704797, "POP20": 37.0, "infrastructure cost adjusted for footprint ($)": 804490.17126935767 }, "geometry": { "type": "Polygon", "coordinates": [ [ [ -122.633602000136207, 45.362877999753188 ], [ -122.632460999588176, 45.362485999464567 ], [ -122.632996000238734, 45.361626000135772 ], [ -122.633004999561294, 45.361645000636464 ], [ -122.633259999829434, 45.361744999479129 ], [ -122.634083000360107, 45.362044999995938 ], [ -122.633602000136207, 45.362877999753188 ] ] ] } },
{ "type": "Feature", "properties": { "census lot building footprint": 0.14793954159789877, "POP20": 62.0, "infrastructure cost adjusted for footprint ($)": 1061944.3617005672 }, "geometry": { "type": "Polygon", "coordinates": [ [ [ -122.633762999794683, 45.360148000035139 ], [ -122.631041000279197, 45.35914999972163 ], [ -122.631501999513347, 45.358516999796201 ], [ -122.633084999927249, 45.359100000238406 ], [ -122.63328200046908, 45.359171999934787 ], [ -122.633473000264743, 45.359243000334601 ], [ -122.633550000257642, 45.359270999525442 ], [ -122.634148000657447, 45.359491000169804 ], [ -122.633762999794683, 45.360148000035139 ] ] ] } },
{ "type": "Feature", "properties": { "census lot building footprint": 0.066513116233349504, "POP20": 15.0, "infrastructure cost adjusted for footprint ($)": 1163384.9639585544 }, "geometry": { "type": "Polygon", "coordinates": [ [ [ -122.636024999900911, 45.361290999993244 ], [ -122.635303999477429, 45.361060999472365 ], [ -122.634968999741702, 45.360930999560203 ], [ -122.635131999948342, 45.360603000299307 ], [ -122.635460999836283, 45.360710999465361 ], [ -122.636217999346442, 45.360961000052008 ], [ -122.636024999900911, 45.361290999993244 ] ] ] } },
{ "type": "Feature", "properties": { "census lot building footprint": 0.0095088061348835972, "POP20": 5.0, "infrastructure cost adjusted for footprint ($)": 8075638.2042341754 }, "geometry": { "type": "Polygon", "coordinates": [ [ [ -122.636496999903997, 45.36049599947863 ], [ -122.636410000763675, 45.360633999514114 ], [ -122.636217999346442, 45.360961000052008 ], [ -122.635460999836283, 45.360710999465361 ], [ -122.635131999948342, 45.360603000299307 ], [ -122.634826000524896, 45.360501999624383 ], [ -122.633762999794683, 45.360148000035139 ], [ -122.634148000657447, 45.359491000169804 ], [ -122.633550000257642, 45.359270999525442 ], [ -122.634007000192128, 45.358480000324398 ], [ -122.634871999657321, 45.358821999604253 ], [ -122.636098999520726, 45.35927399966333 ], [ -122.636107999741597, 45.35956199953818 ], [ -122.636154000670629, 45.359859000161869 ], [ -122.636245999833818, 45.360152999766562 ], [ -122.636444000200541, 45.36045100025877 ], [ -122.636496999903997, 45.36049599947863 ] ] ] } },
{ "type": "Feature", "properties": { "census lot building footprint": 0.21662347534376947, "POP20": 49.0, "infrastructure cost adjusted for footprint ($)": 880795.35245010059 }, "geometry": { "type": "Polygon", "coordinates": [ [ [ -122.635646000682513, 45.3619009996182 ], [ -122.635318000619463, 45.361919999395326 ], [ -122.635057000503551, 45.361879000466161 ], [ -122.634562000035928, 45.361727999858786 ], [ -122.633710000091213, 45.361431999375554 ], [ -122.634149999408947, 45.360683000355948 ], [ -122.634623999960198, 45.360847999799944 ], [ -122.634968999741702, 45.360930999560203 ], [ -122.635303999477429, 45.361060999472365 ], [ -122.636024999900911, 45.361290999993244 ], [ -122.635646000682513, 45.3619009996182 ] ] ] } },
{ "type": "Feature", "properties": { "census lot building footprint": 0.19052933100007252, "POP20": 94.0, "infrastructure cost adjusted for footprint ($)": 2640260.2172837383 }, "geometry": { "type": "Polygon", "coordinates": [ [ [ -122.63702300033377, 45.362794000551155 ], [ -122.636776000461566, 45.363013999489148 ], [ -122.636239000161154, 45.362821000105363 ], [ -122.635470000057097, 45.362543999858836 ], [ -122.635173999781102, 45.362437000184286 ], [ -122.634685999884496, 45.362261999973668 ], [ -122.634445999684957, 45.362175999657403 ], [ -122.634083000360107, 45.362044999995938 ], [ -122.633259999829434, 45.361744999479129 ], [ -122.633004999561294, 45.361645000636464 ], [ -122.632996000238734, 45.361626000135772 ], [ -122.632992000040844, 45.361600000436887 ], [ -122.63302399982787, 45.36150800033824 ], [ -122.633376000180377, 45.360808999710848 ], [ -122.633762999794683, 45.360148000035139 ], [ -122.634826000524896, 45.360501999624383 ], [ -122.635131999948342, 45.360603000299307 ], [ -122.634968999741702, 45.360930999560203 ], [ -122.634623999960198, 45.360847999799944 ], [ -122.634149999408947, 45.360683000355948 ], [ -122.633710000091213, 45.361431999375554 ], [ -122.634562000035928, 45.361727999858786 ], [ -122.635057000503551, 45.361879000466161 ], [ -122.635318000619463, 45.361919999395326 ], [ -122.635646000682513, 45.3619009996182 ], [ -122.635942999885117, 45.36196099955712 ], [ -122.636120999262047, 45.362063999724747 ], [ -122.636341000268402, 45.362221999813514 ], [ -122.636650000064876, 45.362367000417457 ], [ -122.63712100024307, 45.362439000374714 ], [ -122.63702300033377, 45.362794000551155 ] ] ] } },
{ "type": "Feature", "properties": { "census lot building footprint": 0.15557489743381747, "POP20": 16.0, "infrastructure cost adjusted for footprint ($)": 814829.66958580201 }, "geometry": { "type": "Polygon", "coordinates": [ [ [ -122.640823999574621, 45.362697000363212 ], [ -122.640770999871194, 45.362737000187558 ], [ -122.640712000319965, 45.362768999900446 ], [ -122.640632999778958, 45.362796000728963 ], [ -122.640564000181968, 45.362807000127695 ], [ -122.640485000539257, 45.362812000255424 ], [ -122.640395000127569, 45.362799999822016 ], [ -122.64031899995959, 45.362773000257775 ], [ -122.640247999814477, 45.362733000458888 ], [ -122.640094000727018, 45.362605999931567 ], [ -122.639763000290884, 45.362297999715011 ], [ -122.639881999218289, 45.362261999973697 ], [ -122.63999000007162, 45.362236999719073 ], [ -122.640083999782945, 45.362223000228106 ], [ -122.640440000333413, 45.36220600012021 ], [ -122.640665999390905, 45.362205000336438 ], [ -122.641085000588888, 45.362232999955033 ], [ -122.640823999574621, 45.362697000363212 ] ] ] } },
{ "type": "Feature", "properties": { "census lot building footprint": 0.21412331679826077, "POP20": 103.0, "infrastructure cost adjusted for footprint ($)": 2098389.1955857137 }, "geometry": { "type": "Polygon", "coordinates": [ [ [ -122.64111000070325, 45.362092000044306 ], [ -122.641085000588888, 45.362232999955033 ], [ -122.640665999390905, 45.362205000336438 ], [ -122.640440000333413, 45.36220600012021 ], [ -122.640083999782945, 45.362223000228106 ], [ -122.63999000007162, 45.362236999719073 ], [ -122.639881999218289, 45.362261999973697 ], [ -122.639763000290884, 45.362297999715011 ], [ -122.639409000288552, 45.3621199997188 ], [ -122.638268999565469, 45.361775999961822 ], [ -122.638015999845493, 45.361542000337266 ], [ -122.637657000718605, 45.361255999411746 ], [ -122.636748999799096, 45.360709999655207 ], [ -122.636496999903997, 45.36049599947863 ], [ -122.636625000848838, 45.360291999825023 ], [ -122.637220999802182, 45.360506000141996 ], [ -122.637409000123171, 45.360587999960472 ], [ -122.637645000124706, 45.36067399953469 ], [ -122.638071000097085, 45.360837999828206 ], [ -122.638691000238182, 45.361029999860321 ], [ -122.638860000292581, 45.361065999754373 ], [ -122.639036999844578, 45.361103999863097 ], [ -122.639211999746777, 45.361136000499641 ], [ -122.63957999999279, 45.361244999711367 ], [ -122.64023100009608, 45.361484000178173 ], [ -122.640623999558116, 45.36161700009572 ], [ -122.640856000260015, 45.361706999800894 ], [ -122.640916999461083, 45.361741000311483 ], [ -122.641031000162215, 45.361843999617214 ], [ -122.641067000147245, 45.36189600004117 ], [ -122.641095999561244, 45.361996999489932 ], [ -122.64111000070325, 45.362092000044306 ] ] ] } },
{ "type": "Feature", "properties": { "census lot building footprint": 0.26270968294159303, "POP20": 62.0, "infrastructure cost adjusted for footprint ($)": 949605.95710892463 }, "geometry": { "type": "Polygon", "coordinates": [ [ [ -122.63957999999279, 45.361244999711367 ], [ -122.639211999746777, 45.361136000499641 ], [ -122.639036999844578, 45.361103999863097 ], [ -122.638860000292581, 45.361065999754373 ], [ -122.638691000238182, 45.361029999860321 ], [ -122.638071000097085, 45.360837999828206 ], [ -122.637645000124706, 45.36067399953469 ], [ -122.637409000123171, 45.360587999960472 ], [ -122.637220999802182, 45.360506000141996 ], [ -122.636625000848838, 45.360291999825023 ], [ -122.63680999989846, 45.359992999935002 ], [ -122.637012000463116, 45.359664999654761 ], [ -122.637071000014345, 45.359580999469564 ], [ -122.637142000159486, 45.359484999916852 ], [ -122.637271999855813, 45.359592999954558 ], [ -122.637414000146009, 45.359703000073289 ], [ -122.637637000627109, 45.35984700036451 ], [ -122.637686999957495, 45.359873999431549 ], [ -122.638008000347867, 45.359972999687564 ], [ -122.638287999832045, 45.360035000052932 ], [ -122.638666999948754, 45.360161000219676 ], [ -122.638955999653732, 45.360294999908817 ], [ -122.639980999850778, 45.360653999527933 ], [ -122.63957999999279, 45.361244999711367 ] ] ] } },
{ "type": "Feature", "properties": { "census lot building footprint": 0.16421450266389065, "POP20": 10.0, "infrastructure cost adjusted for footprint ($)": 193151.14379099634 }, "geometry": { "type": "Polygon", "coordinates": [ [ [ -122.637071000014345, 45.359580999469564 ], [ -122.636098999520726, 45.35927399966333 ], [ -122.636096000046024, 45.359143000225892 ], [ -122.636359999636639, 45.35915499954131 ], [ -122.636651999714715, 45.35914400006375 ], [ -122.636717999836961, 45.359228999471611 ], [ -122.636814000096379, 45.359341000597929 ], [ -122.636878000568785, 45.359383000568613 ], [ -122.636979999777793, 45.359435000098422 ], [ -122.637142000159486, 45.359484999916852 ], [ -122.637071000014345, 45.359580999469564 ] ] ] } },
{ "type": "Feature", "properties": { "census lot building footprint": 0.25398882997286604, "POP20": 97.0, "infrastructure cost adjusted for footprint ($)": 1400602.3737618863 }, "geometry": { "type": "Polygon", "coordinates": [ [ [ -122.638075000295004, 45.356673999527068 ], [ -122.637983000233504, 45.356869999945552 ], [ -122.637714000620008, 45.357232999951727 ], [ -122.637597000444131, 45.357374999847437 ], [ -122.637241999718569, 45.357870999656249 ], [ -122.63715199930688, 45.357993000159581 ], [ -122.637085000258068, 45.358051999967216 ], [ -122.636975000653209, 45.358115999624751 ], [ -122.636764999692616, 45.35820800018918 ], [ -122.636704999418171, 45.358252999299303 ], [ -122.636609999881898, 45.35839199960688 ], [ -122.636602000384286, 45.358524000631817 ], [ -122.636609000057021, 45.358704999485241 ], [ -122.636651999714715, 45.35914400006375 ], [ -122.636359999636639, 45.35915499954131 ], [ -122.636096000046024, 45.359143000225892 ], [ -122.636086000000276, 45.358771999831134 ], [ -122.635971000372564, 45.358013000475772 ], [ -122.635943999710037, 45.357355999806423 ], [ -122.63594100023532, 45.357277000597641 ], [ -122.635834000105177, 45.356654999881982 ], [ -122.635860000044474, 45.35632699982024 ], [ -122.636527000041227, 45.356313000129411 ], [ -122.637358999894431, 45.356308999946549 ], [ -122.637861999859695, 45.356362999550406 ], [ -122.638147999191645, 45.356387999875537 ], [ -122.638075000295004, 45.356673999527068 ] ] ] } },
{ "type": "Feature", "properties": { "census lot building footprint": 0.16587340834300615, "POP20": 385.0, "infrastructure cost adjusted for footprint ($)": 16100439.547120102 }, "geometry": { "type": "Polygon", "coordinates": [ [ [ -122.643512999478162, 45.353561999986589 ], [ -122.643004999490017, 45.353565000427174 ], [ -122.642781999907271, 45.353566000363607 ], [ -122.642780000257432, 45.353429000073092 ], [ -122.642776000059499, 45.353092000117549 ], [ -122.642755999968003, 45.35303899986323 ], [ -122.642691999495582, 45.352983000350534 ], [ -122.64260500035526, 45.352955999889339 ], [ -122.641841000274098, 45.352887000335564 ], [ -122.641741999641638, 45.352896999818654 ], [ -122.641647999930271, 45.352911999671221 ], [ -122.641544999998104, 45.352950999521916 ], [ -122.641418000674804, 45.352988999399138 ], [ -122.641355000027275, 45.353029999719816 ], [ -122.641246000247364, 45.353162999308452 ], [ -122.641232999828574, 45.353244999667943 ], [ -122.641230999280424, 45.353541000054264 ], [ -122.64123700002655, 45.354225000066165 ], [ -122.641260000491059, 45.354376999787817 ], [ -122.641308999996554, 45.354454000047554 ], [ -122.64143600021815, 45.354599000358746 ], [ -122.641671000394822, 45.354818000316087 ], [ -122.641832999878204, 45.354963999606326 ], [ -122.641883000106915, 45.355064000156716 ], [ -122.641902000373491, 45.355168000162919 ], [ -122.641868000038286, 45.355343000221517 ], [ -122.641781999824559, 45.355362000307103 ], [ -122.641693999961035, 45.355408999594452 ], [ -122.641573000485522, 45.355459000445414 ], [ -122.641476000401141, 45.355508000087632 ], [ -122.641386999814372, 45.355575000431593 ], [ -122.641334000110902, 45.355648999993797 ], [ -122.641319999867207, 45.355740999519242 ], [ -122.641314999844326, 45.355772000135289 ], [ -122.641349000179531, 45.355904000328515 ], [ -122.641388999464198, 45.35595799968759 ], [ -122.641433999670014, 45.356001000169023 ], [ -122.641473999853019, 45.356027000547066 ], [ -122.641518000233944, 45.356047000295561 ], [ -122.641596000051734, 45.356073000021198 ], [ -122.64175499916206, 45.356077000220743 ], [ -122.642274999744046, 45.356056999851532 ], [ -122.64309999992463, 45.356057999743953 ], [ -122.643100999749507, 45.356458999350103 ], [ -122.643104999947454, 45.357084999823492 ], [ -122.643085999680892, 45.357137000202648 ], [ -122.64298200082213, 45.357274000353804 ], [ -122.642922000547671, 45.357223999844081 ], [ -122.642838999808689, 45.357188000030483 ], [ -122.642771000036632, 45.357173000048761 ], [ -122.642663999906503, 45.357168000053946 ], [ -122.642390000270112, 45.357179999788187 ], [ -122.642288999987784, 45.357187000158056 ], [ -122.641924000114784, 45.357212000119148 ], [ -122.641798999542985, 45.357241999426712 ], [ -122.641761999733092, 45.357270000238906 ], [ -122.641744000189746, 45.357314000224804 ], [ -122.641733000319093, 45.357410000304846 ], [ -122.641760999908172, 45.357634000068515 ], [ -122.64192600066292, 45.358044999704404 ], [ -122.642093000169211, 45.35851800027632 ], [ -122.641911999520914, 45.358568999490629 ], [ -122.641841000274127, 45.358603999840732 ], [ -122.641784000372695, 45.358639000169177 ], [ -122.641728000296197, 45.358681000661008 ], [ -122.641635000409792, 45.358764999657396 ], [ -122.641570000112466, 45.358851000108849 ], [ -122.641530999754409, 45.358954000257313 ], [ -122.641524999906622, 45.359066000034368 ], [ -122.641539999975237, 45.359188000486036 ], [ -122.641557000591988, 45.359275999965597 ], [ -122.641605000272548, 45.359386999902988 ], [ -122.641655000501245, 45.35944399985442 ], [ -122.64172499992317, 45.359510999956449 ], [ -122.641810000311992, 45.359574000027159 ], [ -122.641898000175544, 45.359619999773955 ], [ -122.641996000084788, 45.359651999987442 ], [ -122.642142000572989, 45.359687000298827 ], [ -122.642310999729048, 45.359684000182824 ], [ -122.642412000011419, 45.359675000465018 ], [ -122.642525999814254, 45.359645999751557 ], [ -122.642647000188049, 45.359603999976045 ], [ -122.643068999962452, 45.360130999934924 ], [ -122.643247000237665, 45.360353000024404 ], [ -122.642715999785054, 45.360592999653086 ], [ -122.642481999433301, 45.3607519998721 ], [ -122.642476999410476, 45.360761999859058 ], [ -122.642391999919923, 45.360698999848758 ], [ -122.642283999964917, 45.360646000406923 ], [ -122.642156999743307, 45.36059399946533 ], [ -122.641956999726759, 45.360540000111946 ], [ -122.641422999799374, 45.36041999968127 ], [ -122.641148000338063, 45.360317000307894 ], [ -122.641016000093614, 45.360261999609733 ], [ -122.640859999559652, 45.360217000203733 ], [ -122.640724000015538, 45.360205999670228 ], [ -122.640559999984006, 45.360225999835322 ], [ -122.640453999678783, 45.360249999897853 ], [ -122.640349000096833, 45.360284000021657 ], [ -122.64022900044624, 45.360361999634371 ], [ -122.640148000255365, 45.360437999509621 ], [ -122.64008200013312, 45.360512000286732 ], [ -122.639980999850778, 45.360653999527933 ], [ -122.638955999653732, 45.360294999908817 ], [ -122.638666999948754, 45.360161000219676 ], [ -122.638287999832045, 45.360035000052932 ], [ -122.638008000347867, 45.359972999687564 ], [ -122.637686999957495, 45.359873999431549 ], [ -122.637637000627109, 45.35984700036451 ], [ -122.637414000146009, 45.359703000073289 ], [ -122.637271999855813, 45.359592999954558 ], [ -122.637142000159486, 45.359484999916852 ], [ -122.636979999777793, 45.359435000098422 ], [ -122.636878000568785, 45.359383000568613 ], [ -122.636814000096379, 45.359341000597929 ], [ -122.636717999836961, 45.359228999471611 ], [ -122.636651999714715, 45.35914400006375 ], [ -122.636609000057021, 45.358704999485241 ], [ -122.636602000384286, 45.358524000631817 ], [ -122.636609999881898, 45.35839199960688 ], [ -122.636704999418171, 45.358252999299303 ], [ -122.636764999692616, 45.35820800018918 ], [ -122.636975000653209, 45.358115999624751 ], [ -122.637085000258068, 45.358051999967216 ], [ -122.63715199930688, 45.357993000159581 ], [ -122.637241999718569, 45.357870999656249 ], [ -122.637597000444131, 45.357374999847437 ], [ -122.637714000620008, 45.357232999951727 ], [ -122.637983000233504, 45.356869999945552 ], [ -122.638075000295004, 45.356673999527068 ], [ -122.638147999191645, 45.356387999875537 ], [ -122.638175999679035, 45.356279000144397 ], [ -122.638185000798217, 45.356111999587313 ], [ -122.63803399938881, 45.355544999608988 ], [ -122.637996999578917, 45.355401000363202 ], [ -122.637909000613675, 45.355250999417727 ], [ -122.637836999745332, 45.355171000518403 ], [ -122.637703999675949, 45.355088000515032 ], [ -122.63737300013814, 45.35490999992998 ], [ -122.63752700012391, 45.35474100055162 ], [ -122.637608000314813, 45.354664000682405 ], [ -122.637840000118388, 45.354535999799026 ], [ -122.638071999921976, 45.354417999734174 ], [ -122.638222000608096, 45.354361999692266 ], [ -122.638263000615993, 45.354341999979482 ], [ -122.638386999566265, 45.354283000091208 ], [ -122.638740999568583, 45.354157999386452 ], [ -122.639102999966809, 45.354052000193555 ], [ -122.639396999694711, 45.35394200045198 ], [ -122.639463999641848, 45.353900000230254 ], [ -122.63953800016003, 45.353845000238465 ], [ -122.639596999711216, 45.353774000009373 ], [ -122.639625000198649, 45.353719999828819 ], [ -122.639665000381598, 45.353568000236372 ], [ -122.639658999635515, 45.353396999496709 ], [ -122.639656999985675, 45.353342999587639 ], [ -122.639685000473094, 45.353072999901073 ], [ -122.639712000237253, 45.352997000233913 ], [ -122.639783000382394, 45.35285299955472 ], [ -122.639933000170217, 45.352713000208972 ], [ -122.64000699979006, 45.35263300024701 ], [ -122.640090000529042, 45.352557000620259 ], [ -122.64018000004242, 45.352486000037842 ], [ -122.640275999403585, 45.352419000455697 ], [ -122.640379000234063, 45.352356999951986 ], [ -122.64058699974818, 45.352266999894134 ], [ -122.64174199964161, 45.351890000074398 ], [ -122.641857999992595, 45.351844999692084 ], [ -122.642091999445952, 45.351817999319209 ], [ -122.642251000352942, 45.351810000211685 ], [ -122.642553000476724, 45.351834000056144 ], [ -122.642690000744096, 45.351857999890356 ], [ -122.642864000821376, 45.351901999665316 ], [ -122.643113000343419, 45.351951000493564 ], [ -122.64322200012333, 45.351976999575896 ], [ -122.643261999408011, 45.352119999996894 ], [ -122.643308000337072, 45.352325999358996 ], [ -122.643376000109129, 45.35250799968545 ], [ -122.643398999675341, 45.352591000316387 ], [ -122.643411000269239, 45.352635000152723 ], [ -122.643462000322842, 45.352804000138761 ], [ -122.643492999386666, 45.352906000614503 ], [ -122.643682000430857, 45.353536999675441 ], [ -122.643512999478162, 45.353561999986589 ] ] ] } },
{ "type": "Feature", "properties": { "census lot building footprint": 0.16604134575927404, "POP20": 3.0, "infrastructure cost adjusted for footprint ($)": 486765.30462420522 }, "geometry": { "type": "Polygon", "coordinates": [ [ [ -122.634165000375901, 45.358210000529134 ], [ -122.634007000192128, 45.358480000324398 ], [ -122.633550000257642, 45.359270999525442 ], [ -122.633473000264743, 45.359243000334601 ], [ -122.63328200046908, 45.359171999934787 ], [ -122.633084999927249, 45.359100000238406 ], [ -122.633136999805771, 45.359012000485102 ], [ -122.633193999707174, 45.358912000599361 ], [ -122.633211000323939, 45.35888199965234 ], [ -122.633274000073129, 45.358771999831156 ], [ -122.633347000766364, 45.358644999880674 ], [ -122.633418999838085, 45.358518000276341 ], [ -122.633496999655875, 45.358383000314795 ], [ -122.633554000455618, 45.358283999801657 ], [ -122.633638000121209, 45.358135999266203 ], [ -122.633709000266322, 45.358011999986701 ], [ -122.633717000662216, 45.358000999655701 ], [ -122.633762999794669, 45.357883999732707 ], [ -122.633929000374337, 45.357931000081528 ], [ -122.634143000634566, 45.358025000030764 ], [ -122.634258000262307, 45.358068000204 ], [ -122.634165000375901, 45.358210000529134 ] ] ] } },
{ "type": "Feature", "properties": { "census lot building footprint": 0.11128274318763809, "POP20": 153.0, "infrastructure cost adjusted for footprint ($)": 7346556.1034023724 }, "geometry": { "type": "Polygon", "coordinates": [ [ [ -122.636098999520726, 45.35927399966333 ], [ -122.634871999657321, 45.358821999604253 ], [ -122.634007000192128, 45.358480000324398 ], [ -122.634165000375901, 45.358210000529134 ], [ -122.634258000262307, 45.358068000204 ], [ -122.634143000634566, 45.358025000030764 ], [ -122.633929000374337, 45.357931000081528 ], [ -122.633762999794669, 45.357883999732707 ], [ -122.633717000662216, 45.358000999655701 ], [ -122.633709000266322, 45.358011999986701 ], [ -122.633638000121209, 45.358135999266203 ], [ -122.633554000455618, 45.358283999801657 ], [ -122.633496999655875, 45.358383000314795 ], [ -122.633418999838085, 45.358518000276341 ], [ -122.633347000766364, 45.358644999880674 ], [ -122.633274000073129, 45.358771999831156 ], [ -122.633211000323939, 45.35888199965234 ], [ -122.633193999707174, 45.358912000599361 ], [ -122.633136999805771, 45.359012000485102 ], [ -122.633084999927249, 45.359100000238406 ], [ -122.631501999513347, 45.358516999796201 ], [ -122.630237000015086, 45.358056000658024 ], [ -122.632032999965986, 45.355579000666282 ], [ -122.632401000212042, 45.35569299997757 ], [ -122.632827000184378, 45.355836999742863 ], [ -122.632961999903571, 45.355907000013708 ], [ -122.633092000498252, 45.356007000160183 ], [ -122.633235999539963, 45.35607999989675 ], [ -122.634005000542331, 45.356340000251485 ], [ -122.634213000056491, 45.35639500034339 ], [ -122.634351000148754, 45.356414000075766 ], [ -122.634518999479909, 45.35641700036517 ], [ -122.634709000349019, 45.356401999547813 ], [ -122.634936999954647, 45.356355000454016 ], [ -122.635317000794572, 45.356347999981217 ], [ -122.635773999830732, 45.356328999595441 ], [ -122.635860000044474, 45.35632699982024 ], [ -122.635834000105177, 45.356654999881982 ], [ -122.63594100023532, 45.357277000597641 ], [ -122.635943999710037, 45.357355999806423 ], [ -122.635971000372564, 45.358013000475772 ], [ -122.636086000000276, 45.358771999831134 ], [ -122.636096000046024, 45.359143000225892 ], [ -122.636098999520726, 45.35927399966333 ] ] ] } },
{ "type": "Feature", "properties": { "census lot building footprint": 0.16895022896400233, "POP20": 56.0, "infrastructure cost adjusted for footprint ($)": 2847990.8851937144 }, "geometry": { "type": "Polygon", "coordinates": [ [ [ -122.632032999965986, 45.355579000666282 ], [ -122.630237000015086, 45.358056000658024 ], [ -122.62900099993081, 45.357607000563902 ], [ -122.630221000121566, 45.355867000410591 ], [ -122.630762999546548, 45.355141000112944 ], [ -122.631125999769708, 45.355257000119664 ], [ -122.632032999965986, 45.355579000666282 ] ] ] } },
{ "type": "Feature", "properties": { "census lot building footprint": 0.21290992814088974, "POP20": 93.0, "infrastructure cost adjusted for footprint ($)": 1188852.2106935142 }, "geometry": { "type": "Polygon", "coordinates": [ [ [ -122.62900099993081, 45.357607000563902 ], [ -122.62807700001612, 45.35727199998076 ], [ -122.62757400005087, 45.35708999982559 ], [ -122.627671000135251, 45.356497000659239 ], [ -122.627677999807958, 45.356423999566914 ], [ -122.627690000401799, 45.356386999988999 ], [ -122.627715999442771, 45.356316000424165 ], [ -122.62774200028035, 45.356274999959155 ], [ -122.627782000463327, 45.356229000017919 ], [ -122.627862999755862, 45.356151999648453 ], [ -122.6279780002819, 45.356061000052229 ], [ -122.628107999978255, 45.355971999466234 ], [ -122.627832999618647, 45.355804 ], [ -122.627807000577675, 45.355774000561347 ], [ -122.627797999458537, 45.355735000131055 ], [ -122.627819000273249, 45.355694000507647 ], [ -122.627877999824477, 45.355643999864284 ], [ -122.628364000071272, 45.355278000046496 ], [ -122.628406999728981, 45.355259999839134 ], [ -122.628433000566559, 45.35525700011965 ], [ -122.628456999957692, 45.355264000096149 ], [ -122.630221000121566, 45.355867000410591 ], [ -122.62900099993081, 45.357607000563902 ] ] ] } },
{ "type": "Feature", "properties": { "census lot building footprint": 0.22296902179515438, "POP20": 24.0, "infrastructure cost adjusted for footprint ($)": 778472.05939085199 }, "geometry": { "type": "Polygon", "coordinates": [ [ [ -122.629775999882639, 45.358686999736761 ], [ -122.628538000148552, 45.358232999699233 ], [ -122.62900099993081, 45.357607000563902 ], [ -122.630237000015086, 45.358056000658024 ], [ -122.629775999882639, 45.358686999736761 ] ] ] } },
{ "type": "Feature", "properties": { "census lot building footprint": 0.19477662304509105, "POP20": 32.0, "infrastructure cost adjusted for footprint ($)": 651888.27042969374 }, "geometry": { "type": "Polygon", "coordinates": [ [ [ -122.62930899990242, 45.359325999293354 ], [ -122.62806499942225, 45.358873000438194 ], [ -122.628538000148552, 45.358232999699233 ], [ -122.629775999882639, 45.358686999736761 ], [ -122.62930899990242, 45.359325999293354 ] ] ] } },
{ "type": "Feature", "properties": { "census lot building footprint": 0.16637026678300196, "POP20": 32.0, "infrastructure cost adjusted for footprint ($)": 804090.5747288299 }, "geometry": { "type": "Polygon", "coordinates": [ [ [ -122.631041000279197, 45.35914999972163 ], [ -122.629775999882639, 45.358686999736761 ], [ -122.630237000015086, 45.358056000658024 ], [ -122.631501999513347, 45.358516999796201 ], [ -122.631041000279197, 45.35914999972163 ] ] ] } },
{ "type": "Feature", "properties": { "census lot building footprint": 0.19592957322380769, "POP20": 55.0, "infrastructure cost adjusted for footprint ($)": 1555133.745549992 }, "geometry": { "type": "Polygon", "coordinates": [ [ [ -122.633376000180377, 45.360808999710848 ], [ -122.630577000672034, 45.359789000361417 ], [ -122.631041000279197, 45.35914999972163 ], [ -122.633762999794683, 45.360148000035139 ], [ -122.633376000180377, 45.360808999710848 ] ] ] } },
{ "type": "Feature", "properties": { "census lot building footprint": 0.20645747051689825, "POP20": 224.0, "infrastructure cost adjusted for footprint ($)": 6649659.4658096656 }, "geometry": { "type": "Polygon", "coordinates": [ [ [ -122.633390999350667, 45.363180000106901 ], [ -122.633304000210359, 45.363285999873895 ], [ -122.633214999623576, 45.363354000239077 ], [ -122.633079000079448, 45.363408000062478 ], [ -122.632950000208027, 45.36345000017004 ], [ -122.632827000184378, 45.36348299987197 ], [ -122.632705000883959, 45.363551000000399 ], [ -122.632622999969868, 45.36361899941592 ], [ -122.632540999954102, 45.363700999771879 ], [ -122.632418999755387, 45.36364599983871 ], [ -122.63209200041554, 45.363612000472997 ], [ -122.631588000625399, 45.36361300023183 ], [ -122.631465999528359, 45.363618999415912 ], [ -122.631422000045731, 45.363640999784749 ], [ -122.631458999855653, 45.363189999664641 ], [ -122.631458999855653, 45.363047000076591 ], [ -122.631438999764171, 45.363000000190475 ], [ -122.631411000175063, 45.362972999459309 ], [ -122.6313229994132, 45.362945000206942 ], [ -122.631172999625363, 45.362945000206956 ], [ -122.63003100015078, 45.362972999459288 ], [ -122.63002900050094, 45.3626859996807 ], [ -122.629326000519157, 45.36172300026643 ], [ -122.629324999795898, 45.361606999628734 ], [ -122.629339000039636, 45.361506000114886 ], [ -122.629352999385006, 45.361470999666388 ], [ -122.629667999927634, 45.361038000189403 ], [ -122.630127000410241, 45.360407000187436 ], [ -122.630577000672034, 45.359789000361417 ], [ -122.633376000180377, 45.360808999710848 ], [ -122.63302399982787, 45.36150800033824 ], [ -122.632992000040844, 45.361600000436887 ], [ -122.632996000238734, 45.361626000135772 ], [ -122.632460999588176, 45.362485999464567 ], [ -122.633602000136207, 45.362877999753188 ], [ -122.633390999350667, 45.363180000106901 ] ] ] } },
{ "type": "Feature", "properties": { "census lot building footprint": 0.17492256813986012, "POP20": 65.0, "infrastructure cost adjusted for footprint ($)": 3559594.0236873948 }, "geometry": { "type": "Polygon", "coordinates": [ [ [ -122.630038999648363, 45.364045999567402 ], [ -122.629062000030189, 45.364056000234434 ], [ -122.628960000821266, 45.364046999949757 ], [ -122.628882999930042, 45.364023000235562 ], [ -122.628810000135118, 45.364005000285466 ], [ -122.628619000339398, 45.363988999834092 ], [ -122.627922000205416, 45.363993000105175 ], [ -122.62788999952005, 45.363868000652758 ], [ -122.627829999245577, 45.363555000302398 ], [ -122.627797999458565, 45.362390999571829 ], [ -122.628913000067314, 45.362235999935869 ], [ -122.628714999700563, 45.36151800019158 ], [ -122.629193000449774, 45.361672000107866 ], [ -122.629326000519157, 45.36172300026643 ], [ -122.63002900050094, 45.3626859996807 ], [ -122.63003100015078, 45.362972999459288 ], [ -122.630038999648363, 45.364045999567402 ] ] ] } },
{ "type": "Feature", "properties": { "census lot building footprint": 0.18678128161891605, "POP20": 44.0, "infrastructure cost adjusted for footprint ($)": 1119552.3375777511 }, "geometry": { "type": "Polygon", "coordinates": [ [ [ -122.629352999385006, 45.361470999666388 ], [ -122.629339000039636, 45.361506000114886 ], [ -122.629324999795898, 45.361606999628734 ], [ -122.629326000519157, 45.36172300026643 ], [ -122.629193000449774, 45.361672000107866 ], [ -122.628714999700563, 45.36151800019158 ], [ -122.62791800000744, 45.361230000173997 ], [ -122.628393000383582, 45.360577999942819 ], [ -122.629667999927634, 45.361038000189403 ], [ -122.629352999385006, 45.361470999666388 ] ] ] } },
{ "type": "Feature", "properties": { "census lot building footprint": 0.21608681432292909, "POP20": 22.0, "infrastructure cost adjusted for footprint ($)": 430555.36260045582 }, "geometry": { "type": "Polygon", "coordinates": [ [ [ -122.629667999927634, 45.361038000189403 ], [ -122.628393000383582, 45.360577999942819 ], [ -122.628856999990774, 45.35994299993429 ], [ -122.630127000410241, 45.360407000187436 ], [ -122.629667999927634, 45.361038000189403 ] ] ] } },
{ "type": "Feature", "properties": { "census lot building footprint": 0.2148578506076273, "POP20": 32.0, "infrastructure cost adjusted for footprint ($)": 871647.12292604975 }, "geometry": { "type": "Polygon", "coordinates": [ [ [ -122.630127000410241, 45.360407000187436 ], [ -122.628856999990774, 45.35994299993429 ], [ -122.62930899990242, 45.359325999293354 ], [ -122.630577000672034, 45.359789000361417 ], [ -122.630127000410241, 45.360407000187436 ] ] ] } },
{ "type": "Feature", "properties": { "census lot building footprint": 0.20158486077479063, "POP20": 52.0, "infrastructure cost adjusted for footprint ($)": 435083.03141100693 }, "geometry": { "type": "Polygon", "coordinates": [ [ [ -122.630577000672034, 45.359789000361417 ], [ -122.62930899990242, 45.359325999293354 ], [ -122.629775999882639, 45.358686999736761 ], [ -122.631041000279197, 45.35914999972163 ], [ -122.630577000672034, 45.359789000361417 ] ] ] } },
{ "type": "Feature", "properties": { "census lot building footprint": 0.17334931400620734, "POP20": 13.0, "infrastructure cost adjusted for footprint ($)": 989650.02658448135 }, "geometry": { "type": "Polygon", "coordinates": [ [ [ -122.628856999990774, 45.35994299993429 ], [ -122.627610000035872, 45.35948699958044 ], [ -122.62806499942225, 45.358873000438194 ], [ -122.62930899990242, 45.359325999293354 ], [ -122.628856999990774, 45.35994299993429 ] ] ] } },
{ "type": "Feature", "properties": { "census lot building footprint": 0.21453362052271624, "POP20": 20.0, "infrastructure cost adjusted for footprint ($)": 445857.99792316579 }, "geometry": { "type": "Polygon", "coordinates": [ [ [ -122.628393000383582, 45.360577999942819 ], [ -122.627297000041452, 45.360182000220227 ], [ -122.627300000414479, 45.359374000171755 ], [ -122.627610000035872, 45.35948699958044 ], [ -122.628856999990774, 45.35994299993429 ], [ -122.628393000383582, 45.360577999942819 ] ] ] } },
{ "type": "Feature", "properties": { "census lot building footprint": 0.21595628819384055, "POP20": 77.0, "infrastructure cost adjusted for footprint ($)": 1564495.9722361367 }, "geometry": { "type": "Polygon", "coordinates": [ [ [ -122.627300000414479, 45.359182000200924 ], [ -122.627300000414479, 45.359374000171755 ], [ -122.627297000041452, 45.360182000220227 ], [ -122.6272739995769, 45.360996999989901 ], [ -122.626691999968941, 45.360995000379688 ], [ -122.626117000033688, 45.360991999701845 ], [ -122.626166000437479, 45.359148000677365 ], [ -122.626761999390837, 45.359134999628864 ], [ -122.627305999363955, 45.359143000225906 ], [ -122.627300000414479, 45.359182000200924 ] ] ] } },
{ "type": "Feature", "properties": { "census lot building footprint": 0.2031188076791571, "POP20": 21.0, "infrastructure cost adjusted for footprint ($)": 658266.70854952373 }, "geometry": { "type": "Polygon", "coordinates": [ [ [ -122.62791800000744, 45.361230000173997 ], [ -122.6272739995769, 45.360996999989901 ], [ -122.627297000041452, 45.360182000220227 ], [ -122.628393000383582, 45.360577999942819 ], [ -122.62791800000744, 45.361230000173997 ] ] ] } },
{ "type": "Feature", "properties": { "census lot building footprint": 0.078974084119661961, "POP20": 86.0, "infrastructure cost adjusted for footprint ($)": 8294456.5715362923 }, "geometry": { "type": "Polygon", "coordinates": [ [ [ -122.628913000067314, 45.362235999935869 ], [ -122.627797999458565, 45.362390999571829 ], [ -122.627264000429477, 45.36247599978234 ], [ -122.626495000325448, 45.362569999755017 ], [ -122.626301999981592, 45.362573000349201 ], [ -122.626176999409793, 45.362549000009729 ], [ -122.626009000078653, 45.362510999609107 ], [ -122.625857000640977, 45.362461000571265 ], [ -122.625667999596814, 45.362414999978398 ], [ -122.625483000547163, 45.362354000108617 ], [ -122.625342000081844, 45.362328000744249 ], [ -122.625185999547952, 45.362319999966388 ], [ -122.625062999524317, 45.36231799977174 ], [ -122.624917999759333, 45.362325000137126 ], [ -122.624273000402184, 45.362402000311675 ], [ -122.624208000104886, 45.362285000021444 ], [ -122.624136999959731, 45.361949999993833 ], [ -122.624137999784665, 45.361827999817081 ], [ -122.62415100020344, 45.36161599967037 ], [ -122.624175000492883, 45.361460000007895 ], [ -122.624217000325672, 45.361300000085208 ], [ -122.624218999975497, 45.361058000060382 ], [ -122.624183999815415, 45.360558999714975 ], [ -122.624153999678171, 45.360320999576224 ], [ -122.624123000614361, 45.360207999939533 ], [ -122.624049000096193, 45.360107999642729 ], [ -122.623982000149056, 45.360036999697073 ], [ -122.623905000156157, 45.359990999658088 ], [ -122.623762999865932, 45.359921999845078 ], [ -122.623644000040244, 45.35987899981842 ], [ -122.623481999658537, 45.359851000297226 ], [ -122.6229080004465, 45.359851000297247 ], [ -122.622890999829735, 45.359137999773978 ], [ -122.623030000645215, 45.359144000063715 ], [ -122.623235999611239, 45.359136999936027 ], [ -122.623799999675825, 45.359129000600532 ], [ -122.624947000071657, 45.359137999773971 ], [ -122.625590999603915, 45.359140000081027 ], [ -122.626166000437479, 45.359148000677365 ], [ -122.626117000033688, 45.360991999701845 ], [ -122.626691999968941, 45.360995000379688 ], [ -122.6272739995769, 45.360996999989901 ], [ -122.62791800000744, 45.361230000173997 ], [ -122.628714999700563, 45.36151800019158 ], [ -122.628913000067314, 45.362235999935869 ] ] ] } },
{ "type": "Feature", "properties": { "census lot building footprint": 0.15842908024416746, "POP20": 50.0, "infrastructure cost adjusted for footprint ($)": 1211635.4274793896 }, "geometry": { "type": "Polygon", "coordinates": [ [ [ -122.626358999883024, 45.357250000291423 ], [ -122.62634100033965, 45.357585000373561 ], [ -122.62633200011885, 45.357748999521029 ], [ -122.626296000133806, 45.358431999949978 ], [ -122.624948999721468, 45.358418000148731 ], [ -122.624945999348412, 45.358076999546171 ], [ -122.624944999523521, 45.357927999872409 ], [ -122.624943000771992, 45.357755999820469 ], [ -122.625806999513955, 45.357751999739627 ], [ -122.625497999717453, 45.357121999576208 ], [ -122.626198000224534, 45.356589000068524 ], [ -122.626715000433464, 45.356776999850972 ], [ -122.626358999883024, 45.357250000291423 ] ] ] } },
{ "type": "Feature", "properties": { "census lot building footprint": 0.18623065716512913, "POP20": 70.0, "infrastructure cost adjusted for footprint ($)": 2066261.8973856447 }, "geometry": { "type": "Polygon", "coordinates": [ [ [ -122.62741099984423, 45.358443000197198 ], [ -122.62738400008007, 45.358623999309685 ], [ -122.627305999363955, 45.359143000225906 ], [ -122.626761999390837, 45.359134999628864 ], [ -122.626166000437479, 45.359148000677365 ], [ -122.625590999603915, 45.359140000081027 ], [ -122.624947000071657, 45.359137999773971 ], [ -122.624948999721468, 45.358418000148731 ], [ -122.626296000133806, 45.358431999949978 ], [ -122.62633200011885, 45.357748999521029 ], [ -122.62634100033965, 45.357585000373561 ], [ -122.627479999441235, 45.35784499949424 ], [ -122.62741099984423, 45.358443000197198 ] ] ] } },
{ "type": "Feature", "properties": { "census lot building footprint": 0.16793925803015547, "POP20": 12.0, "infrastructure cost adjusted for footprint ($)": 460160.25107948849 }, "geometry": { "type": "Polygon", "coordinates": [ [ [ -122.627610000035872, 45.35948699958044 ], [ -122.627300000414479, 45.359374000171755 ], [ -122.627300000414479, 45.359182000200924 ], [ -122.627305999363955, 45.359143000225906 ], [ -122.62738400008007, 45.358623999309685 ], [ -122.62806499942225, 45.358873000438194 ], [ -122.627610000035872, 45.35948699958044 ] ] ] } },
{ "type": "Feature", "properties": { "census lot building footprint": 0.14906092931193182, "POP20": 21.0, "infrastructure cost adjusted for footprint ($)": 534646.55122237338 }, "geometry": { "type": "Polygon", "coordinates": [ [ [ -122.62806499942225, 45.358873000438194 ], [ -122.62738400008007, 45.358623999309685 ], [ -122.62741099984423, 45.358443000197198 ], [ -122.627479999441235, 45.35784499949424 ], [ -122.628538000148552, 45.358232999699233 ], [ -122.62806499942225, 45.358873000438194 ] ] ] } },
{ "type": "Feature", "properties": { "census lot building footprint": 0.17348278124980993, "POP20": 21.0, "infrastructure cost adjusted for footprint ($)": 819125.64376915572 }, "geometry": { "type": "Polygon", "coordinates": [ [ [ -122.628538000148552, 45.358232999699233 ], [ -122.627479999441235, 45.35784499949424 ], [ -122.627487999837157, 45.357759000038683 ], [ -122.62757400005087, 45.35708999982559 ], [ -122.62807700001612, 45.35727199998076 ], [ -122.62900099993081, 45.357607000563902 ], [ -122.628538000148552, 45.358232999699233 ] ] ] } },
{ "type": "Feature", "properties": { "census lot building footprint": 0.20741456473037878, "POP20": 52.0, "infrastructure cost adjusted for footprint ($)": 637747.1066360136 }, "geometry": { "type": "Polygon", "coordinates": [ [ [ -122.627487999837157, 45.357759000038683 ], [ -122.627479999441235, 45.35784499949424 ], [ -122.62634100033965, 45.357585000373561 ], [ -122.626358999883024, 45.357250000291423 ], [ -122.626715000433464, 45.356776999850972 ], [ -122.62757400005087, 45.35708999982559 ], [ -122.627487999837157, 45.357759000038683 ] ] ] } },
{ "type": "Feature", "properties": { "census lot building footprint": 0.155774688618012, "POP20": 33.0, "infrastructure cost adjusted for footprint ($)": 922987.39864852827 }, "geometry": { "type": "Polygon", "coordinates": [ [ [ -122.626269000369646, 45.355621999541988 ], [ -122.626261999798615, 45.355680999928005 ], [ -122.626239000232403, 45.355742000048416 ], [ -122.626207000445348, 45.355800999678131 ], [ -122.626158999866448, 45.35586599988364 ], [ -122.626107999812845, 45.355919000015376 ], [ -122.62605599993428, 45.355964000314522 ], [ -122.625915000367272, 45.356046000403005 ], [ -122.625793999993476, 45.356143000000131 ], [ -122.625696000084176, 45.356251999993233 ], [ -122.625652999528199, 45.356317000311968 ], [ -122.625621000639441, 45.356378000378029 ], [ -122.624887999622089, 45.356100000257783 ], [ -122.624699000374534, 45.356028000439963 ], [ -122.624679000283024, 45.35597499977905 ], [ -122.624679000283052, 45.355925000015233 ], [ -122.624689000328786, 45.355869000202119 ], [ -122.624710999171768, 45.355814000230176 ], [ -122.624737999834267, 45.355767999914249 ], [ -122.624773999819297, 45.355724999886974 ], [ -122.624823000223088, 45.355678999498664 ], [ -122.624904000413935, 45.355625999773395 ], [ -122.62596599952262, 45.355086999974269 ], [ -122.626086999896444, 45.355211999889484 ], [ -122.626186000528946, 45.355347999746307 ], [ -122.626223000338882, 45.355416000183368 ], [ -122.626250999927962, 45.355484999809995 ], [ -122.626267000719821, 45.355553000082445 ], [ -122.626269000369646, 45.355621999541988 ] ] ] } },
{ "type": "Feature", "properties": { "census lot building footprint": 0.16530762871459803, "POP20": 67.0, "infrastructure cost adjusted for footprint ($)": 1915064.7815079463 }, "geometry": { "type": "Polygon", "coordinates": [ [ [ -122.626198000224534, 45.356589000068524 ], [ -122.625497999717453, 45.357121999576208 ], [ -122.625806999513955, 45.357751999739627 ], [ -122.624943000771992, 45.357755999820469 ], [ -122.624865999880782, 45.357675000180087 ], [ -122.624814999827166, 45.357634000068536 ], [ -122.624486999764116, 45.357415999515354 ], [ -122.623690000071008, 45.356885000638812 ], [ -122.623921000049677, 45.356688000391088 ], [ -122.624085000081223, 45.356550000199988 ], [ -122.624167000096961, 45.356473000267236 ], [ -122.624172000119827, 45.356425000084045 ], [ -122.624147999830384, 45.356392999939267 ], [ -122.623892999562258, 45.356184000560738 ], [ -122.624699000374534, 45.356028000439963 ], [ -122.624887999622089, 45.356100000257783 ], [ -122.625621000639441, 45.356378000378029 ], [ -122.626198000224534, 45.356589000068524 ] ] ] } },
{ "type": "Feature", "properties": { "census lot building footprint": 0.15385618182149996, "POP20": 85.0, "infrastructure cost adjusted for footprint ($)": 2738060.6118353936 }, "geometry": { "type": "Polygon", "coordinates": [ [ [ -122.628718000073604, 45.354222999585339 ], [ -122.628673999692708, 45.354267000046704 ], [ -122.628617999616182, 45.354306000226167 ], [ -122.628528000102804, 45.354355999526668 ], [ -122.628031999810275, 45.35451899990646 ], [ -122.627959000015323, 45.354540000107178 ], [ -122.627886000220386, 45.354586000158825 ], [ -122.627825999945941, 45.354630999624234 ], [ -122.627759999823724, 45.35472399945818 ], [ -122.627709000668403, 45.354779000489422 ], [ -122.62765000021885, 45.354834000204761 ], [ -122.627558999982242, 45.354872999993432 ], [ -122.627461000072913, 45.354896000519894 ], [ -122.627346999371852, 45.354909000017344 ], [ -122.627232999569003, 45.354910999842673 ], [ -122.627125000512308, 45.354897000432771 ], [ -122.626902000031208, 45.354839000405768 ], [ -122.626772000334867, 45.354820000144564 ], [ -122.626679999375042, 45.354811000284414 ], [ -122.626565999572236, 45.354829999917406 ], [ -122.626483000629875, 45.35485300046124 ], [ -122.626363000080985, 45.354902999909775 ], [ -122.62596599952262, 45.355086999974269 ], [ -122.624904000413935, 45.355625999773395 ], [ -122.624823000223088, 45.355678999498664 ], [ -122.624773999819297, 45.355724999886974 ], [ -122.624737999834267, 45.355767999914249 ], [ -122.624710999171768, 45.355814000230176 ], [ -122.624689000328786, 45.355869000202119 ], [ -122.624679000283052, 45.355925000015233 ], [ -122.624679000283024, 45.35597499977905 ], [ -122.624699000374534, 45.356028000439963 ], [ -122.623892999562258, 45.356184000560738 ], [ -122.622890999829735, 45.356442999920795 ], [ -122.622166999931579, 45.356647000195643 ], [ -122.621940000150857, 45.356705000263254 ], [ -122.62187400002864, 45.356660999803815 ], [ -122.621838999868501, 45.356626000145617 ], [ -122.621811000279422, 45.356568999880352 ], [ -122.62180000040874, 45.356493000489422 ], [ -122.621819000675316, 45.356423999566914 ], [ -122.621845999541193, 45.356369000134428 ], [ -122.62189999996788, 45.356321000494212 ], [ -122.622158999535657, 45.356169999572032 ], [ -122.624119000416385, 45.355031000594316 ], [ -122.626926000320665, 45.353630000675956 ], [ -122.626992999369506, 45.353708999294717 ], [ -122.627032999552455, 45.353748999791918 ], [ -122.627080000306464, 45.353780000236682 ], [ -122.627133000009891, 45.353802000012578 ], [ -122.627178000215764, 45.353814999761347 ], [ -122.627445000179435, 45.353838000086505 ], [ -122.628258999590969, 45.353892000154445 ], [ -122.628400999881222, 45.353919000169107 ], [ -122.628509000734539, 45.353954000239071 ], [ -122.628603000445892, 45.35400100069576 ], [ -122.62870799912956, 45.354069000226389 ], [ -122.628795000066489, 45.354132000043492 ], [ -122.628718000073604, 45.354222999585339 ] ] ] } },
{ "type": "Feature", "properties": { "census lot building footprint": 0.078008689616955659, "POP20": 212.0, "infrastructure cost adjusted for footprint ($)": 11149103.130468652 }, "geometry": { "type": "Polygon", "coordinates": [ [ [ -122.631760999979434, 45.351233999629379 ], [ -122.631651000374561, 45.351253999809209 ], [ -122.631530000000765, 45.351291999563216 ], [ -122.63122700005205, 45.351436999769192 ], [ -122.630929000126244, 45.351599000378414 ], [ -122.630871000399893, 45.351645999634464 ], [ -122.630668000010331, 45.351842999758453 ], [ -122.630589000367593, 45.35191400051626 ], [ -122.629258999673709, 45.352551000263311 ], [ -122.628225000154131, 45.353045999482745 ], [ -122.626926000320665, 45.353630000675956 ], [ -122.624119000416385, 45.355031000594316 ], [ -122.622158999535657, 45.356169999572032 ], [ -122.62189999996788, 45.356321000494212 ], [ -122.621845999541193, 45.356369000134428 ], [ -122.621819000675316, 45.356423999566914 ], [ -122.62180000040874, 45.356493000489422 ], [ -122.621811000279422, 45.356568999880352 ], [ -122.621838999868501, 45.356626000145617 ], [ -122.62187400002864, 45.356660999803815 ], [ -122.621940000150857, 45.356705000263254 ], [ -122.621260999560178, 45.35691599999695 ], [ -122.62115800052635, 45.35696400039491 ], [ -122.621072000312608, 45.357025999638871 ], [ -122.620577999669891, 45.357402000093941 ], [ -122.620477999212454, 45.35746199975415 ], [ -122.620422999859187, 45.357477999526552 ], [ -122.620350000064235, 45.357491000324544 ], [ -122.619199000368809, 45.357506000221932 ], [ -122.618369000165416, 45.357529000309405 ], [ -122.617699999620498, 45.357544000196775 ], [ -122.618274999555766, 45.357179000546893 ], [ -122.618698000053385, 45.356939000324211 ], [ -122.61950100049259, 45.356520999778532 ], [ -122.621280999651702, 45.355475000152936 ], [ -122.622028000014382, 45.355028000231421 ], [ -122.622347000754957, 45.35483400020474 ], [ -122.622868000263523, 45.354504000479835 ], [ -122.623367999855716, 45.354207000155178 ], [ -122.623999999692401, 45.353861000402283 ], [ -122.624998999950179, 45.35328499986182 ], [ -122.625548999771084, 45.352957999783676 ], [ -122.626005999705598, 45.352651999979898 ], [ -122.626436999700786, 45.352400000644558 ], [ -122.628934999808607, 45.351095999395348 ], [ -122.629249000526286, 45.350970999858184 ], [ -122.629544000079036, 45.350847000029468 ], [ -122.629819999365239, 45.350723000560315 ], [ -122.630534000116029, 45.350450000394858 ], [ -122.631004000469304, 45.350867999698799 ], [ -122.631585000252343, 45.350853999920062 ], [ -122.631878000155282, 45.351220999919008 ], [ -122.631760999979434, 45.351233999629379 ] ] ] } },
{ "type": "Feature", "properties": { "census lot building footprint": 0.18067695524805433, "POP20": 106.0, "infrastructure cost adjusted for footprint ($)": 3350878.9239686169 }, "geometry": { "type": "Polygon", "coordinates": [ [ [ -122.630762999546548, 45.355141000112944 ], [ -122.630221000121566, 45.355867000410591 ], [ -122.628456999957692, 45.355264000096149 ], [ -122.628433000566559, 45.35525700011965 ], [ -122.628406999728981, 45.355259999839134 ], [ -122.628364000071272, 45.355278000046496 ], [ -122.627877999824477, 45.355643999864284 ], [ -122.627819000273249, 45.355694000507647 ], [ -122.627797999458537, 45.355735000131055 ], [ -122.627807000577675, 45.355774000561347 ], [ -122.627832999618647, 45.355804 ], [ -122.628107999978255, 45.355971999466234 ], [ -122.6279780002819, 45.356061000052229 ], [ -122.627862999755862, 45.356151999648453 ], [ -122.627782000463327, 45.356229000017919 ], [ -122.62774200028035, 45.356274999959155 ], [ -122.627715999442771, 45.356316000424165 ], [ -122.627690000401799, 45.356386999988999 ], [ -122.627677999807958, 45.356423999566914 ], [ -122.627671000135251, 45.356497000659239 ], [ -122.62757400005087, 45.35708999982559 ], [ -122.626715000433464, 45.356776999850972 ], [ -122.626198000224534, 45.356589000068524 ], [ -122.625621000639441, 45.356378000378029 ], [ -122.625652999528199, 45.356317000311968 ], [ -122.625696000084176, 45.356251999993233 ], [ -122.625793999993476, 45.356143000000131 ], [ -122.625915000367272, 45.356046000403005 ], [ -122.62605599993428, 45.355964000314522 ], [ -122.626107999812845, 45.355919000015376 ], [ -122.626158999866448, 45.35586599988364 ], [ -122.626207000445348, 45.355800999678131 ], [ -122.626239000232403, 45.355742000048416 ], [ -122.626261999798615, 45.355680999928005 ], [ -122.626269000369646, 45.355621999541988 ], [ -122.626267000719821, 45.355553000082445 ], [ -122.626250999927962, 45.355484999809995 ], [ -122.626223000338882, 45.355416000183368 ], [ -122.626186000528946, 45.355347999746307 ], [ -122.626086999896444, 45.355211999889484 ], [ -122.62596599952262, 45.355086999974269 ], [ -122.626363000080985, 45.354902999909775 ], [ -122.626483000629875, 45.35485300046124 ], [ -122.626565999572236, 45.354829999917406 ], [ -122.626679999375042, 45.354811000284414 ], [ -122.626772000334867, 45.354820000144564 ], [ -122.626902000031208, 45.354839000405768 ], [ -122.627125000512308, 45.354897000432771 ], [ -122.627232999569003, 45.354910999842673 ], [ -122.627346999371852, 45.354909000017344 ], [ -122.627461000072913, 45.354896000519894 ], [ -122.627558999982242, 45.354872999993432 ], [ -122.62765000021885, 45.354834000204761 ], [ -122.627709000668403, 45.354779000489422 ], [ -122.627759999823724, 45.35472399945818 ], [ -122.627825999945941, 45.354630999624234 ], [ -122.627886000220386, 45.354586000158825 ], [ -122.627959000015323, 45.354540000107178 ], [ -122.628031999810275, 45.35451899990646 ], [ -122.628528000102804, 45.354355999526668 ], [ -122.628617999616182, 45.354306000226167 ], [ -122.628673999692708, 45.354267000046704 ], [ -122.628718000073604, 45.354222999585339 ], [ -122.628795000066489, 45.354132000043492 ], [ -122.629034000441081, 45.354001999361941 ], [ -122.629143000221063, 45.35395500016859 ], [ -122.629271000267551, 45.353914999817029 ], [ -122.629380000047533, 45.353885999939024 ], [ -122.629523999987569, 45.353856000114895 ], [ -122.62976399928877, 45.353826999575347 ], [ -122.629821999913375, 45.353966000023576 ], [ -122.629936999541115, 45.354220999735752 ], [ -122.629972000599523, 45.354296999652981 ], [ -122.63002900050094, 45.35440300028074 ], [ -122.630111000516692, 45.354535999799012 ], [ -122.630175999915721, 45.354647999483085 ], [ -122.630354000190934, 45.354844999888911 ], [ -122.630481000412559, 45.35496099987116 ], [ -122.630664999637276, 45.355085000155171 ], [ -122.630762999546548, 45.355141000112944 ] ] ] } },
{ "type": "Feature", "properties": { "census lot building footprint": 0.12164826164805112, "POP20": 18.0, "infrastructure cost adjusted for footprint ($)": 444124.43480265344 }, "geometry": { "type": "Polygon", "coordinates": [ [ [ -122.632763999536877, 45.350912000243419 ], [ -122.632474999831885, 45.35106599998614 ], [ -122.632288000234141, 45.351136999824774 ], [ -122.632121999654458, 45.35118500007426 ], [ -122.631992999783037, 45.351208000205737 ], [ -122.631878000155282, 45.351220999919008 ], [ -122.631585000252343, 45.350853999920062 ], [ -122.631004000469304, 45.350867999698799 ], [ -122.630534000116029, 45.350450000394858 ], [ -122.630835999341471, 45.350334000635854 ], [ -122.631408999626942, 45.350152000262824 ], [ -122.632371000074798, 45.349905000533923 ], [ -122.632568000616658, 45.350357999843624 ], [ -122.632763999536877, 45.350912000243419 ] ] ] } },
{ "type": "Feature", "properties": { "census lot building footprint": 0.19847444619616317, "POP20": 236.0, "infrastructure cost adjusted for footprint ($)": 5068939.7487854874 }, "geometry": { "type": "Polygon", "coordinates": [ [ [ -122.633385000401191, 45.352678999954875 ], [ -122.633113000414639, 45.352856999981839 ], [ -122.632982999819973, 45.352931999889385 ], [ -122.632976999972215, 45.353100000306434 ], [ -122.632996000238762, 45.353236000188573 ], [ -122.633002999911469, 45.353435000336979 ], [ -122.632998999713507, 45.353536999675455 ], [ -122.632959999355478, 45.353795999787579 ], [ -122.632954000405974, 45.353865999426766 ], [ -122.632966999926452, 45.353970999670061 ], [ -122.633014000680447, 45.354088000108455 ], [ -122.633058999987981, 45.354311000473842 ], [ -122.633047000292393, 45.354412999495985 ], [ -122.632997000063682, 45.354500000169054 ], [ -122.632886999560526, 45.354621000447516 ], [ -122.632707999460379, 45.35472599992125 ], [ -122.632549999276634, 45.354778000574491 ], [ -122.63240600023488, 45.354806999995418 ], [ -122.632227000134762, 45.354807999909873 ], [ -122.632084999844537, 45.354792000013788 ], [ -122.631899999896604, 45.354736000341958 ], [ -122.631654999674225, 45.354637000391925 ], [ -122.631500999688441, 45.354585000240441 ], [ -122.631381999862725, 45.354551999767445 ], [ -122.631174000348608, 45.354507000239224 ], [ -122.630989999327269, 45.354486000026284 ], [ -122.630863999828875, 45.354478999953578 ], [ -122.63072199953865, 45.354473999720703 ], [ -122.630452000100234, 45.354478999953564 ], [ -122.630248999710645, 45.354501000088987 ], [ -122.630111000516692, 45.354535999799012 ], [ -122.63002900050094, 45.35440300028074 ], [ -122.629972000599523, 45.354296999652981 ], [ -122.629936999541115, 45.354220999735752 ], [ -122.629821999913375, 45.353966000023576 ], [ -122.62976399928877, 45.353826999575347 ], [ -122.629523999987569, 45.353856000114895 ], [ -122.629380000047533, 45.353885999939024 ], [ -122.629271000267551, 45.353914999817029 ], [ -122.629143000221063, 45.35395500016859 ], [ -122.629034000441081, 45.354001999361941 ], [ -122.628795000066489, 45.354132000043492 ], [ -122.62870799912956, 45.354069000226389 ], [ -122.628603000445892, 45.35400100069576 ], [ -122.628509000734539, 45.353954000239071 ], [ -122.628400999881222, 45.353919000169107 ], [ -122.628258999590969, 45.353892000154445 ], [ -122.627445000179435, 45.353838000086505 ], [ -122.627178000215764, 45.353814999761347 ], [ -122.627133000009891, 45.353802000012578 ], [ -122.627080000306464, 45.353780000236682 ], [ -122.627032999552455, 45.353748999791918 ], [ -122.626992999369506, 45.353708999294717 ], [ -122.626926000320665, 45.353630000675956 ], [ -122.628225000154131, 45.353045999482745 ], [ -122.629258999673709, 45.352551000263311 ], [ -122.630589000367593, 45.35191400051626 ], [ -122.630668000010331, 45.351842999758453 ], [ -122.630871000399893, 45.351645999634464 ], [ -122.630929000126244, 45.351599000378414 ], [ -122.63122700005205, 45.351436999769192 ], [ -122.631530000000765, 45.351291999563216 ], [ -122.631651000374561, 45.351253999809209 ], [ -122.631760999979434, 45.351233999629379 ], [ -122.631878000155282, 45.351220999919008 ], [ -122.631797999789356, 45.351315999627282 ], [ -122.632068999951017, 45.351545999357263 ], [ -122.632354999282953, 45.35154599935727 ], [ -122.632523000410757, 45.351695000053006 ], [ -122.632589999459626, 45.351811000179111 ], [ -122.632549999276634, 45.351983999958058 ], [ -122.632509000167019, 45.35206500016907 ], [ -122.632495999748258, 45.352191999736569 ], [ -122.632682000419422, 45.352257000299737 ], [ -122.633203999752908, 45.352576000378676 ], [ -122.633385000401191, 45.352678999954875 ] ] ] } },
{ "type": "Feature", "properties": { "census lot building footprint": 0.18250802579106423, "POP20": 157.0, "infrastructure cost adjusted for footprint ($)": 2726515.7333445963 }, "geometry": { "type": "Polygon", "coordinates": [ [ [ -122.635880000135955, 45.356064000360341 ], [ -122.635860000044474, 45.35632699982024 ], [ -122.635773999830732, 45.356328999595441 ], [ -122.635317000794572, 45.356347999981217 ], [ -122.634936999954647, 45.356355000454016 ], [ -122.634709000349019, 45.356401999547813 ], [ -122.634518999479909, 45.35641700036517 ], [ -122.634351000148754, 45.356414000075766 ], [ -122.634213000056491, 45.35639500034339 ], [ -122.634005000542331, 45.356340000251485 ], [ -122.633235999539963, 45.35607999989675 ], [ -122.633092000498252, 45.356007000160183 ], [ -122.632961999903571, 45.355907000013708 ], [ -122.632827000184378, 45.355836999742863 ], [ -122.632401000212042, 45.35569299997757 ], [ -122.632032999965986, 45.355579000666282 ], [ -122.631125999769708, 45.355257000119664 ], [ -122.630762999546548, 45.355141000112944 ], [ -122.630664999637276, 45.355085000155171 ], [ -122.630481000412559, 45.35496099987116 ], [ -122.630354000190934, 45.354844999888911 ], [ -122.630175999915721, 45.354647999483085 ], [ -122.630111000516692, 45.354535999799012 ], [ -122.630248999710645, 45.354501000088987 ], [ -122.630452000100234, 45.354478999953564 ], [ -122.63072199953865, 45.354473999720703 ], [ -122.630863999828875, 45.354478999953578 ], [ -122.630989999327269, 45.354486000026284 ], [ -122.631174000348608, 45.354507000239224 ], [ -122.631381999862725, 45.354551999767445 ], [ -122.631500999688441, 45.354585000240441 ], [ -122.631654999674225, 45.354637000391925 ], [ -122.631899999896604, 45.354736000341958 ], [ -122.632084999844537, 45.354792000013788 ], [ -122.632227000134762, 45.354807999909873 ], [ -122.63240600023488, 45.354806999995418 ], [ -122.632549999276634, 45.354778000574491 ], [ -122.632707999460379, 45.35472599992125 ], [ -122.632886999560526, 45.354621000447516 ], [ -122.632997000063682, 45.354500000169054 ], [ -122.633047000292393, 45.354412999495985 ], [ -122.633058999987981, 45.354311000473842 ], [ -122.633014000680447, 45.354088000108455 ], [ -122.632966999926452, 45.353970999670061 ], [ -122.632954000405974, 45.353865999426766 ], [ -122.632959999355478, 45.353795999787579 ], [ -122.632998999713507, 45.353536999675455 ], [ -122.633002999911469, 45.353435000336979 ], [ -122.632996000238762, 45.353236000188573 ], [ -122.632976999972215, 45.353100000306434 ], [ -122.632982999819973, 45.352931999889385 ], [ -122.633113000414639, 45.352856999981839 ], [ -122.633385000401191, 45.352678999954875 ], [ -122.633727999634587, 45.353038999863223 ], [ -122.633918999430279, 45.353286999744512 ], [ -122.634087000558083, 45.353538999549265 ], [ -122.63428499912817, 45.353904999882538 ], [ -122.634383999760686, 45.353839999949656 ], [ -122.634575000454703, 45.354059999615501 ], [ -122.634665999792986, 45.354163999572997 ], [ -122.634864999984615, 45.354361999692259 ], [ -122.63499499968097, 45.354480999794063 ], [ -122.635062000526418, 45.354509999367174 ], [ -122.635100999986179, 45.354527000524939 ], [ -122.635177999979078, 45.354613999760247 ], [ -122.635191000397853, 45.354639000226847 ], [ -122.635299999279482, 45.354842999430012 ], [ -122.635529000506665, 45.355011000486726 ], [ -122.635689000340221, 45.355202000184157 ], [ -122.635787999176102, 45.355407999690556 ], [ -122.635864000242449, 45.355732000436774 ], [ -122.635880000135955, 45.356064000360341 ] ] ] } },
{ "type": "Feature", "properties": { "census lot building footprint": 0.29474940580148479, "POP20": 50.0, "infrastructure cost adjusted for footprint ($)": 1018072.986939128 }, "geometry": { "type": "Polygon", "coordinates": [ [ [ -122.634555000363221, 45.352479999673307 ], [ -122.633847000358557, 45.352544999905689 ], [ -122.633613000006832, 45.352578999608994 ], [ -122.633544999336465, 45.352598999944831 ], [ -122.633406000317606, 45.352664999992818 ], [ -122.633385000401191, 45.352678999954875 ], [ -122.633203999752908, 45.352576000378676 ], [ -122.632682000419422, 45.352257000299737 ], [ -122.632495999748258, 45.352191999736569 ], [ -122.632509000167019, 45.35206500016907 ], [ -122.632549999276634, 45.351983999958058 ], [ -122.632589999459626, 45.351811000179111 ], [ -122.632523000410757, 45.351695000053006 ], [ -122.632354999282953, 45.35154599935727 ], [ -122.632068999951017, 45.351545999357263 ], [ -122.631797999789356, 45.351315999627282 ], [ -122.631878000155282, 45.351220999919008 ], [ -122.631992999783037, 45.351208000205737 ], [ -122.632121999654458, 45.35118500007426 ], [ -122.632288000234141, 45.351136999824774 ], [ -122.632474999831885, 45.35106599998614 ], [ -122.632559000395759, 45.351164999870036 ], [ -122.632693000290089, 45.351278999866196 ], [ -122.632775000305855, 45.3513280006025 ], [ -122.633994999598258, 45.351818999917818 ], [ -122.634069000116426, 45.351852000090581 ], [ -122.634197999987848, 45.351925000136646 ], [ -122.63425300023944, 45.351974999646878 ], [ -122.634296999722039, 45.352022999816931 ], [ -122.634371000240208, 45.352128999653708 ], [ -122.634555000363221, 45.352479999673307 ] ] ] } },
{ "type": "Feature", "properties": { "census lot building footprint": 0.13020041414080843, "POP20": 14.0, "infrastructure cost adjusted for footprint ($)": 669856.93659836415 }, "geometry": { "type": "Polygon", "coordinates": [ [ [ -122.634854000113947, 45.353953000309509 ], [ -122.634755999306392, 45.353993000002966 ], [ -122.634643000226774, 45.354032000371198 ], [ -122.634575000454703, 45.354059999615501 ], [ -122.634383999760686, 45.353839999949656 ], [ -122.63428499912817, 45.353904999882538 ], [ -122.634087000558083, 45.353538999549265 ], [ -122.633918999430279, 45.353286999744512 ], [ -122.633727999634587, 45.353038999863223 ], [ -122.633385000401191, 45.352678999954875 ], [ -122.633406000317606, 45.352664999992818 ], [ -122.633544999336465, 45.352598999944831 ], [ -122.633613000006832, 45.352578999608994 ], [ -122.633847000358557, 45.352544999905689 ], [ -122.634555000363221, 45.352479999673307 ], [ -122.634574000629826, 45.352595000130719 ], [ -122.634562999860833, 45.352708000451379 ], [ -122.634487999517773, 45.352962000203334 ], [ -122.634456000629058, 45.353119000513843 ], [ -122.634452000431054, 45.353200000363046 ], [ -122.634469999974399, 45.353296000478345 ], [ -122.634576000279623, 45.353466000322491 ], [ -122.634655000820644, 45.353544999801464 ], [ -122.634733999565043, 45.353602999892139 ], [ -122.63502300016836, 45.35379699971989 ], [ -122.634854000113947, 45.353953000309509 ] ] ] } },
{ "type": "Feature", "properties": { "census lot building footprint": 0.1744929484677421, "POP20": 61.0, "infrastructure cost adjusted for footprint ($)": 2685626.8275549528 }, "geometry": { "type": "Polygon", "coordinates": [ [ [ -122.638175999679035, 45.356279000144397 ], [ -122.638147999191645, 45.356387999875537 ], [ -122.637861999859695, 45.356362999550406 ], [ -122.637358999894431, 45.356308999946549 ], [ -122.636527000041227, 45.356313000129411 ], [ -122.635860000044474, 45.35632699982024 ], [ -122.635880000135955, 45.356064000360341 ], [ -122.635864000242449, 45.355732000436774 ], [ -122.635787999176102, 45.355407999690556 ], [ -122.635689000340221, 45.355202000184157 ], [ -122.635529000506665, 45.355011000486726 ], [ -122.635299999279482, 45.354842999430012 ], [ -122.635191000397853, 45.354639000226847 ], [ -122.635177999979078, 45.354613999760247 ], [ -122.635100999986179, 45.354527000524939 ], [ -122.635062000526418, 45.354509999367174 ], [ -122.63499499968097, 45.354480999794063 ], [ -122.634864999984615, 45.354361999692259 ], [ -122.634665999792986, 45.354163999572997 ], [ -122.634575000454703, 45.354059999615501 ], [ -122.634643000226774, 45.354032000371198 ], [ -122.634755999306392, 45.353993000002966 ], [ -122.634854000113947, 45.353953000309509 ], [ -122.63502300016836, 45.35379699971989 ], [ -122.635415000703816, 45.354075000422377 ], [ -122.635571000339453, 45.35415200046176 ], [ -122.635741000218786, 45.354208000080249 ], [ -122.636116999962383, 45.354271000373863 ], [ -122.636387000299138, 45.354352000467976 ], [ -122.636503000650094, 45.354392999801199 ], [ -122.636595999638217, 45.354439999893295 ], [ -122.636701000118506, 45.354510999918141 ], [ -122.636890000264387, 45.354640000144272 ], [ -122.63737300013814, 45.35490999992998 ], [ -122.637703999675949, 45.355088000515032 ], [ -122.637836999745332, 45.355171000518403 ], [ -122.637909000613675, 45.355250999417727 ], [ -122.637996999578917, 45.355401000363202 ], [ -122.63803399938881, 45.355544999608988 ], [ -122.638185000798217, 45.356111999587313 ], [ -122.638175999679035, 45.356279000144397 ] ] ] } },
{ "type": "Feature", "properties": { "census lot building footprint": 0.16031105473748442, "POP20": 104.0, "infrastructure cost adjusted for footprint ($)": 5277661.2661283035 }, "geometry": { "type": "Polygon", "coordinates": [ [ [ -122.64058699974818, 45.352266999894134 ], [ -122.640379000234063, 45.352356999951986 ], [ -122.640275999403585, 45.352419000455697 ], [ -122.64018000004242, 45.352486000037842 ], [ -122.640090000529042, 45.352557000620259 ], [ -122.64000699979006, 45.35263300024701 ], [ -122.639933000170217, 45.352713000208972 ], [ -122.639783000382394, 45.35285299955472 ], [ -122.639712000237253, 45.352997000233913 ], [ -122.639685000473094, 45.353072999901073 ], [ -122.639656999985675, 45.353342999587639 ], [ -122.639658999635515, 45.353396999496709 ], [ -122.639665000381598, 45.353568000236372 ], [ -122.639625000198649, 45.353719999828819 ], [ -122.639596999711216, 45.353774000009373 ], [ -122.63953800016003, 45.353845000238465 ], [ -122.639463999641848, 45.353900000230254 ], [ -122.639396999694711, 45.35394200045198 ], [ -122.639102999966809, 45.354052000193555 ], [ -122.638740999568583, 45.354157999386452 ], [ -122.638386999566265, 45.354283000091208 ], [ -122.638263000615993, 45.354341999979482 ], [ -122.638222000608096, 45.354361999692266 ], [ -122.638071999921976, 45.354417999734174 ], [ -122.637840000118388, 45.354535999799026 ], [ -122.637608000314813, 45.354664000682405 ], [ -122.63752700012391, 45.35474100055162 ], [ -122.63737300013814, 45.35490999992998 ], [ -122.636890000264387, 45.354640000144272 ], [ -122.636701000118506, 45.354510999918141 ], [ -122.636595999638217, 45.354439999893295 ], [ -122.636503000650094, 45.354392999801199 ], [ -122.636387000299138, 45.354352000467976 ], [ -122.636116999962383, 45.354271000373863 ], [ -122.635741000218786, 45.354208000080249 ], [ -122.635571000339453, 45.35415200046176 ], [ -122.635415000703816, 45.354075000422377 ], [ -122.63502300016836, 45.35379699971989 ], [ -122.634733999565043, 45.353602999892139 ], [ -122.634655000820644, 45.353544999801464 ], [ -122.634576000279623, 45.353466000322491 ], [ -122.634469999974399, 45.353296000478345 ], [ -122.634452000431054, 45.353200000363046 ], [ -122.634456000629058, 45.353119000513843 ], [ -122.634487999517773, 45.352962000203334 ], [ -122.634562999860833, 45.352708000451379 ], [ -122.634574000629826, 45.352595000130719 ], [ -122.634555000363221, 45.352479999673307 ], [ -122.634371000240208, 45.352128999653708 ], [ -122.635127999750338, 45.351907000125387 ], [ -122.635482999577604, 45.351809000244245 ], [ -122.635655999829964, 45.351784999757925 ], [ -122.635988999915881, 45.351768000301604 ], [ -122.636833000362969, 45.351773000142224 ], [ -122.63712100024307, 45.351783999790044 ], [ -122.637210999756434, 45.351800999872829 ], [ -122.637989000081291, 45.351989000410867 ], [ -122.63811499957967, 45.352014999475784 ], [ -122.63825600004499, 45.352027000302726 ], [ -122.638471000130139, 45.352030000193466 ], [ -122.639495999428874, 45.352011000251728 ], [ -122.639647000838252, 45.352000999980774 ], [ -122.639881999218261, 45.35197000045536 ], [ -122.640048999622863, 45.351964000036205 ], [ -122.64016499997382, 45.351982999993723 ], [ -122.64026500043127, 45.352019999925872 ], [ -122.640360999792378, 45.352070000614781 ], [ -122.640478999793146, 45.352146000264135 ], [ -122.64058699974818, 45.352266999894134 ] ] ] } },
{ "type": "Feature", "properties": { "census lot building footprint": 0.0075199655446631661, "POP20": 21.0, "infrastructure cost adjusted for footprint ($)": 119611665.76117392 }, "geometry": { "type": "Polygon", "coordinates": [ [ [ -122.631915999790138, 45.349060000254653 ], [ -122.63171499994867, 45.34912500062692 ], [ -122.631257000189265, 45.349282999598486 ], [ -122.629822999738295, 45.34981799974144 ], [ -122.62972800020205, 45.349852999822374 ], [ -122.628765999754222, 45.350187000137176 ], [ -122.628497000140698, 45.350276000351599 ], [ -122.628102999955388, 45.350423999979782 ], [ -122.627828000494091, 45.350536999584591 ], [ -122.627094999476753, 45.350814999886957 ], [ -122.6268109997946, 45.350926999990762 ], [ -122.626560000622788, 45.351038999872983 ], [ -122.625847999521824, 45.35145200000877 ], [ -122.625207000362664, 45.351833000089144 ], [ -122.624270999854048, 45.352454000190747 ], [ -122.623536999910129, 45.352912999619228 ], [ -122.62241800000173, 45.353703000322469 ], [ -122.620691000546103, 45.354838000491867 ], [ -122.620345000041368, 45.355100000059096 ], [ -122.619416000103769, 45.355747000169224 ], [ -122.618700000601507, 45.356107000129995 ], [ -122.618407000698568, 45.356230999796608 ], [ -122.616923000018886, 45.356942000585775 ], [ -122.616910999425016, 45.35694799984595 ], [ -122.616742000268914, 45.357014999747385 ], [ -122.616579999887222, 45.35708999982559 ], [ -122.61638900009153, 45.357195000399294 ], [ -122.616245000151437, 45.357286999936285 ], [ -122.616110999358852, 45.357386000300096 ], [ -122.6159880002335, 45.357491000324544 ], [ -122.615902000019787, 45.357573999959513 ], [ -122.615598000246152, 45.357894000226565 ], [ -122.615426999643617, 45.358057999740943 ], [ -122.615154999657037, 45.358295999930441 ], [ -122.615004999869214, 45.358415999816131 ], [ -122.614244000161136, 45.358927000120069 ], [ -122.613713999533388, 45.359237999891491 ], [ -122.613485000102841, 45.359385999438189 ], [ -122.613293000482244, 45.35954299960035 ], [ -122.613152999841816, 45.35966399982614 ], [ -122.612921000038227, 45.359900999748035 ], [ -122.612828999976713, 45.360026000391024 ], [ -122.612721999846599, 45.360202000393798 ], [ -122.612615000614809, 45.360404999925173 ], [ -122.612571000233899, 45.360529000272457 ], [ -122.612503999388409, 45.360661999910199 ], [ -122.612405999479108, 45.360765000549129 ], [ -122.612335000232306, 45.360812999575529 ], [ -122.612246000543863, 45.360844000568868 ], [ -122.612156999957108, 45.360870999791338 ], [ -122.612055999674737, 45.360889999914392 ], [ -122.611916999757568, 45.360884000440954 ], [ -122.611717000639288, 45.360847999799951 ], [ -122.611506000752144, 45.36081799987943 ], [ -122.610870999644092, 45.36072499996169 ], [ -122.610648999886237, 45.360681000103455 ], [ -122.610438999823984, 45.360606000366595 ], [ -122.610340999914669, 45.360563000228559 ], [ -122.610489000052723, 45.360398999769089 ], [ -122.61055100087529, 45.360296000357486 ], [ -122.610568000593702, 45.360257000519077 ], [ -122.61058100011418, 45.360207999939512 ], [ -122.610585000312156, 45.360165999950027 ], [ -122.610576999916233, 45.360108999463513 ], [ -122.610556999824738, 45.360059000196507 ], [ -122.611593999717357, 45.359422999579976 ], [ -122.611526000843639, 45.359350999571831 ], [ -122.611469999868831, 45.359302000101245 ], [ -122.61140000044692, 45.359266000347262 ], [ -122.611313999334925, 45.359229999939117 ], [ -122.611242000263175, 45.3592219999856 ], [ -122.611134000308198, 45.359227999635237 ], [ -122.611025999454796, 45.359247000310027 ], [ -122.610836000382335, 45.359300000431141 ], [ -122.610633999817665, 45.359371000039147 ], [ -122.610344000287739, 45.359495000127744 ], [ -122.610261999373662, 45.359554000262818 ], [ -122.610204999472259, 45.35962900013174 ], [ -122.610070999577928, 45.35950199957994 ], [ -122.610633999817665, 45.359210999889832 ], [ -122.611243999913015, 45.359073999378744 ], [ -122.611565000303386, 45.358939999953968 ], [ -122.611832000267057, 45.358764999657403 ], [ -122.612601999297667, 45.358062999657072 ], [ -122.612976000289805, 45.357758000176389 ], [ -122.616661000078054, 45.356316000424179 ], [ -122.621413999721057, 45.352934999732128 ], [ -122.621483000216372, 45.35288600038718 ], [ -122.622962999799768, 45.352103999972115 ], [ -122.623444000023696, 45.351543000703479 ], [ -122.624145999282248, 45.350937000451466 ], [ -122.624756000275951, 45.350468000238166 ], [ -122.625709999429574, 45.349827000395614 ], [ -122.625983999964276, 45.349681999852876 ], [ -122.626647999588016, 45.349421999843337 ], [ -122.627440999981459, 45.34889999999168 ], [ -122.628402999531033, 45.348369999520216 ], [ -122.628660000347296, 45.348243000215177 ], [ -122.628799000264465, 45.348174999997852 ], [ -122.629226999886626, 45.34802199999946 ], [ -122.631145999861189, 45.347468999766804 ], [ -122.631276000455856, 45.347721999631489 ], [ -122.631331999634043, 45.347831000060623 ], [ -122.631667000268109, 45.348484999490204 ], [ -122.631959000346185, 45.349047999429914 ], [ -122.631915999790138, 45.349060000254653 ] ] ] } }
]
}
